Group,Hemisphere,Fragment,Pos_x,Pos_y,Pos_z,Size
g001,Right,Neuron,29066.718531687537,60353.44567679558,40332.82964329324,3
g001,Right,Dendrite,28114.51988588162,57074.86403476096,39328.98798579638,3
g001,Right,Axon,29351.250426891384,61332.771347769485,40632.65442049692,3
g001,Left,Neuron,76978.36167891156,59983.826079837854,39352.40104861319,3
g001,Left,Dendrite,76880.74761904402,59224.12258366672,39210.39400090307,3
g001,Left,Axon,76938.89285103751,60538.23979227036,39502.76574847525,3
g002,Right,Neuron,30846.78901018191,55748.10694829801,43063.877388668465,7
g002,Right,Dendrite,30745.155402359254,57586.547378985575,42977.87473252601,7
g002,Right,Axon,30946.066404274057,55435.53733013217,43036.88448040961,7
g002,Left,Neuron,75376.06743194182,55083.70217413735,42623.37500883112,7
g002,Left,Dendrite,74445.26626852436,56354.569399282394,42495.346853086274,7
g002,Left,Axon,75558.21284142214,55949.75746041175,43063.21258588784,7
g003,Right,Neuron,30556.938453682276,59177.0063816838,39564.573988777076,3
g003,Right,Dendrite,30297.955794402136,58056.489918016574,39447.53111108244,3
g003,Right,Axon,30633.50737956572,59619.668211714146,39586.54077163551,3
g003,Left,Neuron,76484.83064030067,60032.95908206723,39395.66988849643,3
g003,Left,Dendrite,76519.77663600176,59623.309033456055,39286.43049844235,3
g003,Left,Axon,76385.8727997109,60272.416509429895,39679.97520822947,3
g004,Right,Neuron,27585.78484287318,57129.39638755003,36439.931534707386,2
g004,Right,Dendrite,28392.22456591899,57556.418639167605,35740.11685179325,2
g004,Right,Axon,27235.06213096179,56943.734661917464,36744.25104349209,2
g004,Left,Neuron,77351.61535299971,57643.515597916856,36227.64111806459,2
g004,Left,Dendrite,78078.70622145823,58175.17119056776,35961.719224528184,2
g004,Left,Axon,76507.02436546549,56984.04655786067,36414.51619154343,2
g005,Right,Neuron,29410.811237476188,58825.06818170972,36605.7305804646,4
g005,Right,Dendrite,28603.459331321057,58296.527758394324,36370.9844651565,4
g005,Right,Axon,29943.75564086431,59202.97150349007,36771.63460555971,4
g005,Left,Neuron,75515.60299993123,58719.29509957152,36521.25756980968,4
g005,Left,Dendrite,75690.38319102014,58598.00491648805,36386.93994945497,4
g005,Left,Axon,75406.08460949776,58787.9918206546,36585.46064888384,4
g006,Right,Neuron,28389.554076798835,56849.125562582725,39980.713629445556,2
g006,Right,Dendrite,28187.182765114758,57512.61195900772,40674.86972548864,2
g006,Right,Axon,28570.063461856513,56257.19806918951,39361.430674481206,2
g006,Left,Neuron,77159.54372219607,57475.61509879066,38635.73689765239,2
g006,Left,Dendrite,77283.80829929461,57912.5944989801,38977.1998657167,2
g006,Left,Axon,77052.32786177409,57179.80701761973,38435.570526591284,2
g007,Right,Neuron,29842.835526171017,56239.39777681086,38807.17109413855,2
g007,Right,Dendrite,29688.651274316573,56114.69409145756,39364.45597594891,2
g007,Right,Axon,30141.411641683095,56193.229510048426,38066.42337584459,2
g007,Left,Neuron,75911.47393458667,57223.07618190518,37703.592958834386,2
g007,Left,Dendrite,79728.7990532398,59015.04028667084,39098.051487072495,2
g007,Left,Axon,74697.40686146905,56616.778195317165,37198.22935010247,2
g008,Right,Neuron,26029.123077958302,54981.30563443536,38990.72894489615,2
g008,Right,Dendrite,26236.817410983498,53939.633892207145,39304.66331394635,2
g008,Right,Axon,25801.63450922374,56122.19720934461,38646.91852562145,2
g008,Left,Neuron,77644.34238589279,53597.58337602587,37270.14354036029,2
g008,Left,Dendrite,78271.33911802659,53988.86363100309,37455.470745596176,2
g008,Left,Axon,76290.4494109697,52692.08639867937,36803.61391822161,2
g009,Right,Neuron,28733.73176555793,56064.50973440436,40242.322561810135,3
g009,Right,Dendrite,27734.56601267972,55652.58831363232,40766.91363894373,3
g009,Right,Axon,29685.835145227742,56453.92317021974,39743.97541009579,3
g009,Left,Neuron,75788.78065041953,56487.44215711317,38923.16173302488,3
g009,Left,Dendrite,74550.99392772446,56511.11945193284,38412.66124667934,3
g009,Left,Axon,76676.37357181647,56467.07947199129,39271.83134181964,3
g010,Right,Neuron,41370.487569622215,65050.48639686578,45688.99135456765,75
g010,Right,Dendrite,40929.32381677028,65228.65910055886,45752.98345268189,75
g010,Right,Axon,41633.01565358972,65192.552946665935,45441.018065806275,75
g010,Left,Neuron,65530.68906797492,64266.352521634355,44689.97521057217,70
g010,Left,Dendrite,66154.36149068878,64990.29538628696,42837.92218640556,70
g010,Left,Axon,65219.3555973518,63888.13950254054,45656.25329307891,70
g011,Right,Neuron,13158.557093234063,41384.766236652904,71239.23794626375,16
g011,Right,Dendrite,15612.023449964327,35097.233029198374,66581.53509850422,16
g011,Right,Axon,13506.147343083854,41264.763314397824,71883.79085769299,16
g011,Left,Neuron,91311.12937311946,40754.03012264189,70549.13618643384,13
g011,Left,Dendrite,90067.18126445702,41134.57970074954,71462.74523754606,13
g011,Left,Axon,91166.37422499729,40617.52495766128,70243.94040638566,13
g012,Right,Neuron,46128.19670317644,80480.65952379772,62883.034051320414,25
g012,Right,Dendrite,46506.74935654085,80991.71564056737,64002.25198547151,25
g012,Right,Axon,45831.24328506785,79973.55483420687,61981.32819243437,25
g012,Left,Neuron,61117.04129715611,80291.64574724196,61958.85909754931,26
g012,Left,Dendrite,60757.32152106234,81850.6733479082,63880.61052721156,26
g012,Left,Axon,61272.41594314824,79223.26985218968,60732.70212465716,26
g013,Right,Neuron,47406.70389166488,84529.51939310422,70643.74211950618,14
g013,Right,Dendrite,48755.91099775689,84191.71787027713,73423.38264931182,14
g013,Right,Axon,46594.194977225525,84589.21472048272,69199.97643987052,14
g013,Left,Neuron,59521.91297981555,84275.1861840204,69592.70269233319,11
g013,Left,Dendrite,60027.08106498987,83676.75425694643,70287.23866272763,11
g013,Left,Axon,59001.69289615576,84891.18616338987,68927.40092702139,11
g014,Right,Neuron,44305.35787118771,81370.88809391281,64731.76059896482,14
g014,Right,Dendrite,45634.279259011004,82780.38143854987,70802.59244097315,14
g014,Right,Axon,42947.797322148275,80265.94901778738,60171.43522696778,14
g014,Left,Neuron,62938.14087039334,81377.48169547194,62896.44991366774,15
g014,Left,Dendrite,62948.356312034244,82391.47850825521,65577.58081862726,15
g014,Left,Axon,63004.591193958375,80732.28585190064,61069.25218252773,15
g015,Right,Neuron,44034.38267135468,64598.3465610498,45361.45922189671,19
g015,Right,Dendrite,43683.67466898624,64330.890104326325,45291.85901848465,19
g015,Right,Axon,43889.50482252946,64246.1419126172,45747.508452591144,19
g015,Left,Neuron,61420.38075101474,64094.95502049753,45428.840042373035,19
g015,Left,Dendrite,58728.2494031875,65698.46469558106,49381.36280360792,19
g015,Left,Axon,62697.49552352279,63382.89909764732,43708.786692382346,19
g016,Right,Neuron,38500.744309799564,65912.74720625587,52546.65110574262,5
g016,Right,Dendrite,35123.25482335525,63285.486143274626,50488.83191789207,5
g016,Right,Axon,41359.483539745626,68340.55762740252,54191.11638666831,5
g016,Left,Neuron,68645.0713963815,65094.89005556974,51653.40050643369,5
g016,Left,Dendrite,70803.9630822774,62839.61428264716,49056.04216295261,5
g016,Left,Axon,67365.23560332636,66556.52080645697,53157.47534230258,5
g017,Right,Neuron,44523.155160233866,76118.66150400772,48468.43840898834,7
g017,Right,Dendrite,43686.78726817894,75251.6514779946,48034.51703209881,7
g017,Right,Axon,45956.07095747826,77339.69747081281,49677.48863697375,7
g017,Left,Neuron,61483.80718750666,75764.18459493008,46757.03409618223,7
g017,Left,Dendrite,59714.486837199445,77984.33846310584,49094.80219532634,7
g017,Left,Axon,62164.842514668904,74923.18098478172,45893.60107305311,7
g018,Right,Neuron,44961.89187805678,66830.5062458337,41834.88087567743,8
g018,Right,Dendrite,48542.10253680585,63436.45872818786,40685.81077217772,8
g018,Right,Axon,43093.00352383808,68602.67616999747,42419.6680212103,8
g018,Left,Neuron,61482.63831700845,64104.62805159283,38922.963982583206,7
g018,Left,Dendrite,62019.61246017575,66881.73150400446,39635.12352996273,7
g018,Left,Axon,61351.21604077945,62485.10844796938,38441.32580292243,7
g019,Right,Neuron,31835.422986443482,29169.482876454713,37310.16622114816,13
g019,Right,Dendrite,28037.914692670183,28379.322782377105,44020.37611250298,13
g019,Right,Axon,34657.17354038002,29704.264675974562,32417.78479865123,13
g019,Left,Neuron,73627.86474804938,28474.696884846526,36231.928297132006,13
g019,Left,Dendrite,76917.35701940453,28002.26575713679,42656.817409274976,13
g019,Left,Axon,71600.37313507574,28735.729140926305,31775.328657394297,13
g020,Right,Neuron,31243.989431365088,28972.30756000205,37844.595491164044,20
g020,Right,Dendrite,29198.876605569832,28236.018693783808,43830.45466799248,20
g020,Right,Axon,33026.96697865703,29558.511584612505,32718.14888616971,20
g020,Left,Neuron,73540.11530637991,28564.657859021423,36772.173948297896,15
g020,Left,Dendrite,74308.59891347412,28504.67817893103,41917.46776562555,15
g020,Left,Axon,72965.19864695633,28635.902955351958,32259.74065060723,15
g021,Right,Neuron,31196.74996549894,26230.063900901638,40670.22075629746,40
g021,Right,Dendrite,29460.41255293167,23105.218293784208,48408.173070508754,40
g021,Right,Axon,33020.957239285104,28709.659259102893,33579.277840603296,40
g021,Left,Neuron,73674.21479164857,25971.007933596666,39741.05112227905,45
g021,Left,Dendrite,75848.45936333516,22817.035031448777,49497.29537240932,45
g021,Left,Axon,72030.29828233902,28538.527688407168,32004.641183528453,45
g022,Right,Neuron,25682.550436505662,33084.4692862156,44097.971164418996,3
g022,Right,Dendrite,24512.87664140759,34522.27069152207,41898.46231854144,3
g022,Right,Axon,30484.69354039386,27265.71154554362,52978.350204139264,3
g022,Left,Neuron,80425.05929068303,32474.169703467807,44049.92559706664,3
g022,Left,Dendrite,81553.11081587305,33973.39624084752,41710.320921905804,3
g022,Left,Axon,75299.2855196759,27030.901855561606,53617.357121243745,3
g023,Right,Neuron,31734.59045084438,35305.10804801321,33253.82866685458,2
g023,Right,Dendrite,27466.904232523404,36986.67896537688,31946.579938847506,2
g023,Right,Axon,40779.15078714704,31752.554361739065,36058.244126154634,2
g023,Left,Neuron,73323.91642707337,32555.015237704116,30895.082410489944,2
g023,Left,Dendrite,77332.59519002363,35457.94824823693,30861.9280326555,2
g023,Left,Axon,66501.6940102136,29299.11138368439,32961.11930420472,2
g024,Right,Neuron,36591.73948281601,33709.23770568054,42544.572119973396,7
g024,Right,Dendrite,29712.101460690108,34496.05812272007,44548.06751702894,7
g024,Right,Axon,44250.26532982636,32784.25021730513,40320.59661105834,7
g024,Left,Neuron,67556.87452914375,31755.74763020157,39283.40139723283,7
g024,Left,Dendrite,75793.32392119468,33669.16117190951,43136.077772320736,7
g024,Left,Axon,60135.53771284066,31713.98213825106,37545.09350884937,7
g025,Right,Neuron,37288.94344805547,28430.73834640577,40269.4159215358,7
g025,Right,Dendrite,31965.328487445615,27828.121018673275,38840.46097228614,7
g025,Right,Axon,46780.36162215695,29346.75883165368,42532.8055304993,7
g025,Left,Neuron,68261.24575946949,26945.190146032026,38995.822739105264,7
g025,Left,Dendrite,73186.19638439718,27432.600952955716,38880.201376713136,7
g025,Left,Axon,60449.63647410335,28456.785788698096,40136.75444028075,7
g026,Right,Neuron,37855.63764019665,32028.03453403947,33387.50831093447,8
g026,Right,Dendrite,33006.743191723115,28838.050791087222,30879.215044241017,8
g026,Right,Axon,58085.21656707419,43118.87450577888,41356.7941708125,8
g026,Left,Neuron,68194.37660309649,29712.76409035185,31807.588356721215,8
g026,Left,Dendrite,72488.48844425897,28571.09656817144,29957.25758746479,8
g026,Left,Axon,50612.61143080861,42729.90098371626,39567.20718092055,8
g027,Right,Neuron,48831.49725589247,30723.463888980816,35346.83258071351,10
g027,Right,Dendrite,40849.94062823797,29460.969047468654,33834.608379851365,10
g027,Right,Axon,55809.00595089999,30987.677504069365,35071.13231356183,10
g027,Left,Neuron,58981.703450659916,29120.936389885992,33876.968150591405,10
g027,Left,Dendrite,64506.55025227342,26984.395770290757,31669.638381211327,10
g027,Left,Axon,54867.831724163436,31151.963290724896,35494.29284509456,10
g028,Right,Neuron,33171.421609834964,26800.46157567719,31479.194949339904,9
g028,Right,Dendrite,30626.034986021306,27170.43178307895,31001.674177192326,9
g028,Right,Axon,37180.651274269265,26108.554036300615,32250.66614448225,9
g028,Left,Neuron,72467.99412184641,26028.204387490186,29974.634564216358,9
g028,Left,Dendrite,74917.49176424774,26985.79987739454,29949.824892995806,9
g028,Left,Axon,68010.27748477059,24524.109559401964,30339.96017765136,9
g029,Right,Neuron,44517.30062343298,35479.978722090746,39007.03014386799,15
g029,Right,Dendrite,33407.8563449356,36507.38256471926,40408.85587256746,15
g029,Right,Axon,57347.53661078149,32942.505657272035,34962.28732441584,15
g029,Left,Neuron,63174.03856152729,34885.339278937005,37017.6619521774,15
g029,Left,Dendrite,73045.98735884856,37037.378672875915,40287.55965950158,15
g029,Left,Axon,49911.253077198984,34159.20639666577,36383.451110569986,15
g030,Right,Neuron,32546.684032651614,27540.92156625442,42523.08126871721,5
g030,Right,Dendrite,33735.75641180598,26688.8540662505,48835.1657235706,5
g030,Right,Axon,30405.559961862575,29191.593463310932,30958.719682913783,5
g030,Left,Neuron,70318.8541382194,26359.832263658063,40997.19213022278,5
g030,Left,Dendrite,71305.79551073782,25387.52416502711,48516.66984080129,5
g030,Left,Axon,68861.26080756927,27969.418812036205,29463.009221199318,5
g031,Right,Neuron,34133.87260416553,33920.12500353124,41702.66912778102,4
g031,Right,Dendrite,34201.14884257848,30639.76740671408,41039.60616622704,4
g031,Right,Axon,33910.48718211069,40780.25834842377,42931.97500694163,4
g031,Left,Neuron,72189.76607601941,33974.939340149824,41105.78179913062,4
g031,Left,Dendrite,72341.7515808089,31132.60797215752,40286.76970410109,4
g031,Left,Axon,71718.66192177034,38903.84563971399,42141.93865318682,4
g032,Right,Neuron,38962.6288381164,24765.105178768423,34094.67300339503,1
g032,Right,Dendrite,29685.41118407081,24248.021206215366,32430.84780289216,1
g032,Right,Axon,63967.30444551802,23309.109953717983,30783.32338531842,1
g032,Left,Neuron,67589.10678466398,24039.215383347702,30685.44243720857,1
g032,Left,Dendrite,76156.26251839717,25928.869600734928,30753.772443844653,1
g032,Left,Axon,35140.05641463623,25019.60160780946,30972.10092518584,1
g033,Right,Neuron,39768.89290450316,29729.38481279423,36833.73365176869,2
g033,Right,Dendrite,33977.68176094119,29214.547074669863,35338.64657870714,2
g033,Right,Axon,53133.347649766656,30290.426232500024,38825.23807907026,2
g033,Left,Neuron,64861.01407879855,27444.559141203168,34403.490364188765,2
g033,Left,Dendrite,71912.17747644676,28249.98314751798,34307.94651491734,2
g033,Left,Axon,51059.10001604258,29936.762339139295,37711.82738426735,2
g034,Right,Neuron,37598.985339677376,28239.007466891937,38340.5541873657,9
g034,Right,Dendrite,33405.143502171675,29903.154537820526,34971.158148000686,9
g034,Right,Axon,42458.42168612378,26432.202046608076,42172.817006721685,9
g034,Left,Neuron,68127.62770048215,26899.796461955746,35170.34458997862,9
g034,Left,Dendrite,72332.51643759248,30735.209354962637,33810.86036327957,9
g034,Left,Axon,63610.34046592491,23543.012542490957,37095.03715140514,9
g035,Right,Neuron,39103.74151202514,26431.56628469008,32092.67693191809,4
g035,Right,Dendrite,33723.818344680796,26533.05294852947,30106.898642371707,4
g035,Right,Axon,53566.540465240745,25445.30720954349,36015.29176181017,4
g035,Left,Neuron,66506.58488622759,24890.449869641092,30198.250752116706,4
g035,Left,Dendrite,71872.1785439001,26629.014626934793,29213.850543437235,4
g035,Left,Axon,53711.37596027229,25025.86503350487,35860.58722808737,4
g036,Right,Neuron,43822.11315490681,28462.64506307158,33042.97129263511,4
g036,Right,Dendrite,34647.94031410353,26480.21558374409,30961.0312429752,4
g036,Right,Axon,60401.87160607345,29305.89802189171,31919.074275538842,4
g036,Left,Neuron,62116.243697649494,26392.30631060593,31307.953316849722,4
g036,Left,Dendrite,71010.7491654644,25835.819059562415,29796.72246808732,4
g036,Left,Axon,48953.660463792905,31669.345352791126,33996.644311511016,4
g037,Right,Neuron,44156.41398082649,33193.097575911,38241.92198511096,6
g037,Right,Dendrite,39282.126092961174,32083.282624636566,35998.74433890342,6
g037,Right,Axon,56627.10206138939,34405.810800487576,41428.4568455551,6
g037,Left,Neuron,63724.67301185252,32003.643915935252,36504.829130658116,6
g037,Left,Dendrite,67467.74695951924,30742.85746386493,35143.82191679696,6
g037,Left,Axon,54021.27663200397,36261.103365123956,40303.13398358774,6
g038,Right,Neuron,44333.482125774295,31289.919197527295,34533.94630370462,6
g038,Right,Dendrite,35042.35149543579,28178.810982291354,32687.73196929221,6
g038,Right,Axon,61590.8873091744,34209.36346286222,33313.15920511463,6
g038,Left,Neuron,61856.25222497019,30012.89068060488,33705.75718356425,6
g038,Left,Dendrite,70530.58866338854,27922.104585157267,32617.759667901555,6
g038,Left,Axon,46496.62793330841,35820.75329933996,34974.61332037164,6
g039,Right,Neuron,43384.82767583496,31065.779361053344,37975.36619959498,4
g039,Right,Dendrite,31723.710350511705,31676.31079841903,38320.18910423711,4
g039,Right,Axon,60748.40869647665,26848.017021453215,31661.037482841464,4
g039,Left,Neuron,62213.15789694552,28560.079809996514,34186.50464077039,4
g039,Left,Dendrite,73220.25260387424,30112.089243867787,36051.070421297045,4
g039,Left,Axon,45885.119140824565,28704.24933184749,33684.3838705682,4
g040,Right,Neuron,41619.61767345387,23664.00184521186,35369.30184989134,14
g040,Right,Dendrite,34930.25596091783,23278.33524567706,35562.93905690201,14
g040,Right,Axon,51918.928717445626,23956.897352595297,34042.16549028451,14
g040,Left,Neuron,63315.53792842745,22424.16680369821,32786.53786029366,14
g040,Left,Dendrite,70094.11934793045,23019.74387130948,33131.89514195101,14
g040,Left,Axon,53651.91926443992,24044.728986677408,34371.1215143701,14
g041,Right,Neuron,32858.013970284985,23752.59901374529,38127.37793024207,14
g041,Right,Dendrite,26377.119044918465,23445.291381541378,42002.40836967292,14
g041,Right,Axon,44438.408878375936,24303.11516627974,31451.220375285207,14
g041,Left,Neuron,71395.8215627661,23232.0570479046,33623.520683572104,14
g041,Left,Dendrite,79042.76191623318,23613.443368486645,39234.023061510125,14
g041,Left,Axon,60732.54831323012,23306.993320871767,30418.168151648795,14
g042,Right,Neuron,33685.247383321905,23164.947289236876,41365.28220837752,7
g042,Right,Dendrite,25395.895356302743,22913.235014438695,46154.649416171356,7
g042,Right,Axon,48167.408247263054,23665.703728279535,33191.797914601455,7
g042,Left,Neuron,70130.33401220487,22377.76179621337,36199.979682496385,7
g042,Left,Dendrite,80181.83741794545,23382.473073298224,44718.49810812598,7
g042,Left,Axon,58049.215056913315,22887.86418919236,32117.260679025654,7
g043,Right,Neuron,29277.291333395144,22650.20666098086,41872.89928295383,8
g043,Right,Dendrite,25053.382044372684,21465.41889697776,49521.74729150787,8
g043,Right,Axon,35255.325001975805,24309.688642349665,31083.20666678623,8
g043,Left,Neuron,75873.98500819481,23105.47277067277,38760.951201313095,9
g043,Left,Dendrite,80903.01325653262,22076.17087150466,48627.58357534307,9
g043,Left,Axon,71166.84266144535,24095.129513895885,30294.62548273812,9
g044,Right,Neuron,30389.520668005094,22995.77148414506,41853.95926012974,8
g044,Right,Dendrite,28098.025900256336,22115.429198021713,50927.4717144968,8
g044,Right,Axon,33310.79046889508,24126.391763155872,30066.403030180154,8
g044,Left,Neuron,74942.402271843,23213.57347944147,39533.44755716491,8
g044,Left,Dendrite,77545.42957624211,22465.773570970814,49902.916162651636,8
g044,Left,Axon,72349.66435133212,24559.927008797542,28783.68928282021,8
g045,Right,Neuron,26687.486223763437,23014.38715688561,45116.742718092806,3
g045,Right,Dendrite,22818.067458338486,23274.202594650757,52639.896564730974,3
g045,Right,Axon,33060.79922085297,22550.697383441817,32515.84437999195,3
g045,Left,Neuron,78558.5557971023,23992.22782609175,43850.718080948966,3
g045,Left,Dendrite,83274.04406835763,24576.654767742162,56105.285525108644,3
g045,Left,Axon,71936.32276948885,23439.288021002812,29449.359613453,3
g046,Right,Neuron,36126.434039486056,20160.811278799145,44368.050270537155,3
g046,Right,Dendrite,25965.98923521278,20158.242135639517,44831.45113920297,3
g046,Right,Axon,69574.07670708801,18365.514532557634,31096.58456631627,3
g046,Left,Neuron,66729.77254925291,18476.487381417024,36784.38105593993,3
g046,Left,Dendrite,77162.47550934306,19997.223937067825,40629.327260603815,3
g046,Left,Axon,38652.165457024894,19061.21703004849,34863.58471487966,3
g047,Right,Neuron,37591.292568279845,24094.332469294586,41358.024773123834,4
g047,Right,Dendrite,25169.17478911674,23511.096537774334,47047.924035521224,4
g047,Right,Axon,50464.25257468284,24574.542841525476,34753.74729945742,4
g047,Left,Neuron,69389.16373372138,22032.138932612754,36757.14356761821,4
g047,Left,Dendrite,79049.06193167472,22658.153150046022,44630.731918429745,4
g047,Left,Axon,58857.720276418324,22980.643585564358,33001.47994053268,4
g048,Right,Neuron,35691.21428940225,24719.052030023744,41024.7637063874,2
g048,Right,Dendrite,25594.15671388057,26244.409958383032,43585.74883093077,2
g048,Right,Axon,51819.94022636645,21881.50245627926,35695.093350220304,2
g048,Left,Neuron,71244.59708309123,23636.55206215451,36701.28073146369,2
g048,Left,Dendrite,81547.76024388931,27040.154049707293,42735.05884175154,2
g048,Left,Axon,54329.79158416811,21253.756475160837,34925.5132105457,2
g049,Right,Neuron,30662.51030758418,25247.961030229613,41077.375840829285,5
g049,Right,Dendrite,26364.6685469384,26250.475461201375,45790.78219260259,5
g049,Right,Axon,37832.755581806894,23564.852725721335,33376.67111712429,5
g049,Left,Neuron,74058.71013219826,23898.082201894533,39077.74394305851,4
g049,Left,Dendrite,78677.18123664531,24908.664559220437,45950.418178323634,4
g049,Left,Axon,68479.4058947959,22612.640895885008,31949.310489452982,4
g050,Right,Neuron,39534.94888251927,23647.173494895953,32958.86730031056,5
g050,Right,Dendrite,33532.16139927541,23427.82958088935,32003.324894144745,5
g050,Right,Axon,51317.59221026885,23866.707779106568,34227.86362376852,5
g050,Left,Neuron,66740.67504225897,22664.707939859705,30173.090416597275,5
g050,Left,Dendrite,71832.49374267596,23635.96770922016,30441.36917082422,5
g050,Left,Axon,56166.7939268881,23176.848750687433,31869.656306409175,5
g051,Right,Neuron,27723.411743564204,23580.919433448416,41909.98938145566,2
g051,Right,Dendrite,25045.200133502723,22297.74512761107,51437.666778108025,2
g051,Right,Axon,30697.856951712045,25063.315297106074,31012.811903308077,2
g051,Left,Neuron,76883.58394889964,25171.213243097434,35843.49849194552,2
g051,Left,Dendrite,82332.47046269978,23228.085662208116,52330.21514897376,2
g051,Left,Axon,74714.40295395079,26378.111553291357,29051.735159086995,2
g052,Right,Neuron,33652.614629001255,23123.969282113267,35354.91047602103,3
g052,Right,Dendrite,30576.332706955985,21866.610759051015,44573.13065461857,3
g052,Right,Axon,35536.469278994206,23896.466412463193,29716.809627496586,3
g052,Left,Neuron,72274.41217987832,23057.1039574107,34141.115572271105,3
g052,Left,Dendrite,74606.83081732452,22348.309500227373,42404.07911308905,3
g052,Left,Axon,71065.42595320284,23764.347441064558,29436.781651355588,3
g053,Right,Neuron,34863.3776182795,31486.375784462427,38016.86544262368,3
g053,Right,Dendrite,34359.08112724222,38012.125979013814,42311.2655001674,3
g053,Right,Axon,35401.815863712494,23676.7456133378,33076.89687615668,3
g053,Left,Neuron,71391.35109702246,28400.895408125165,34967.36490150378,3
g053,Left,Dendrite,73471.05337590897,36013.111491371936,40285.38500528042,3
g053,Left,Axon,70020.42225630465,23447.88489760786,31269.231447698352,3
g054,Right,Neuron,45911.98225199671,23019.597319823937,36318.57329279458,2
g054,Right,Dendrite,33112.3472032263,22197.904712957585,33057.912454744896,2
g054,Right,Axon,67395.01040671601,21513.042178843243,32111.76466366394,2
g054,Left,Neuron,57856.9341038766,22119.899301017806,34016.30884212037,2
g054,Left,Dendrite,71655.09582387356,22669.701546056745,30938.09605324923,2
g054,Left,Axon,40465.42842216439,22701.4497367978,33778.604856051774,2
g055,Right,Neuron,27865.4063196588,47751.65500852653,42658.35502429461,17
g055,Right,Dendrite,28820.001011334272,56871.88886453898,38848.275250458886,17
g055,Right,Axon,24637.55695702711,22836.973861765742,53370.364117201985,17
g055,Left,Neuron,76690.37275553044,46590.85941085817,42344.68490913107,17
g055,Left,Dendrite,76680.27447338439,57410.71361710843,38175.50594327519,17
g055,Left,Axon,81061.52370179084,22768.803395892082,54665.90121545143,17
g056,Right,Neuron,29475.78956489521,58031.63599737317,39363.96522841838,10
g056,Right,Dendrite,29911.607663387567,58206.078028024174,39237.882557680074,10
g056,Right,Axon,28895.872573248533,57805.55904668899,39535.34131583862,10
g056,Left,Neuron,76212.78146402871,58372.605666237636,38704.44823580049,10
g056,Left,Dendrite,76532.80796736837,58519.029707405454,38611.01214355022,10
g056,Left,Axon,75787.60607021564,58181.98534498086,38807.34000189649,10
g057,Right,Neuron,29153.901954327936,30169.527613172802,48045.695057356344,9
g057,Right,Dendrite,19086.364537117046,30751.900546313645,48686.85553092558,9
g057,Right,Axon,53695.86844663876,28037.61507736693,44618.506990617934,9
g057,Left,Neuron,74535.25155444036,27271.258699721096,44990.614088184724,9
g057,Left,Dendrite,87460.68057305114,30845.13706289132,47514.00426991949,9
g057,Left,Axon,54655.46148346732,28130.180416002248,44711.86919728235,9
g058,Right,Neuron,27072.906947087744,42136.52870216504,53529.00329367367,33
g058,Right,Dendrite,21541.605093716662,42873.31742983007,54336.998851352306,33
g058,Right,Axon,35960.0865463313,40988.37911892433,52242.24792821703,33
g058,Left,Neuron,78355.95984686507,39904.142482840354,52370.67592215379,33
g058,Left,Dendrite,84494.53932457494,42328.26772339698,53676.96299495784,33
g058,Left,Axon,66730.46501341161,37475.73763943089,49993.33835720415,33
g059,Right,Neuron,27443.08016155693,38561.768120921995,50857.360509611186,19
g059,Right,Dendrite,21157.601062850987,39867.94112264222,51954.51361247589,19
g059,Right,Axon,39316.08803229759,36132.34876040459,48829.528209847296,19
g059,Left,Neuron,79972.05888704237,36685.667870297104,49353.65307808068,20
g059,Left,Dendrite,85477.32552366628,39743.1082975217,51449.39648305692,20
g059,Left,Axon,68105.10497012417,32220.263951211833,46097.2296701187,20
g060,Right,Neuron,28235.270308010673,30265.973182942253,47577.03928382039,9
g060,Right,Dendrite,21519.80096470342,30845.362104081316,49217.008012831844,9
g060,Right,Axon,39935.26913341715,29551.187655721962,45067.01456596716,9
g060,Left,Neuron,75186.8068006546,28041.686055449492,45415.78556732638,9
g060,Left,Dendrite,84924.3634222889,31190.7752898252,48738.83376682117,9
g060,Left,Axon,63672.81290139641,26044.117765401923,41872.54047074145,9
g061,Right,Neuron,28910.154136882506,29543.667027603038,49268.84678171249,10
g061,Right,Dendrite,21070.31490577443,30864.200100854763,50952.156370484,10
g061,Right,Axon,44414.255897968746,26766.24380013852,45908.651128578684,10
g061,Left,Neuron,76197.23917772218,27966.146471294833,46495.696914748885,10
g061,Left,Dendrite,85464.37897355674,32873.15151365913,51041.015459173424,10
g061,Left,Axon,64100.722020930996,23074.8995020681,41127.35206523742,10
g062,Right,Neuron,24442.438470413734,29554.496923824867,46435.63199452515,11
g062,Right,Dendrite,20958.009395266195,29915.074703902716,47231.897291186004,11
g062,Right,Axon,32777.97063293647,28781.73914316016,44625.176805546595,11
g062,Left,Neuron,79996.48758843295,28231.109757868024,44301.899864081504,12
g062,Left,Dendrite,85651.58290541476,29900.261007619363,45897.84948449033,12
g062,Left,Axon,69557.61023188173,25742.22475278237,41968.02722946718,12
g063,Right,Neuron,20502.905897521363,40653.08302933542,51291.936234443696,7
g063,Right,Dendrite,19641.88875077366,39958.16451753352,51181.58447151767,7
g063,Right,Axon,21821.074026689996,41737.814036259144,51486.28408859682,7
g063,Left,Neuron,85639.35679524002,39988.7708264739,50638.17444707633,8
g063,Left,Dendrite,86226.44900562431,39423.3021838114,51324.947132745554,8
g063,Left,Axon,84577.54508654194,41030.80136832138,49344.54057987269,8
g064,Right,Neuron,32979.15450223761,40233.58544436649,51410.92869228687,9
g064,Right,Dendrite,21427.23729463588,42906.23913982264,54074.17143638667,9
g064,Right,Axon,53433.0342687597,35080.774642382814,45648.40221422722,9
g064,Left,Neuron,66855.19340473146,36552.8303809559,46608.23244127488,9
g064,Left,Dendrite,84266.15388119692,42902.79919346251,52414.385123,9
g064,Left,Axon,49326.61726841124,34789.09161345594,45270.73879380697,9
g065,Right,Neuron,28056.687690073242,37429.574320977714,51085.138896568715,4
g065,Right,Dendrite,19666.34507398531,39940.313332228274,52835.74840569051,4
g065,Right,Axon,44997.81637368226,32487.989508753446,47518.36730002156,4
g065,Left,Neuron,76329.88095004381,34036.4235979165,49039.878200240004,4
g065,Left,Dendrite,86799.66702201815,39375.43837631911,52666.12678484364,4
g065,Left,Axon,58726.125144916514,30368.50743567213,44883.36562361113,4
g066,Right,Neuron,41746.86310879064,42321.312953942725,50548.33581686656,6
g066,Right,Dendrite,32726.366900137145,39346.810439144276,48158.338132255274,6
g066,Right,Axon,56440.71063153319,45498.64918116582,53460.98025140756,6
g066,Left,Neuron,64076.332759838806,40949.93522525271,51403.304516306736,6
g066,Left,Dendrite,73879.06596061724,37738.88396328638,47423.828451641515,6
g066,Left,Axon,52445.93768990982,46050.57683449863,56328.47184317711,6
g067,Right,Neuron,24802.060777559152,39198.277822691685,51195.13016227573,6
g067,Right,Dendrite,20171.79492335276,41604.66193820126,53355.93290058072,6
g067,Right,Axon,34850.6091719719,34031.585755371285,46588.340479838684,6
g067,Left,Neuron,81855.67567662464,37649.95336671667,49101.870091850775,6
g067,Left,Dendrite,86046.7173323553,41600.518476687044,52710.45345106447,6
g067,Left,Axon,72287.93110381224,30565.802061379207,43207.927768938054,6
g068,Right,Neuron,24424.22576320627,41684.6365920995,54646.57541385663,10
g068,Right,Dendrite,22257.553794288888,42352.30662056769,55609.99634563915,10
g068,Right,Axon,29029.435754325666,40304.54839840861,52621.97047562639,10
g068,Left,Neuron,79303.89738270477,39981.56008397372,54042.00162447302,9
g068,Left,Dendrite,83948.01509336114,42809.97402559672,55684.357570542124,9
g068,Left,Axon,71741.1178843539,36178.12898740702,51546.31024413271,9
g069,Right,Neuron,27691.737901919594,34959.204483085225,48274.69701928915,3
g069,Right,Dendrite,20461.717554529576,37303.29798220126,51646.94933154757,3
g069,Right,Axon,37867.0829193049,31662.761009183916,43478.98873161784,3
g069,Left,Neuron,78221.3207496754,33627.58175587681,46884.20695227826,3
g069,Left,Dendrite,86045.19829287569,37369.722973118725,50728.495759756246,3
g069,Left,Axon,65244.3797161617,29571.32236215049,41886.84859671115,3
g070,Right,Neuron,36437.00896373154,50371.55651096169,75486.44034589143,5
g070,Right,Dendrite,25680.89701739608,37646.63103399531,47343.52721690543,5
g070,Right,Axon,49841.63412734145,68541.85408047706,115763.91950886327,5
g070,Left,Neuron,63348.73339637072,49143.67543287329,76012.71543283104,5
g070,Left,Dendrite,78512.07580333579,37878.19833630496,48767.7195629617,5
g070,Left,Axon,50019.543141627095,65478.59714611868,104962.47009413804,5
g071,Right,Neuron,28672.975253639786,43238.96762011246,53950.21367758741,12
g071,Right,Dendrite,23375.923650739587,43650.670755547406,55767.83200556944,12
g071,Right,Axon,38350.74508341483,42653.57032266025,50654.40463517865,12
g071,Left,Neuron,76770.24052336124,41051.739708517525,52133.669670760835,13
g071,Left,Dendrite,83677.58766766083,43270.68732449901,54263.11033605423,13
g071,Left,Axon,65538.25231988754,39472.54480700008,48948.5099356891,13
g072,Right,Neuron,18640.294405148386,34340.71084513999,66920.85902553631,3
g072,Right,Dendrite,15089.04493499767,39076.3499241796,71073.02534104651,3
g072,Right,Axon,25696.14917951936,24936.648673001386,58627.7142594305,3
g072,Left,Neuron,85930.5872255679,33182.54545486837,65215.35935578348,3
g072,Left,Dendrite,89184.5372379037,37913.76548598395,69846.45596363531,3
g072,Left,Axon,81335.98590372276,25194.709980022435,57464.928334356795,3
g073,Right,Neuron,37529.250513855884,26004.411625773726,56570.43172368344,3
g073,Right,Dendrite,27640.9004369133,25835.50389776264,56684.58370675102,3
g073,Right,Axon,52488.07483970531,25663.318306434565,54371.015184241536,3
g073,Left,Neuron,67352.0515793462,24455.710258167222,52860.32723370727,3
g073,Left,Dendrite,80456.45689938634,27676.69220517266,58279.88987012284,3
g073,Left,Axon,50826.733033602504,25042.151986333225,53376.91155586588,3
g074,Right,Neuron,39449.99890042031,25483.151262980242,51021.154607714285,3
g074,Right,Dendrite,27219.106870053845,24686.151538671056,54630.45513245216,3
g074,Right,Axon,53264.15237886357,25750.482162617223,45200.181475374455,3
g074,Left,Neuron,68739.15741047298,23575.977513658403,48664.060379353796,3
g074,Left,Dendrite,80359.00648231259,25265.996134206544,56470.728108750154,3
g074,Left,Axon,58771.46107068617,25139.689981436062,44617.47584529791,3
g075,Right,Neuron,26170.931726557254,25223.670904385985,54625.49456919568,2
g075,Right,Dendrite,24065.414355921188,24882.44700833449,54733.772750499724,2
g075,Right,Axon,31723.119310309477,26477.21200847344,54797.49287378071,2
g075,Left,Neuron,79672.94779274943,26039.70432817464,55329.37880943575,2
g075,Left,Dendrite,81874.09132604608,25939.5805640882,55643.89327552119,2
g075,Left,Axon,75507.85651730775,26455.901725558084,55520.51271067506,2
g076,Right,Neuron,27792.89822316982,34856.6880400084,51095.345974637785,4
g076,Right,Dendrite,25981.014054404357,35586.82923196993,51187.22465138122,4
g076,Right,Axon,30508.61563010106,35204.28466814764,51288.843125292195,4
g076,Left,Neuron,78973.06004366325,33492.18826777741,51956.766570239444,4
g076,Left,Dendrite,80856.61421646891,35115.35364758282,51996.171110449664,4
g076,Left,Axon,75972.80772548176,31488.785917605215,51963.18241133886,4
g077,Right,Neuron,25231.94778930146,24301.85625983954,56930.3116654875,5
g077,Right,Dendrite,25053.52647535857,24617.874968033462,57560.16645081677,5
g077,Right,Axon,25485.201999048993,23774.562298083514,55925.470160696845,5
g077,Left,Neuron,80855.3015484292,24322.264593667463,57078.89352857815,4
g077,Left,Dendrite,81535.823818619,24377.651832323296,57892.371506582,4
g077,Left,Axon,80005.12223534551,24177.543087953985,55850.613746999195,4
g078,Right,Neuron,42330.2884775598,27794.057654542466,53745.1179775706,5
g078,Right,Dendrite,31641.776905761784,25748.20781453031,51875.80585554456,5
g078,Right,Axon,59748.7812093394,27750.027965607816,50909.1633849542,5
g078,Left,Neuron,62922.460148032966,24937.256918152936,48723.65231072151,5
g078,Left,Dendrite,74272.7557156713,24772.630404990927,49820.49966764312,5
g078,Left,Axon,41704.137992652526,28271.033018224298,54440.191084692444,5
g079,Right,Neuron,33925.68191012171,30296.397352733653,53400.198947634795,10
g079,Right,Dendrite,30305.656918941833,30657.94866302384,53599.63870169276,10
g079,Right,Axon,38432.16297215322,29909.84750280733,53270.296002235846,10
g079,Left,Neuron,70635.39990360645,28611.149656962963,53369.871633579525,10
g079,Left,Dendrite,74752.40288664013,29052.715791725175,53586.89069854577,10
g079,Left,Axon,65491.41858988454,28699.27947515928,52816.45366915631,10
g080,Right,Neuron,28828.611257944896,23875.1590614241,56317.38078759758,11
g080,Right,Dendrite,23312.529012408017,24743.56788483151,56234.85512918713,11
g080,Right,Axon,35798.68246813414,22878.17329385862,56407.166580703604,11
g080,Left,Neuron,74750.45088784571,23235.348247519174,55130.235061796135,11
g080,Left,Dendrite,82874.9150914519,25592.536394008963,57189.17934596373,11
g080,Left,Axon,66927.08665368868,21355.84248355927,51768.26561686856,11
g081,Right,Neuron,23714.01657711884,23355.173672899055,49918.28605803972,12
g081,Right,Dendrite,22629.255518309175,24245.96265899094,52243.51930849599,12
g081,Right,Axon,25198.95962455466,22156.3085887749,46624.580671740325,12
g081,Left,Neuron,82493.28077337217,23417.202141830512,49986.12765933355,12
g081,Left,Dendrite,83239.44403178725,24360.105667783304,53284.8078960828,12
g081,Left,Axon,81502.28163605188,22479.825221730025,45953.89659241133,12
g082,Right,Neuron,23161.955736193813,19849.332608874265,54673.44986881025,10
g082,Right,Dendrite,23173.595484068643,20103.49006502173,56445.06963403608,10
g082,Right,Axon,23208.380141112342,19542.45399790745,52604.656438632024,10
g082,Left,Neuron,83165.56330576568,20792.488151347938,56345.54796654886,10
g082,Left,Dendrite,82971.36086029706,21080.640902413616,57556.29320468704,10
g082,Left,Axon,83329.47215459323,20492.655838349165,54898.20935768683,10
g083,Right,Neuron,23960.02794242991,22811.273166737876,51403.03861604243,5
g083,Right,Dendrite,24497.45646155916,22808.360988294276,52903.200245447486,5
g083,Right,Axon,23034.916910522476,22781.821314549295,48763.75228659373,5
g083,Left,Neuron,82716.4475147322,23342.998957449367,51993.12140146543,4
g083,Left,Dendrite,82110.80516000849,23509.829157551547,53609.61071010385,4
g083,Left,Axon,83662.20411010104,23099.78085604875,49263.950350244704,4
g084,Right,Neuron,28714.412712427664,22107.13038069222,46745.900669731614,8
g084,Right,Dendrite,23735.982082224447,22440.123373505492,48234.34108772399,8
g084,Right,Axon,40642.30085080825,21298.372309999348,43193.41277883392,8
g084,Left,Neuron,76114.7970167823,21303.935422252365,43221.47057061821,9
g084,Left,Dendrite,82268.07022685949,22300.71820222639,47374.48536833194,9
g084,Left,Axon,66510.86806327148,19121.200817751065,38888.000624272616,9
g085,Right,Neuron,23736.55770500779,23323.961639134857,50621.76947771745,7
g085,Right,Dendrite,24600.102653695285,22611.951605253074,52522.38533545918,7
g085,Right,Axon,22126.79519242725,24512.622283225897,47177.58791603222,7
g085,Left,Neuron,82977.51875690525,23076.139731660627,50800.245716418845,6
g085,Left,Dendrite,83206.64430053234,22881.609241298742,52758.58442872078,6
g085,Left,Axon,82709.43167246392,23396.81812508541,47574.967975885374,6
g086,Right,Neuron,23391.02729443827,26204.274923222634,47173.34668380547,6
g086,Right,Dendrite,25109.99769955819,25667.118132041993,47185.47189681008,6
g086,Right,Axon,20766.207262183263,27057.14046976027,47250.815638465,6
g086,Left,Neuron,82692.19204468752,26264.149830870174,46143.69212881555,6
g086,Left,Dendrite,80974.51241238091,25530.879334798814,45937.10968199052,6
g086,Left,Axon,85080.74721696075,27464.448068122707,46497.16931735637,6
g087,Right,Neuron,30161.948834579947,28323.974837847607,44601.704609816705,9
g087,Right,Dendrite,27605.352352877555,29265.96411557847,48576.738773661775,9
g087,Right,Axon,36135.54289420322,26227.97070195916,35573.29575086752,9
g087,Left,Neuron,76027.99245499574,27291.360410651258,43806.386318284654,11
g087,Left,Dendrite,78754.86935111157,28791.970762061657,48687.22993857192,11
g087,Left,Axon,71063.75989364264,24838.589924682237,36155.052112084064,11
g088,Right,Neuron,29734.702811130323,48273.89540974446,44408.80500482265,12
g088,Right,Dendrite,30914.13382932253,58269.56665053281,41337.82338946107,12
g088,Right,Axon,26397.136800026055,23297.471841711143,52274.379140708006,12
g088,Left,Neuron,75660.74069191293,47866.70108559559,44254.77560284992,12
g088,Left,Dendrite,74962.97535998323,57811.55534808135,41001.34324276619,12
g088,Left,Axon,80392.17311463946,24248.786102714865,53293.922880716025,12
g089,Right,Neuron,33754.66198448923,52533.186546246536,48527.994472723905,6
g089,Right,Dendrite,36161.23915317719,62331.777821830365,48213.365857882316,6
g089,Right,Axon,27536.381526932608,27437.07003323668,49471.3913294509,6
g089,Left,Neuron,73141.22479328416,51065.78708859726,48651.92967852394,6
g089,Left,Dendrite,70731.12623700406,60971.70963419293,47745.898833020605,6
g089,Left,Axon,78998.41739768087,27031.65832030333,48728.95797692974,6
g090,Right,Neuron,37806.805714406946,60264.409486100325,42436.7980612643,4
g090,Right,Dendrite,31498.495581628064,58263.162241285405,40203.095210132116,4
g090,Right,Axon,42466.57155369045,61713.19642915664,44039.346923493285,4
g090,Left,Neuron,69132.80018999074,59712.54783378222,41423.75825889976,4
g090,Left,Dendrite,74578.68379739487,58423.57033820672,39939.8280074292,4
g090,Left,Axon,63902.04299629091,61495.14235935783,42978.52135713404,4
g091,Right,Neuron,35942.974300061425,43359.566196145606,46920.435643587014,5
g091,Right,Dendrite,35248.896944123226,58888.44455922072,44098.69620797799,5
g091,Right,Axon,36939.279778239,23645.064449979553,50644.368667049086,5
g091,Left,Neuron,67902.9851590681,41370.50718381607,46879.93318206132,5
g091,Left,Dendrite,69723.69852660541,58161.045367328516,44818.29183537318,5
g091,Left,Axon,66195.42206681968,20946.042828692756,45567.606256132916,5
g092,Right,Neuron,31383.975291516774,52719.86211954765,45429.80852166294,4
g092,Right,Dendrite,33878.566278612365,59308.93114603121,43868.20181740859,4
g092,Right,Axon,23842.899558473942,32525.719137031396,50071.52806850219,4
g092,Left,Neuron,74920.83714046804,51660.36580402864,45389.89892346612,4
g092,Left,Dendrite,72414.6916267205,59459.54859270516,43651.223714001666,4
g092,Left,Axon,82604.82048480216,32352.296728832032,47650.20092205671,4
g093,Right,Neuron,42006.75821449591,50381.371947231484,57431.8731020314,6
g093,Right,Dendrite,29790.51269695755,43108.68212135222,42099.62662897055,6
g093,Right,Axon,51433.28986075686,60755.9890912223,81009.95931522983,6
g093,Left,Neuron,64626.524317730786,46478.57987803888,52542.116833280335,5
g093,Left,Dendrite,74635.27931422743,42027.0926785537,39897.86729310738,5
g093,Left,Axon,44129.875791254104,58629.811305361465,73130.54233346562,5
g094,Right,Neuron,32382.750401880203,50198.26042748131,55638.75879911259,8
g094,Right,Dendrite,30355.157294884324,45978.09521887134,47425.36366974863,8
g094,Right,Axon,35807.26544441031,57270.621667497275,69505.4225304348,8
g094,Left,Neuron,72834.10864453146,50134.50246798605,58590.41758968775,8
g094,Left,Dendrite,74890.72423953193,46618.77980755124,47792.89509678048,8
g094,Left,Axon,68878.3163405079,56682.017892305106,69837.41577457749,8
g095,Right,Neuron,38728.48553734344,56493.921350219294,71855.04855154194,9
g095,Right,Dendrite,31365.633037905627,46847.938782103054,48801.665399717145,9
g095,Right,Axon,47340.92857331615,67823.59542560662,99498.77385798763,9
g095,Left,Neuron,68881.19445012866,51927.23030207189,61887.20967427733,7
g095,Left,Dendrite,74364.87618888378,46875.03980763776,47942.93023081189,7
g095,Left,Axon,58520.24060384321,62721.70706334275,77812.46616079207,7
g096,Right,Neuron,46222.94141945624,48550.64035422101,47187.07619677122,6
g096,Right,Dendrite,36257.70789408723,48653.99041318597,47087.68833596455,6
g096,Right,Axon,58135.24089692333,47433.80527528393,46380.98340004578,6
g096,Left,Neuron,62599.25303096369,48009.6161355951,46866.93746339373,6
g096,Left,Dendrite,68601.75936503215,48721.987520166025,45992.23331767449,6
g096,Left,Axon,55150.4232775809,47195.6159245897,48052.26665283044,6
g097,Right,Neuron,35661.29588504715,47068.41905494097,46516.18399495589,12
g097,Right,Dendrite,27047.04124440437,45340.77283179364,44081.5446878585,12
g097,Right,Axon,51188.29908582052,49733.20074519608,50452.95213414738,12
g097,Left,Neuron,69218.88452974112,45870.62722661546,47644.67183375796,12
g097,Left,Dendrite,78536.90052257628,45475.71998191307,45813.75631937642,12
g097,Left,Axon,56352.44874456848,48971.30352557581,51183.365413739666,12
g098,Right,Neuron,46647.33768355622,40659.8412134432,39745.15921241527,6
g098,Right,Dendrite,33309.731347424604,40494.513141751966,38605.81703256647,6
g098,Right,Axon,75955.03010006009,38381.005041962526,37883.094054594025,6
g098,Left,Neuron,59837.887289150145,40550.73641097317,39056.49470260644,6
g098,Left,Dendrite,71302.76220957987,41369.84496282978,38822.57485917536,6
g098,Left,Axon,34289.059336565544,38173.53269089822,38696.922095502894,6
g099,Right,Neuron,42004.088166386915,44291.5719658628,46050.75950193901,11
g099,Right,Dendrite,29825.38532888925,44595.7034339203,48044.080302675226,11
g099,Right,Axon,57031.46440600185,42759.22780903134,42214.32545412173,11
g099,Left,Neuron,63812.15852476142,43683.148365780966,44419.821298447794,11
g099,Left,Dendrite,76089.48323083816,44061.566989759805,47261.70233883505,11
g099,Left,Axon,47614.48869511116,43662.839015800615,43004.42218418762,11
g100,Right,Neuron,49353.836270261025,46840.16938464543,43270.63787385378,9
g100,Right,Dendrite,34830.755004298626,42186.23730072058,39938.441718544585,9
g100,Right,Axon,66384.11259320907,51027.499795753385,46637.6032051949,9
g100,Left,Neuron,56765.21930267508,48694.31127348977,44767.221290558045,9
g100,Left,Dendrite,69238.67555710943,42547.75825682491,40452.772305695704,9
g100,Left,Axon,38963.214573565245,55205.86401176223,48162.48929584988,9
g101,Right,Neuron,38349.51984483553,43035.036119020515,43661.53085810563,6
g101,Right,Dendrite,31684.911968578952,43319.48252890226,41831.527135421195,6
g101,Right,Axon,47737.641994378995,42432.48158164359,45895.19104023244,6
g101,Left,Neuron,66366.25731961383,42151.3003566965,43370.549892910065,6
g101,Left,Dendrite,73895.81433911236,43826.02930923406,40880.47343595672,6
g101,Left,Axon,56696.90513519619,42289.73843015313,47398.76577452652,6
g102,Right,Neuron,44965.00552176543,47338.15985423846,53133.10035968242,10
g102,Right,Dendrite,36417.51758065901,41822.77709021818,42915.81541918591,10
g102,Right,Axon,53386.35562930487,55454.52796886988,69696.47352006217,10
g102,Left,Neuron,58295.11929172543,46448.87376177507,54643.822150542626,10
g102,Left,Dendrite,64130.85687346753,40637.07200041204,41943.01121505843,10
g102,Left,Axon,49757.813947746115,55579.554995589315,71528.35528794776,10
g103,Right,Neuron,38523.91238086332,43115.032911341536,49927.46684541724,8
g103,Right,Dendrite,35907.09070794163,42011.7031968339,49883.71128362521,8
g103,Right,Axon,42928.528462566355,44808.81861685888,50055.90134235989,8
g103,Left,Neuron,67677.34865184438,44135.49188610658,49639.489107119865,8
g103,Left,Dendrite,69608.94543506358,43719.76030151709,50382.08718960408,8
g103,Left,Axon,64674.19780891916,44823.4055765365,48699.812469640965,8
g104,Right,Neuron,49736.06436031579,45422.98289019116,47831.533483001556,7
g104,Right,Dendrite,38798.82863714991,46614.90803506172,50852.50633621453,7
g104,Right,Axon,69114.82910298789,41473.12312736909,39780.83887766438,7
g104,Left,Neuron,60348.26220911771,45069.99282140819,46971.0810362704,7
g104,Left,Dendrite,69825.48667910881,45486.18563022763,50903.41539982459,7
g104,Left,Axon,38912.25636594027,41722.86436565068,40495.34394031376,7
g105,Right,Neuron,28315.331042401547,39278.3907762625,46646.173788079934,6
g105,Right,Dendrite,29444.93189811519,36701.72530857435,50491.52010772898,6
g105,Right,Axon,26542.86734483403,43237.89154511817,40869.47525671546,6
g105,Left,Neuron,77717.71903382284,39095.94728829614,45542.57112279175,6
g105,Left,Dendrite,76297.35109964064,35649.03527850636,49131.423241660756,6
g105,Left,Axon,79071.92743001177,44300.874510515445,41197.902719914964,6
g106,Right,Neuron,28852.7289159593,47243.00572032577,45526.125141305296,8
g106,Right,Dendrite,28439.761908655277,47296.66730426157,46814.813536757865,8
g106,Right,Axon,29432.5456537046,47242.22214524753,44121.23989821347,8
g106,Left,Neuron,77494.3319184746,47970.411081234546,44640.8562832029,8
g106,Left,Dendrite,77852.67574150587,48044.0673051201,45511.14437063777,8
g106,Left,Axon,77034.16851883254,47952.71752518269,43704.74714896361,8
g107,Right,Neuron,36809.54495080166,44744.36302587147,42316.54839944501,6
g107,Right,Dendrite,31631.674507477786,43384.885980324005,41798.33256669605,6
g107,Right,Axon,46609.41485158655,47064.41625479198,43057.960734509434,6
g107,Left,Neuron,69613.95227847136,44395.59204187136,41615.412495128156,6
g107,Left,Dendrite,73945.17743114896,43985.551608589405,41452.81874879696,6
g107,Left,Axon,61342.603414501296,45842.6431940197,42490.75676275721,6
g108,Right,Neuron,50197.523255537446,42267.05248995968,41088.30086762402,17
g108,Right,Dendrite,34195.15968286115,40337.20067513433,39521.15429837742,17
g108,Right,Axon,73512.5063130166,43305.96974068545,41487.948983721544,17
g108,Left,Neuron,56825.569579049275,42663.46253804761,41426.644004672315,17
g108,Left,Dendrite,72087.43737078022,41120.7890271808,39338.78006862973,17
g108,Left,Axon,32318.688003596995,43187.70480979962,42120.92431717635,17
g109,Right,Neuron,41879.0734223242,65870.86168687115,44075.89667298283,14
g109,Right,Dendrite,40892.34555380303,65552.51182511021,44615.384874691896,14
g109,Right,Axon,43299.86582858624,66293.99390791528,43309.769784118755,14
g109,Left,Neuron,64734.03507900607,64722.97639233668,43765.18123885861,17
g109,Left,Dendrite,65934.01499101637,64325.7541581847,44456.01990343071,17
g109,Left,Axon,62852.584310669845,65222.54790725175,42848.70577981859,17
g110,Right,Neuron,39897.15677838084,63708.123857801766,46534.910009485626,5
g110,Right,Dendrite,36917.77610240367,61868.2891533084,45201.51750780253,5
g110,Right,Axon,46208.60974286853,67717.91265621645,49424.55522653503,5
g110,Left,Neuron,68138.80255151518,62079.36985169653,45348.6532686947,5
g110,Left,Dendrite,71505.20018041936,60515.01569164825,43634.29315795469,5
g110,Left,Axon,61820.68793853812,65434.40683695705,48639.15673556008,5
g111,Right,Neuron,38076.53742629625,65305.575479151914,50142.985188677296,11
g111,Right,Dendrite,35565.308146532276,63991.275567536446,48700.6078964574,11
g111,Right,Axon,40873.805554984494,66721.10985800874,51770.01487409456,11
g111,Left,Neuron,69541.52196373936,63939.02375915519,48383.40030172192,11
g111,Left,Dendrite,71443.53109151513,62549.62245275971,47535.00550528054,11
g111,Left,Axon,67016.86998116989,65768.68639969859,49513.64047741366,11
g112,Right,Neuron,41363.6707098435,64338.021420498684,48582.62178116029,6
g112,Right,Dendrite,37949.63948873651,63209.768522450475,47434.27593166911,6
g112,Right,Axon,46628.577093504355,65971.277800684,50282.07958090924,6
g112,Left,Neuron,65664.18511773717,63683.295744326664,48044.14038717673,6
g112,Left,Dendrite,68973.86091075257,62367.09181565543,47171.1071870276,6
g112,Left,Axon,59825.48106444058,65994.90108611241,49795.23366483474,6
g113,Right,Neuron,38350.689877634184,67020.96282677818,48589.09059142244,5
g113,Right,Dendrite,36427.3623470985,63867.450467306284,44873.16274425711,5
g113,Right,Axon,40697.87546154475,70917.23533768076,53150.87146437525,5
g113,Left,Neuron,68393.39463452453,65666.99550122194,47041.791892912865,4
g113,Left,Dendrite,70846.38472234434,62215.98979798576,42673.23117689436,4
g113,Left,Axon,65640.71505676715,69846.27654826807,51697.823893344765,4
g114,Right,Neuron,48862.82386516695,70558.81858737732,42236.45345023848,7
g114,Right,Dendrite,45178.168236654165,69763.65936148973,43916.11322341489,7
g114,Right,Axon,55335.33408478646,71883.37759540812,38939.91954453012,7
g114,Left,Neuron,55553.78812549237,70538.72999349309,41509.641713114775,6
g114,Left,Dendrite,59324.934714785864,69246.15570533944,43864.00810269711,6
g114,Left,Axon,50602.046555611334,71727.81620147088,38574.79407838313,6
g115,Right,Neuron,42534.731072745984,66902.10559910731,46169.97553064369,5
g115,Right,Dendrite,40663.74904339231,65776.70204544338,44116.945830416924,5
g115,Right,Axon,46055.9176568775,68969.11513505106,49940.62694095783,5
g115,Left,Neuron,63661.78637419811,66940.41239319424,46322.9574308533,5
g115,Left,Dendrite,65579.60443462062,65747.39345535086,43775.74202537998,5
g115,Left,Axon,60919.48248260307,68693.862587631,49796.19815361065,5
g116,Right,Neuron,43964.334908408266,67384.16899230919,43733.458103222954,10
g116,Right,Dendrite,40291.664755170845,67421.16179116434,43538.838123337155,10
g116,Right,Axon,49579.27947762437,67319.80461719824,43868.38549195497,10
g116,Left,Neuron,63132.76818840975,67379.42476316633,43629.6440220924,10
g116,Left,Dendrite,66210.77065033256,67153.38456678228,43147.050932247716,10
g116,Left,Axon,57493.535527994114,67815.68172828347,44519.07503922182,10
g117,Right,Neuron,43216.461642333954,43811.62719574308,35917.0203148535,27
g117,Right,Dendrite,40563.00431678837,50832.09324196844,37569.958837995975,27
g117,Right,Axon,47424.31805641656,31550.647424346073,33205.07153571224,27
g117,Left,Neuron,66393.31721892749,44735.55392178673,36582.960182717914,27
g117,Left,Dendrite,66936.97707289484,54967.98488712717,40191.06188139279,27
g117,Left,Axon,60551.684118240824,28093.123643009483,31506.922172330585,27
g118,Right,Neuron,38250.624538318494,37021.976002443414,48331.059797141985,3
g118,Right,Dendrite,40645.82936181111,28438.900997165056,48272.93927242485,3
g118,Right,Axon,35426.52514155294,47168.48214415143,48311.43286721823,3
g118,Left,Neuron,66539.19862779614,38032.00065172409,47891.02302348301,4
g118,Left,Dendrite,64588.34088630502,28374.358821106634,46631.92051522527,4
g118,Left,Axon,68324.26558188869,47827.76607070127,48028.62225473511,4
g119,Right,Neuron,22075.322598509647,32133.431291762237,64506.723571858056,1
g119,Right,Dendrite,18121.795005856955,35070.85254616271,68661.81406434039,1
g119,Right,Axon,27380.81210565048,27893.9498231003,58648.032607719295,1
g119,Left,Neuron,84420.62450174616,32746.95168441246,64752.21529770321,1
g119,Left,Dendrite,86761.70505566339,35210.488320252865,68073.2703462414,1
g119,Left,Axon,81839.62882648363,29868.499613404434,60484.43861107505,1
g120,Right,Neuron,28784.44475545686,28361.916572246857,51084.25390708041,5
g120,Right,Dendrite,27756.97169124443,27876.76787682813,50419.24744770512,5
g120,Right,Axon,30251.756104178658,29088.637986422502,52107.660152904806,5
g120,Left,Neuron,76856.46888404318,27519.16455445975,51631.98351166793,5
g120,Left,Dendrite,77845.55449326603,26977.27798262768,51558.92546663743,5
g120,Left,Axon,75363.35144336939,28478.30251920334,51936.07064589931,5
g121,Right,Neuron,32175.431143304464,38294.79659249902,52532.864685094435,6
g121,Right,Dendrite,33732.076980335936,45532.512577318164,52600.1801598963,6
g121,Right,Axon,30095.394238213405,29388.277968126877,52589.17611956418,6
g121,Left,Neuron,73165.87471887517,39195.804935554064,52745.70297715114,6
g121,Left,Dendrite,71646.54838153442,48484.139293785745,51126.65839017904,6
g121,Left,Axon,75013.63569539071,29238.424770975696,53099.12344348845,6
g122,Right,Neuron,36318.3177325066,31036.66375398819,48880.0748866858,6
g122,Right,Dendrite,29491.70381870051,29510.79398145335,49152.39716801751,6
g122,Right,Axon,50344.26649345329,33619.74600149595,47540.500568942254,6
g122,Left,Neuron,68486.6640711398,29625.520643574488,48135.3819423424,6
g122,Left,Dendrite,77890.47302425519,28860.118475513176,49925.394582607456,6
g122,Left,Axon,58071.94098805966,34558.67643044472,46655.66761717445,6
g123,Right,Neuron,44944.489991001916,28580.41175127372,46934.44009240825,4
g123,Right,Dendrite,40564.374218168414,27111.404936563165,45128.391698681015,4
g123,Right,Axon,54377.54273819009,29996.75962750936,47324.403600998354,4
g123,Left,Neuron,61773.47878140225,27449.233299976244,45848.46885171826,4
g123,Left,Dendrite,65654.32669516609,26405.437162342467,45489.2906810171,4
g123,Left,Axon,54557.395460826105,30061.110557695258,48646.058799411345,4
g124,Right,Neuron,34698.94742153847,44683.100643184414,54703.19559531925,7
g124,Right,Dendrite,35316.34733815824,51155.69483009493,54549.26940513217,7
g124,Right,Axon,33827.56354760851,36003.74369863935,54962.8520945379,7
g124,Left,Neuron,71395.90522249884,45050.16658981471,54939.749761956286,7
g124,Left,Dendrite,71111.68502598342,51954.24769246335,54621.08071294381,7
g124,Left,Axon,71532.37942072199,36952.86389844243,55056.332772593196,7
g125,Right,Neuron,32817.85784685143,34958.12469541273,47358.41780472285,3
g125,Right,Dendrite,33518.04032500024,35872.83676486556,45127.16193901791,3
g125,Right,Axon,31945.160357795845,33731.18685630339,50127.465150813696,3
g125,Left,Neuron,71011.04856176692,34032.43263511996,46480.74043564465,3
g125,Left,Dendrite,70528.43984519526,31651.785238242315,44665.12601007397,3
g125,Left,Axon,71601.827964731,38356.32108490225,49758.34393258399,3
g126,Right,Neuron,38363.547163782954,28313.131150064113,48487.791538704856,4
g126,Right,Dendrite,27502.723914365466,30176.096686855453,52419.57671574902,4
g126,Right,Axon,48949.45216441619,26501.979739107835,44371.85604325582,4
g126,Left,Neuron,65731.49666978451,26502.15394428033,45261.82277906996,4
g126,Left,Dendrite,75657.73025032648,29659.170877849505,52213.52122443894,4
g126,Left,Axon,56639.484778008125,26752.175728585647,42422.00209557507,4
g127,Right,Neuron,40941.18511415024,55882.9802587812,51585.720727205575,6
g127,Right,Dendrite,37077.16558157037,61337.74732742708,50923.41536268714,6
g127,Right,Axon,47387.95718258318,47207.10876599675,52396.9675545744,6
g127,Left,Neuron,68057.29364384824,55722.67191945859,48885.375790355094,7
g127,Left,Dendrite,72726.71341997194,62137.17721754218,49454.62037883338,7
g127,Left,Axon,61469.85065992877,49595.95684667648,50306.14021291079,7
g128,Right,Neuron,31806.348882972554,55009.14117398765,47962.520766055684,2
g128,Right,Dendrite,29388.748003341567,49406.42548959647,45740.46106446079,2
g128,Right,Axon,35020.688478491655,62795.15038823781,51144.00647643194,2
g128,Left,Neuron,74739.1293457523,54401.67575680955,47891.41433309174,2
g128,Left,Dendrite,75988.3749948803,50636.154854836896,45853.307573539634,2
g128,Left,Axon,72333.25790952829,61300.59847148875,50746.76159934691,2
g129,Right,Neuron,39747.088150469186,48279.92535133795,50663.3696766596,7
g129,Right,Dendrite,41155.2363793366,61377.19220682004,50702.636593833784,7
g129,Right,Axon,37896.116940100444,30489.891498571862,50728.73759517243,7
g129,Left,Neuron,66221.90864555951,46220.538999534634,49681.63350343959,7
g129,Left,Dendrite,66365.88852472467,60458.980401939494,49913.46222532238,7
g129,Left,Axon,63830.82555277876,26588.08540876057,47076.56311821153,7
g130,Right,Neuron,33083.066426175414,41512.08377661556,47321.207501571305,5
g130,Right,Dendrite,34785.07269084888,47954.834158820806,47869.29902768892,5
g130,Right,Axon,30719.519475014826,32153.338836770727,46642.952406508586,5
g130,Left,Neuron,73959.89255257101,40185.28147278726,48069.14477449669,5
g130,Left,Dendrite,71419.11097945098,48666.72392598467,48104.69044867499,5
g130,Left,Axon,76961.31811604288,31365.39453259174,47136.982374086394,5
g131,Right,Neuron,26488.810133112052,28915.253039209605,50708.05653867038,8
g131,Right,Dendrite,26892.03845204679,29906.70232632789,54373.39370013603,8
g131,Right,Axon,26040.243476675154,27639.41340025783,45884.95657795022,8
g131,Left,Neuron,79353.79817182281,29388.127432204255,50733.76234684858,8
g131,Left,Dendrite,79492.28497338555,31375.4162533564,55417.662739944375,8
g131,Left,Axon,78609.47147784397,27231.721689094436,45011.26365683036,8
g132,Right,Neuron,25864.52466783169,27683.931013633937,53213.97898589791,5
g132,Right,Dendrite,23147.390934205312,26817.905411501048,55007.622128442425,5
g132,Right,Axon,31182.911183485794,29222.74997299732,49875.83146266966,5
g132,Left,Neuron,80247.22048359615,27740.648609154396,54572.161846306226,4
g132,Left,Dendrite,82094.84522028446,28556.446842314093,57150.77755337107,4
g132,Left,Axon,75312.1023172143,26303.049723910073,48703.5499822821,4
g133,Right,Neuron,29232.522456209736,27068.777953321034,47849.93086015261,5
g133,Right,Dendrite,26311.237986461514,27150.594345976348,52305.82067283111,5
g133,Right,Axon,36712.69209444265,27004.252901826523,36831.68375207574,5
g133,Left,Neuron,73481.63190535086,25958.264533722093,44529.86317433888,5
g133,Left,Dendrite,78106.5916791373,26065.045349947024,51416.77433907635,5
g133,Left,Axon,68392.43477590404,25905.3753634176,37346.35521907204,5
g134,Right,Neuron,36435.95385435702,22417.206484404836,52053.50604860641,2
g134,Right,Dendrite,28479.359346418078,20344.949151175555,51529.23422272757,2
g134,Right,Axon,44685.963952617596,24575.79687383733,52698.0905950802,2
g134,Left,Neuron,71542.87096049945,21082.06372923632,48875.13291916334,2
g134,Left,Dendrite,79287.83329997608,21611.05594044479,52347.37368986938,2
g134,Left,Axon,66707.54826982705,20531.426942753857,45752.38207999447,2
g135,Right,Neuron,27117.343336450853,33866.61664532374,52171.42360509992,4
g135,Right,Dendrite,29066.688780391254,45451.421514815156,47128.772384534896,4
g135,Right,Axon,24787.25285694272,20175.22144155268,58172.483208588004,4
g135,Left,Neuron,78375.4280146942,33437.12968796642,51382.73624128518,3
g135,Left,Dendrite,76358.91176499556,46613.12942463898,45159.601279759096,3
g135,Left,Axon,80699.63362122315,21054.733132474335,57891.69083733075,3
g136,Right,Neuron,18698.35402932789,31424.620714674606,64837.65858922385,5
g136,Right,Dendrite,16827.398718739714,36406.21114646737,68590.73837566425,5
g136,Right,Axon,22246.292828898,22201.185438815144,57806.14272253353,5
g136,Left,Neuron,87442.3423140376,33191.989650179275,65655.44590374887,5
g136,Left,Dendrite,88860.60335898615,37385.16705295787,69217.95967243517,5
g136,Left,Axon,85066.19513120982,23406.772613694375,59027.84010463085,5
g137,Right,Neuron,54723.462153644614,29830.856520213933,45882.23379698496,7
g137,Right,Dendrite,33003.49517473217,28126.068947881246,45691.115589033165,7
g137,Right,Axon,69753.85372516955,27927.041930631272,43489.02982033247,7
g137,Left,Neuron,52436.141839328666,30502.090261722537,47964.86744026638,7
g137,Left,Dendrite,66836.96433572378,26954.542646782655,45374.220734865296,7
g137,Left,Axon,38498.112674393895,30191.354841155466,47573.12658907873,7
g138,Right,Neuron,14847.609660230848,39603.40213501814,70623.28706125429,3
g138,Right,Dendrite,12876.74674920113,41709.4471119528,71333.05921805253,3
g138,Right,Axon,17850.141148693237,36437.93517552601,69517.21747606252,3
g138,Left,Neuron,90051.26535458802,39581.59248694841,70413.61091876646,2
g138,Left,Dendrite,91459.25299264831,41277.756786839906,70936.97977529147,2
g138,Left,Axon,87845.757449641,37087.377241891154,69412.2092921815,2
g139,Right,Neuron,38627.2190348173,32172.11904458254,52482.051998189876,6
g139,Right,Dendrite,33942.133409027054,34329.2514709014,52345.26877841831,6
g139,Right,Axon,42434.30246833103,30440.04250725408,52579.025475038594,6
g139,Left,Neuron,67295.6816917774,31620.207307869437,51406.08985761927,6
g139,Left,Dendrite,73003.23027676991,32955.67770752378,53416.81842222116,6
g139,Left,Axon,61421.68717864767,30933.640839096235,49644.583790056095,6
g140,Right,Neuron,45438.659787458346,38024.20847457938,48557.09426138479,6
g140,Right,Dendrite,33754.97025061989,34811.05141044865,50091.090714281105,6
g140,Right,Axon,57122.99001574769,40008.78386349692,45601.500279446154,6
g140,Left,Neuron,62984.40899987796,35765.27332231427,49991.21339953767,6
g140,Left,Dendrite,75719.90162539788,31273.06516003328,51404.051732663254,6
g140,Left,Axon,51805.31610490853,41719.49713406225,49738.90378623874,6
g141,Right,Neuron,42272.87957780668,72009.25223736401,40716.010088962896,13
g141,Right,Dendrite,38523.56438176841,71899.44305620313,41721.39937965551,13
g141,Right,Axon,42651.7731677026,72221.4500461496,41736.93182943818,13
g141,Left,Neuron,62842.03797841561,71232.49619786434,39055.7323451919,14
g141,Left,Dendrite,63605.370828102576,71342.84501366272,39361.71308290499,14
g141,Left,Axon,65834.64746778332,72123.16368581662,40949.49418402002,14
g142,Right,Neuron,38656.59865052956,71007.83972863223,45385.567609998325,4
g142,Right,Dendrite,36348.53479562123,69865.1830042543,43141.523154677954,4
g142,Right,Axon,41963.91922722075,72606.62350742733,48435.11041199004,4
g142,Left,Neuron,68406.05300164221,70260.26931137478,42490.00724901009,4
g142,Left,Dendrite,70423.06718264268,69702.6153975471,40919.29141579667,4
g142,Left,Axon,64738.90129162655,71274.63673505487,45054.63319730513,4
g143,Right,Neuron,46607.981508136705,74078.94674419396,43539.575185922804,11
g143,Right,Dendrite,39788.4485509275,73983.22344641782,44304.63943256408,11
g143,Right,Axon,60271.5386550057,73936.77862335512,41241.04698381274,11
g143,Left,Neuron,59259.76544925199,73628.1088479015,43043.45813305476,11
g143,Left,Dendrite,64911.09580337799,72960.15683474028,43039.807297136416,11
g143,Left,Axon,49965.24958341042,74210.98164801409,43325.911440191056,11
g144,Right,Neuron,44986.58358597303,70141.1454398587,40163.35754950808,3
g144,Right,Dendrite,38072.66726581931,70626.73634413174,39837.87934194014,3
g144,Right,Axon,51929.33602537434,69575.88097936587,40311.217929720726,3
g144,Left,Neuron,60949.56649111114,69146.31267447444,40154.18237609114,3
g144,Left,Dendrite,68845.62854321949,68206.15968383869,38450.41213276591,3
g144,Left,Axon,52751.26595573357,69821.5021437186,41605.7492820659,3
g145,Right,Neuron,39342.752121413134,61387.47308077072,52210.91132946828,4
g145,Right,Dendrite,40863.365658028284,63282.554654631116,52711.74024867563,4
g145,Right,Axon,33607.999867989616,52919.53060502825,52707.732267595,4
g145,Left,Neuron,54965.20108615842,56299.32257925471,50817.06704140178,4
g145,Left,Dendrite,65036.11291279677,61674.533343597184,52522.56066128271,4
g145,Left,Axon,41152.89749944056,48420.42444516755,49871.99225862987,4
g146,Right,Neuron,59496.60737198617,54343.47818494986,39017.51912232299,2
g146,Right,Dendrite,54043.73367872178,53634.83580679717,40424.17070436223,2
g146,Right,Axon,66302.2547149294,55800.28532996685,37531.168635681555,2
g146,Left,Neuron,48756.48662116834,58665.15694290532,40817.41394486341,2
g146,Left,Dendrite,53444.17367112426,61944.235563936585,44244.564735292224,2
g146,Left,Axon,41263.45707475006,54427.72372873794,36089.493397793056,2
g147,Right,Neuron,47203.965667532924,75031.33106781749,62319.226672937,9
g147,Right,Dendrite,43351.338683051006,71297.5814106596,48236.81884633016,9
g147,Right,Axon,49263.977264172936,77932.07366774243,72589.28106903862,9
g147,Left,Neuron,57617.17758409715,72988.8889962213,62449.85596011948,7
g147,Left,Dendrite,62320.79905689303,69667.1382312138,48565.9848054041,7
g147,Left,Axon,52318.630169856086,78400.79374739369,79569.77752836706,7
g148,Right,Neuron,45946.55617162754,72164.10462106422,45126.77378938815,6
g148,Right,Dendrite,40551.09901958331,71412.3853824757,43965.00002999614,6
g148,Right,Axon,53348.932055102356,73097.05816854768,46516.710122947035,6
g148,Left,Neuron,59898.31913810323,71618.63002651736,43473.57116617154,6
g148,Left,Dendrite,65031.22048088862,70363.4562528624,41103.5209932363,6
g148,Left,Axon,52715.476433371994,73430.26732514531,46976.3322370168,6
g149,Right,Neuron,44629.209363743656,76044.82398396352,44701.77762646941,8
g149,Right,Dendrite,42785.35435063692,74909.7277748729,44336.94184959936,8
g149,Right,Axon,49322.424186579454,77768.22694594828,46327.41918556773,8
g149,Left,Neuron,60617.66019419049,75788.49847827374,43160.785253625036,8
g149,Left,Dendrite,65437.394947693756,73801.67007710117,44687.39755886298,8
g149,Left,Axon,49904.24854944784,78446.15753776194,46206.49323691778,8
g150,Right,Neuron,45708.0185906471,71933.34509388,41152.17137296903,7
g150,Right,Dendrite,41233.32740819538,70611.42780248106,43278.30505519267,7
g150,Right,Axon,60622.45917959163,70283.0150050733,41758.24733710359,7
g150,Left,Neuron,62603.660323400436,70872.75152478699,39732.026439571324,7
g150,Left,Dendrite,66400.16946463904,69679.45930770684,40942.19042580751,7
g150,Left,Axon,47526.0316910837,71397.838200304,45071.697655638774,7
g151,Right,Neuron,34277.82920376696,41223.58776552809,40255.06632411935,4
g151,Right,Dendrite,34363.575088777325,34491.741667980015,37508.36869034296,4
g151,Right,Axon,34125.505726804,51704.515569886236,44465.152586535194,4
g151,Left,Neuron,72904.31892435873,38931.86429120306,39131.2255145598,4
g151,Left,Dendrite,72598.7746677657,33182.07641948092,35737.108286030656,4
g151,Left,Axon,72466.24208378396,51668.95786046415,45058.12908964579,4
g152,Right,Neuron,56835.712142807606,35959.78494151216,37141.166219065875,2
g152,Right,Dendrite,50591.162505862565,32871.251212816234,36684.89320403828,2
g152,Right,Axon,65673.08908549671,40777.25844115744,38653.86690716199,2
g152,Left,Neuron,52936.66708505283,35008.319031889696,37261.81830675269,2
g152,Left,Dendrite,53460.30251150451,31638.820854094825,36849.9435160353,2
g152,Left,Axon,47829.52958662407,53444.74806581383,39554.45920188673,2
g153,Right,Neuron,37082.029908451215,49604.12435730163,61509.17151195849,3
g153,Right,Dendrite,37635.46454917828,40269.2773137925,54575.19410836886,3
g153,Right,Axon,36298.20020977206,62098.510036823274,70808.63681024138,3
g153,Left,Neuron,68095.36584045293,50662.757682954376,61529.70664530131,3
g153,Left,Dendrite,68280.42004132604,42927.0654320922,53049.02780653139,3
g153,Left,Axon,66942.30870797843,63077.449951896946,72550.27659315069,3
g154,Right,Neuron,52691.71539326668,35578.05914888191,44346.08178577998,2
g154,Right,Dendrite,39685.03179931851,32925.44214221126,44730.99041815334,2
g154,Right,Axon,74196.48147166475,38670.3197868523,42359.97100754028,2
g154,Left,Neuron,58145.997031689774,37799.40615158465,45466.374409447555,2
g154,Left,Dendrite,67575.06376176252,36253.81778869279,45686.47704034091,2
g154,Left,Axon,33891.798186839726,37696.75258500175,43286.4095498123,2
g155,Right,Neuron,41756.15598969314,40028.98867891438,43719.49023715249,3
g155,Right,Dendrite,45746.33409891074,36029.01970272301,38691.61463133541,3
g155,Right,Axon,37431.45301123389,44805.01266182153,49682.17280604778,3
g155,Left,Neuron,68617.5013263898,39286.986929226296,42270.23409669492,3
g155,Left,Dendrite,64772.734195964105,34184.88895481386,36605.956897270175,3
g155,Left,Axon,72089.97098861301,44675.96487900763,48826.33059615965,3
g156,Right,Neuron,41792.83463073382,59230.619908945606,60130.66325487486,10
g156,Right,Dendrite,34460.79387943025,50793.12308923553,50278.980579924835,10
g156,Right,Axon,49567.68312573917,70070.68657590958,74159.12951282837,10
g156,Left,Neuron,61528.29693532831,56087.27958775508,59809.432904215355,7
g156,Left,Dendrite,71280.48864771026,49827.86579146259,49231.06174973493,7
g156,Left,Axon,49727.64014030539,64852.545535438345,69956.8706502281,7
g157,Right,Neuron,35639.27720557078,49034.10720633908,53713.0749232122,5
g157,Right,Dendrite,36289.65620667889,54495.20373076515,59452.598456252745,5
g157,Right,Axon,36459.75007406471,43943.70623415772,48051.445885894,5
g157,Left,Neuron,70679.46586950678,48421.916260434904,52748.49132228069,4
g157,Left,Dendrite,70761.91768007351,52468.10907385804,58504.10444624332,4
g157,Left,Axon,66734.4035030693,42930.40238121495,47035.14295461,4
g158,Right,Neuron,39078.420945115504,44517.73360327016,49175.27294210862,8
g158,Right,Dendrite,34459.23814025567,47372.95157223851,51464.515172989246,8
g158,Right,Axon,43692.60840562582,42026.76541238206,47146.186014359366,8
g158,Left,Neuron,65351.474545659534,41960.364390024035,49481.85974742675,8
g158,Left,Dendrite,72911.05193009334,44609.87091070469,52852.74263874627,8
g158,Left,Axon,60382.71034253493,40648.805463810066,48133.733781536415,8
g159,Right,Neuron,48982.59004958573,48331.96627008256,58484.87483860151,4
g159,Right,Dendrite,32767.641474303262,43080.874431647724,48723.1992161826,4
g159,Right,Axon,69647.38558612883,52606.006250432656,76807.28726929105,4
g159,Left,Neuron,57586.39397545956,47322.52478739094,61835.29330998753,4
g159,Left,Dendrite,72729.19641700706,41860.13394320557,46666.23460666583,4
g159,Left,Axon,35474.7016498419,56423.662098012916,86897.07741722358,4
g160,Right,Neuron,54709.35572937741,45299.134296093,46817.40410338373,3
g160,Right,Dendrite,34514.60010665287,41097.66551063935,39363.69820800838,3
g160,Right,Axon,69845.74943238433,45868.1207431641,53160.497437774626,3
g160,Left,Neuron,52510.7332297287,46253.20071314138,45181.17285312561,3
g160,Left,Dendrite,70299.8613430285,41956.13175983535,40126.1209772568,3
g160,Left,Axon,37269.20233371732,48193.798771919945,47314.947579835636,3
g161,Right,Neuron,43301.69425832025,47396.152446282096,58306.59653705082,10
g161,Right,Dendrite,36786.55959728288,38036.57364209843,50028.498608681984,10
g161,Right,Axon,49368.42624509429,63155.71918279683,72022.19950731524,10
g161,Left,Neuron,62301.280882337225,49595.15109587285,62927.25016632369,11
g161,Left,Dendrite,68511.58140883283,39797.40042330756,50535.75817202573,11
g161,Left,Axon,47516.500153073124,67855.82083614747,81325.13534727592,11
g162,Right,Neuron,38369.28534350937,36208.1483971029,45715.2502660686,3
g162,Right,Dendrite,37830.97953565009,34227.80106358248,46588.91273793974,3
g162,Right,Axon,39821.21010846835,40983.870442480424,43592.70124422319,3
g162,Left,Neuron,67696.55432228486,40565.19730618838,44995.474464906976,3
g162,Left,Dendrite,68479.66895177319,37055.775329976794,45886.309143672814,3
g162,Left,Axon,66791.55494358018,44542.73173333012,43942.741087840805,3
g163,Right,Neuron,34214.57584203027,47738.31234453502,52626.589763318625,5
g163,Right,Dendrite,35372.0886678602,43114.07005504469,52796.52247763788,5
g163,Right,Axon,32358.056096956687,55207.90531958248,52273.86519972803,5
g163,Left,Neuron,71803.57695433368,49449.49671749463,52378.96394647523,5
g163,Left,Dendrite,69203.48712962755,46001.32751103255,52493.489822004,5
g163,Left,Axon,74996.68681850351,54902.206585706444,53105.917046056056,5
g164,Right,Neuron,35355.21294764148,51907.701457667026,61615.26467806815,4
g164,Right,Dendrite,31121.5843027957,45692.46452118107,49602.79851926841,4
g164,Right,Axon,39063.51260442171,57375.330689801034,72398.54349654274,4
g164,Left,Neuron,71418.77686830415,48012.19222639933,62198.616268039084,4
g164,Left,Dendrite,74271.379508612,44953.07508231548,49268.287950525635,4
g164,Left,Axon,65216.26986068768,55488.60871721601,77723.71958454992,4
g165,Right,Neuron,47161.34400107064,50832.30638663751,50395.38937479495,3
g165,Right,Dendrite,28149.014158974936,45269.28606760592,44481.70042056947,3
g165,Right,Axon,69871.74355958786,54164.8094634624,59782.62063155925,3
g165,Left,Neuron,64398.33342097978,48799.13005161162,48738.992245594476,4
g165,Left,Dendrite,74310.40349195835,46060.238622058205,44242.65388169088,4
g165,Left,Axon,35042.017154133166,55224.12732573731,57799.952487966766,4
g166,Right,Neuron,34463.893640302136,48625.34310446353,50457.11860369917,6
g166,Right,Dendrite,30907.1861716667,46693.667480183816,47527.174978330695,6
g166,Right,Axon,38782.66125526516,51187.81769481631,54290.547151561776,6
g166,Left,Neuron,73841.89892679329,47024.28641087675,48684.73411083995,6
g166,Left,Dendrite,75810.61326551248,47275.99619373588,48075.94018575462,6
g166,Left,Axon,71315.3605232484,47205.39716117421,49883.95470750194,6
g167,Right,Neuron,44068.42735585216,58244.23469481146,63082.267951762864,6
g167,Right,Dendrite,33055.23009965436,47843.747269536645,51649.71010516294,6
g167,Right,Axon,48225.5964952469,70765.72273950248,76653.29685998382,6
g167,Left,Neuron,62857.014488574816,55941.504238296635,61789.8928832183,7
g167,Left,Dendrite,74155.36168031137,48045.17458935489,50547.55944355407,7
g167,Left,Axon,49146.649944194236,70901.51027563182,76420.65946674233,7
g168,Right,Neuron,30773.91838205263,53190.082781649806,52004.52351265067,3
g168,Right,Dendrite,29596.923855831552,48526.992243275236,47047.48598102154,3
g168,Right,Axon,32780.77657211818,61068.48625629325,60697.731689637316,3
g168,Left,Neuron,71982.01886814852,58354.8060176061,57163.70848550582,4
g168,Left,Dendrite,74276.88095793693,49669.86054213729,48461.32410706686,4
g168,Left,Axon,69109.18778634198,75595.0253470806,69608.16692122784,4
g169,Right,Neuron,39538.61997417257,43103.92283299207,48870.90486803225,3
g169,Right,Dendrite,34499.2133289344,40216.558108708945,51449.76353070074,3
g169,Right,Axon,49198.4087792552,48126.02864531702,44133.66539932974,3
g169,Left,Neuron,65482.758551383304,44790.26592048988,47433.15413404978,3
g169,Left,Dendrite,72653.35008735704,43156.929613267814,50360.319253892194,3
g169,Left,Axon,54267.6866638412,47153.57567675193,44761.5852704301,3
g170,Right,Neuron,39965.55639534778,54572.45217857518,55770.90629529857,5
g170,Right,Dendrite,35757.883270699655,53077.3771161899,53058.64567261257,5
g170,Right,Axon,46380.80926259032,56810.58914519108,60239.36921020324,5
g170,Left,Neuron,64877.367570756884,54697.37235254656,56634.93603535947,5
g170,Left,Dendrite,69565.85189502324,53546.87161495885,54258.95381075076,5
g170,Left,Axon,58951.614735322226,56527.954230767085,59762.36001153205,5
g171,Right,Neuron,35834.46645115283,41212.78996303386,43471.929079804206,4
g171,Right,Dendrite,32522.016709098876,39806.449819105226,40430.61399277554,4
g171,Right,Axon,41762.100469529,43616.86936266273,48617.16266502923,4
g171,Left,Neuron,70710.66868575428,40357.74624811724,43815.19508868048,4
g171,Left,Dendrite,72838.15592653095,39594.557639065286,41206.12375319937,4
g171,Left,Axon,66605.99741800819,42057.69323091043,48027.712006807276,4
g172,Right,Neuron,44798.47421644597,33415.75527951689,44413.847858845125,2
g172,Right,Dendrite,36235.88885591701,36084.37093442719,43312.92560061946,2
g172,Right,Axon,54833.856371975635,29545.427390272514,43674.315270852945,2
g172,Left,Neuron,62422.58958099659,35577.33228405015,43726.08849071056,2
g172,Left,Dendrite,67982.605488867,40234.824717878175,45433.00393031863,2
g172,Left,Axon,52028.753563534876,29404.86766177334,43790.99839841912,2
g173,Right,Neuron,46408.6941208712,48112.80980679627,59025.82634700723,6
g173,Right,Dendrite,35763.58194951734,39597.371861760126,49193.80129856826,6
g173,Right,Axon,57007.57440629133,62078.16202706249,78839.47203827425,6
g173,Left,Neuron,59375.61903635268,49060.414657174755,63407.42198241107,6
g173,Left,Dendrite,69972.47011503414,41512.490029242574,49174.74605098429,6
g173,Left,Axon,45479.85278604224,63900.007055965565,88421.58688213339,6
g174,Right,Neuron,36255.28390386472,44560.72374425829,50565.70983932467,8
g174,Right,Dendrite,35612.70670196532,42857.345579402136,49132.39922078986,8
g174,Right,Axon,37141.868343034315,46823.12163262,52430.48179950767,8
g174,Left,Neuron,69859.12649542658,46343.18135856788,49873.86281169902,8
g174,Left,Dendrite,70565.9449270057,46686.27559289198,48822.09771789149,8
g174,Left,Axon,68950.47304376391,45854.6222679946,51143.73826775163,8
g175,Right,Neuron,36864.23019090126,34581.1074466349,47456.05053987884,10
g175,Right,Dendrite,34075.17654302214,31927.880311116853,46082.81985852493,10
g175,Right,Axon,42114.90265353095,39527.64888688332,49896.2545794524,10
g175,Left,Neuron,67551.67057985599,33278.49000252898,47052.33825248867,10
g175,Left,Dendrite,71580.64333173585,30389.320124114976,46463.89971532779,10
g175,Left,Axon,60899.507991162085,40231.62053484958,48086.1507975508,10
g176,Right,Neuron,33966.415992868126,34528.868922430054,56597.19370856226,7
g176,Right,Dendrite,33499.869582943895,33515.477311668044,55923.40390980069,7
g176,Right,Axon,34543.2588156168,35365.42628197375,57336.30222595392,7
g176,Left,Neuron,71629.753701587,35437.9153118046,56469.62295882667,7
g176,Left,Dendrite,72979.49053717018,35436.39587722567,56627.759096818634,7
g176,Left,Axon,70357.9241845091,35419.54706762928,56373.53094184672,7
g177,Right,Neuron,49229.761121752286,33212.30168763141,53280.69407072051,2
g177,Right,Dendrite,42292.14503286737,29808.67408947089,50969.25797315466,2
g177,Right,Axon,52414.04950267239,34467.18790112846,54027.090228192596,2
g177,Left,Neuron,61460.97664334409,30842.202888558902,52164.66477539735,2
g177,Left,Dendrite,66234.14838721213,29799.01868713501,52638.8432697347,2
g177,Left,Axon,53938.06436188368,33351.757734668085,53358.65856268134,2
g178,Right,Neuron,45871.162868981206,38939.228582611606,54376.403680414245,6
g178,Right,Dendrite,41195.774368388345,39222.49970943328,53375.372499717145,6
g178,Right,Axon,54133.701803140066,37569.05359076017,55162.92822871553,6
g178,Left,Neuron,59238.04625055773,37754.517330082606,52471.7468031932,6
g178,Left,Dendrite,64710.328248920116,38915.66523336368,51757.45608048072,6
g178,Left,Axon,51981.56277894821,36106.198686895324,54042.55647153176,6
g179,Right,Neuron,33444.08600193035,54995.57479731763,52352.56476575241,3
g179,Right,Dendrite,33814.63845186647,60680.07752981344,51804.32023500002,3
g179,Right,Axon,32910.90727199137,45749.25541716477,53253.76714706504,3
g179,Left,Neuron,72895.18820835714,53107.6194692237,52892.01990065677,3
g179,Left,Dendrite,72970.91779057727,61112.346119741895,52297.3515102698,3
g179,Left,Axon,72649.58897896962,44718.88501197518,53653.68636399183,3
g180,Right,Neuron,19030.06261184887,36041.76257152138,66560.34290999142,1
g180,Right,Dendrite,15173.112777692279,38613.861845140855,70750.40672803631,1
g180,Right,Axon,23707.083159667996,32920.72829032345,61477.780864558226,1
g180,Left,Neuron,85315.31181618523,34978.50900312286,64912.66003759147,1
g180,Left,Dendrite,88377.89590106955,36741.622308943275,68218.21207854761,1
g180,Left,Axon,83701.53715699304,33489.00391320283,62540.46595461336,1
g181,Right,Neuron,77519.43944332017,41175.36432946147,52303.61712372745,4
g181,Right,Dendrite,74517.98522650947,50942.035568540334,48321.47611033861,4
g181,Right,Axon,82288.3455678499,29310.00933949322,56295.42958597171,4
g181,Left,Neuron,28761.20531563902,41555.739984726686,51872.79581755923,4
g181,Left,Dendrite,33937.78395660529,53658.61557430179,48855.452831442366,4
g181,Left,Axon,23328.764756787237,28593.508101514253,55427.56329741732,4
g182,Right,Neuron,40415.317555453534,33568.59882068336,51801.10417148771,3
g182,Right,Dendrite,36731.001104187024,29931.16020863629,49623.43934263202,3
g182,Right,Axon,46956.02679517056,39592.61518677158,54784.54288425777,3
g182,Left,Neuron,62872.84425591364,32022.245232103858,50446.280171066996,3
g182,Left,Dendrite,68321.09488985359,29213.12078101841,48802.793084601595,3
g182,Left,Axon,53927.627991516085,37661.15805178528,53740.56462602312,3
g183,Right,Neuron,31159.229022986718,35459.47960184247,55785.42614740773,1
g183,Right,Dendrite,34795.71311313127,36192.07854741826,54644.74902113044,1
g183,Right,Axon,27198.406207308228,34745.09382000813,57129.5539895977,1
g183,Left,Neuron,74593.54679259633,34829.404101577165,54920.12871450834,1
g183,Left,Dendrite,71156.39326887282,34373.99283882166,53769.13607021198,1
g183,Left,Axon,79526.20727259919,36180.25312467585,57499.73322245437,1
g184,Right,Neuron,44473.55162104482,39994.133487367064,54662.58251942307,4
g184,Right,Dendrite,39445.78523425494,34472.14587092131,52143.414195610305,4
g184,Right,Axon,50698.10431377287,47235.249189377784,58119.80909932847,4
g184,Left,Neuron,59955.963452918375,43246.10994065966,54887.619847731985,4
g184,Left,Dendrite,64061.59399309199,33503.97030701928,50935.23084256934,4
g184,Left,Axon,56221.80515046792,49987.08752874895,57114.79666237871,4
g185,Right,Neuron,37937.85114117789,50954.07050141756,81689.29040855524,3
g185,Right,Dendrite,33995.667180849225,38717.96063640348,55357.42522452322,3
g185,Right,Axon,42219.694560510005,61495.50639830316,112150.68107640883,3
g185,Left,Neuron,61037.34656936911,53980.75089399191,87189.88931549428,3
g185,Left,Dendrite,69520.83761789968,37645.3233115132,53158.60023494267,3
g185,Left,Axon,58572.176033419935,62896.248419693715,117256.7978472437,3
g186,Right,Neuron,44460.324160522425,38512.68323100297,50904.79647728749,4
g186,Right,Dendrite,37556.58143540121,42996.472565878226,52266.363398372814,4
g186,Right,Axon,50549.83763445282,34698.20225914405,49353.27252757558,4
g186,Left,Neuron,58618.3779179905,39786.97025565783,49769.54737539839,4
g186,Left,Dendrite,69315.56670760429,45767.13612620115,51481.726579272654,4
g186,Left,Axon,50215.84842005333,35746.69065110862,49761.828433278686,4
g187,Right,Neuron,44034.24589863321,39451.54696995139,54771.60633368861,12
g187,Right,Dendrite,36665.66037609702,39605.76995627618,52583.61870601249,12
g187,Right,Axon,52987.86123854469,38671.32019227591,56567.713635673615,12
g187,Left,Neuron,61790.264469325724,39468.54341674763,53187.11938392884,13
g187,Left,Dendrite,68724.74247725507,40859.11573043296,52655.93703667774,13
g187,Left,Axon,52265.14622584172,38614.4808535935,55006.0254617111,13
g188,Right,Neuron,47246.32286908731,37451.4564264918,46918.33249970496,6
g188,Right,Dendrite,29994.262237424526,35573.16383538855,47423.85678784344,6
g188,Right,Axon,72185.99506510084,36425.2342523033,41811.95386418269,6
g188,Left,Neuron,58299.49202085201,37920.85458170571,45204.14574834272,6
g188,Left,Dendrite,75272.16423356612,36013.58281215489,46730.92237632555,6
g188,Left,Axon,33895.11103693286,38339.890164309494,42448.920712267056,6
g189,Right,Neuron,40121.46752457939,31907.361540233807,42760.99146439761,6
g189,Right,Dendrite,37677.135304134514,30065.941837868926,42652.223306286774,6
g189,Right,Axon,43922.1779859557,34558.9937922739,42852.43689557633,6
g189,Left,Neuron,65163.20196251472,31986.84468893476,42076.1070242241,6
g189,Left,Dendrite,68226.37160348894,29989.79247625186,41970.698602986406,6
g189,Left,Axon,60847.86054488249,35653.904774765906,42523.78983800037,6
g190,Right,Neuron,41810.54374197056,37849.308866880565,49709.07194754367,12
g190,Right,Dendrite,29918.63624142938,32164.53423348682,46422.09249206923,12
g190,Right,Axon,61838.7211162944,44247.799730235914,53681.17662136633,12
g190,Left,Neuron,64108.78706695706,35299.60169503763,49451.36695752616,12
g190,Left,Dendrite,75892.21088673144,31315.00444590379,46233.84835141452,12
g190,Left,Axon,48882.33287861982,43152.482100158,53442.25291365577,12
g191,Right,Neuron,40950.98002575926,35283.287782593434,46061.0134802301,6
g191,Right,Dendrite,28702.24932345972,30998.354208723133,43936.94965683994,6
g191,Right,Axon,57458.87250566472,38928.40780927503,47040.78087800694,6
g191,Left,Neuron,64045.29713775846,31370.135052280493,43670.84655383346,5
g191,Left,Dendrite,77798.71906977332,29727.657793852482,42123.26763445156,5
g191,Left,Axon,50989.662863394326,36918.03095355907,46151.56152984183,5
g192,Right,Neuron,38389.599255321904,41860.77808366649,53036.43604038701,9
g192,Right,Dendrite,29074.248855364443,40889.34689746509,50547.29526307588,9
g192,Right,Axon,51502.52628568841,42549.818964843624,55655.052155061785,9
g192,Left,Neuron,66773.14982505789,39836.07940308147,49718.28034341319,9
g192,Left,Dendrite,75467.81734682735,41630.12111411576,51392.98024861301,9
g192,Left,Axon,56229.07040441728,39290.11584810183,49105.514808650965,9
g193,Right,Neuron,26557.059075209145,36946.04708607373,54487.496653000235,2
g193,Right,Dendrite,27120.789280584242,38627.91636637598,56836.44246583276,2
g193,Right,Axon,25582.19344176308,33784.08952808944,50046.56636085928,2
g193,Left,Neuron,79863.1160884509,36601.27390846399,54057.22831577051,3
g193,Left,Dendrite,79092.9319997914,38048.518245639985,56285.41426881222,3
g193,Left,Axon,80936.07662614176,33657.84181885933,49327.08345986772,3
g194,Right,Neuron,26411.370796953346,38458.776091312226,51160.62411214037,4
g194,Right,Dendrite,25794.803559993044,42739.63355781302,54479.632916620416,4
g194,Right,Axon,27124.045277852274,33159.04114478672,47003.952107739635,4
g194,Left,Neuron,77829.49784323397,39875.10194230087,51848.84542105722,3
g194,Left,Dendrite,75654.35854089877,47146.41749459972,57679.91404834943,3
g194,Left,Axon,78978.7177239349,33091.07971482025,45597.23950580547,3
g195,Right,Neuron,34846.55932088981,45980.307499109316,70878.44625872628,6
g195,Right,Dendrite,24981.243142815056,30779.755685538858,49919.76429066134,6
g195,Right,Axon,47334.63713062448,65486.46265361071,98584.21999867658,6
g195,Left,Neuron,69250.89127463292,44070.64187046552,72893.04010039674,6
g195,Left,Dendrite,78841.14294275336,29839.520871677858,49117.41922977814,6
g195,Left,Axon,56572.17061604199,63485.244859556755,94522.44088531841,6
g196,Right,Neuron,25763.06419345567,27857.44328432958,47210.60809704427,2
g196,Right,Dendrite,24791.38271559548,27568.524269192596,46817.876950683676,2
g196,Right,Axon,28206.1572717408,28653.67426168626,48240.07722310891,2
g196,Left,Neuron,78702.09336556612,26910.38065204645,46088.51962077328,2
g196,Left,Dendrite,81284.69975293285,26459.952670611685,45747.585914240946,2
g196,Left,Axon,76194.78276030681,27444.371013155527,46433.1277596698,2
g197,Right,Neuron,26882.45465830174,32688.794923367834,47326.64821722588,3
g197,Right,Dendrite,21956.86958838101,29413.659768747024,49735.76215593569,3
g197,Right,Axon,34999.4387248036,38054.27316567152,44105.30821284435,3
g197,Left,Neuron,76826.46336510692,34205.01701134119,47143.50101950164,3
g197,Left,Dendrite,81540.16295986938,30335.028654433656,46389.7225107382,3
g197,Left,Axon,68922.26906547823,43328.70943021535,46778.68324204469,3
g198,Right,Neuron,41047.21486771065,31184.24759734295,47208.85920069205,3
g198,Right,Dendrite,24415.720976412802,34923.508539271315,47951.946343302574,3
g198,Right,Axon,55403.63432350407,27104.204890710178,43798.65453475752,3
g198,Left,Neuron,63559.510255808396,27312.200733702495,42236.75768649218,3
g198,Left,Dendrite,82121.44433851865,32395.098762234302,43049.64572951537,3
g198,Left,Axon,46683.30857106198,27974.43527337229,45805.87253108465,3
g199,Right,Neuron,33464.41815926435,44333.226670925935,57360.58661511117,4
g199,Right,Dendrite,25133.404637011143,36695.072627677524,48862.60347261901,4
g199,Right,Axon,43834.16341713818,53675.7142266962,67930.0598834662,4
g199,Left,Neuron,71985.1843430812,42305.68833963356,59586.45770980568,3
g199,Left,Dendrite,75666.71937416082,32456.79295315771,45837.21042661488,3
g199,Left,Axon,58126.89803017798,65686.95158255225,80490.10319728733,3
g200,Right,Neuron,38710.86694117754,42292.81236700157,51107.7143796116,4
g200,Right,Dendrite,30486.130426225744,31051.824867720305,44319.6377916877,4
g200,Right,Axon,50628.96664703797,60077.4057931313,61972.67806651773,4
g200,Left,Neuron,69428.92206903742,40817.36656044974,53475.67405948825,4
g200,Left,Dendrite,76204.44499601515,31071.127472655804,43142.86238060422,4
g200,Left,Axon,49985.90491429524,67285.92766156256,68157.38208962162,4
g201,Right,Neuron,36633.64921762113,41945.750679097684,64294.49757680316,8
g201,Right,Dendrite,30119.123002175333,35222.68952796261,50697.0310009513,8
g201,Right,Axon,47150.60518180018,54732.80717219157,90802.80056126002,8
g201,Left,Neuron,65570.22416740275,42099.88241583282,64107.934143022314,7
g201,Left,Dendrite,74917.90299913083,34217.302173934426,49540.271588272524,7
g201,Left,Axon,49588.55435285355,57005.25313077744,83394.53027797242,7
g202,Right,Neuron,39099.58570766711,34191.726949388554,49439.21639761437,6
g202,Right,Dendrite,33297.129263561685,32004.679648710586,51869.02848751833,6
g202,Right,Axon,45940.73237612959,36480.346148897785,46515.999026420104,6
g202,Left,Neuron,65006.217399345565,34637.462999676114,48457.927917079534,6
g202,Left,Dendrite,70790.26727548406,33036.437779630985,51478.46045834285,6
g202,Left,Axon,59540.05067124964,37243.610440705284,46368.70796873244,6
g203,Right,Neuron,57147.02751407778,41744.60751506016,41286.05384066355,11
g203,Right,Dendrite,51278.73631731373,35054.98173579981,36098.260966137495,11
g203,Right,Axon,62017.05305293939,48950.4975524759,48078.66673603717,11
g203,Left,Neuron,53993.4058154411,42029.193526711184,42123.58288588518,11
g203,Left,Dendrite,58034.781242029814,34084.336533278736,35699.33240358618,11
g203,Left,Axon,48778.51789496517,49476.12576321121,47296.06990331814,11
g204,Right,Neuron,30488.920143677213,27274.467433515943,40762.63889903573,3
g204,Right,Dendrite,26075.290542355215,23997.60827082995,49737.79811156381,3
g204,Right,Axon,34237.31542546011,30252.198311929515,33004.54936465899,3
g204,Left,Neuron,72925.03215411947,31488.70162085147,34438.41509987764,2
g204,Left,Dendrite,76471.65352427932,30652.128491604377,34719.41065121001,2
g204,Left,Axon,69549.23711880816,32971.63978067759,34267.10807272181,2
g205,Right,Neuron,53903.17478031091,55858.06964672143,80996.78221345328,4
g205,Right,Dendrite,58794.61775384577,39924.11082644287,47116.05569515045,4
g205,Right,Axon,57989.13470263907,73905.21535356165,124161.7844537739,4
g205,Left,Neuron,47956.303987697815,54954.940179038465,78564.62406740757,5
g205,Left,Dendrite,52314.698386976146,41182.65262974474,49479.36896650217,5
g205,Left,Axon,49541.33373332156,68408.83634689334,111745.39414106685,5
g206,Right,Neuron,40148.24616972231,45097.07647583967,50338.08199842848,3
g206,Right,Dendrite,35296.86719472076,41712.24726913431,46585.56236003528,3
g206,Right,Axon,43875.04331912311,47763.35221413618,53407.483330544186,3
g206,Left,Neuron,63660.575552381226,45630.071093481536,53677.24774750814,2
g206,Left,Dendrite,69193.42648505565,38766.437816554586,44330.5780513045,2
g206,Left,Axon,57235.4716843103,52572.06094282569,61700.30438032072,2
g207,Right,Neuron,64238.812178904904,67292.71943696831,65841.81428750069,4
g207,Right,Dendrite,61849.5922810238,52819.708027681125,58097.89802941258,4
g207,Right,Axon,72411.2350202668,73831.98625410013,70447.37329999774,4
g207,Left,Neuron,48613.3124151954,69587.25340838004,82982.31451687255,5
g207,Left,Dendrite,50194.51423626895,67993.10217619255,66814.24000522259,5
g207,Left,Axon,49462.283640830974,70181.28055880932,93193.81453859602,5
g208,Right,Neuron,44725.75016141758,75849.60422256091,81248.01352239426,1
g208,Right,Dendrite,51765.34438458575,80313.02119416368,61630.333821744025,1
g208,Right,Axon,38901.64745948792,72956.38015570419,95239.07162603902,1
g208,Left,Neuron,60053.96831137349,76167.41816135,57755.29349857903,2
g208,Left,Dendrite,59954.591428493804,77476.5339878584,61362.99741327022,2
g208,Left,Axon,60287.992867559275,74517.37837398182,53192.13316793876,2
g209,Right,Neuron,52425.16067973052,39440.12937617644,42110.27575984613,3
g209,Right,Dendrite,47482.49589884349,50023.45483123812,48751.63904346876,3
g209,Right,Axon,55918.39155962627,17809.06945432702,27108.005304788014,3
g209,Left,Neuron,62391.60928405163,43012.8184211074,43359.99487228741,3
g209,Left,Dendrite,62931.36342214247,49369.24861252146,48143.20822856452,3
g209,Left,Axon,54908.970246956815,18233.383568583587,26827.820969576143,3
g210,Right,Neuron,50056.49426669517,63601.77230582288,68807.56525869037,3
g210,Right,Dendrite,52482.94766281355,61322.056256738804,65191.13719622544,3
g210,Right,Axon,48486.292908149284,66581.6196372016,75616.2120777822,3
g210,Left,Neuron,58394.42046203353,52243.50004136812,56668.44767808719,3
g210,Left,Dendrite,70628.4253672556,47975.96254437798,57402.47016381393,3
g210,Left,Axon,45697.289335330526,57590.71070458877,60751.03404289199,3
g211,Right,Neuron,51098.54423703009,53583.91492186414,53298.06062599648,2
g211,Right,Dendrite,35865.02072204776,66883.87682291091,49748.56185482391,2
g211,Right,Axon,66648.62021427485,36446.699491570536,54484.025272351835,2
g211,Left,Neuron,57221.04112571707,52429.99941572311,49954.530191702426,2
g211,Left,Dendrite,71534.23160351682,66287.57717748788,48087.24593990136,2
g211,Left,Axon,43945.98366793666,41630.41536083916,52931.10045296494,2
g212,Right,Neuron,53535.21276903034,69655.66535522361,51460.80716916351,5
g212,Right,Dendrite,47940.46505094848,64120.5169807024,48502.149262287516,5
g212,Right,Axon,60054.7525498008,75106.35720248676,55476.123838511725,5
g212,Left,Neuron,53615.25399880267,69317.55249415927,50822.23433175187,6
g212,Left,Dendrite,57029.47905667888,62992.37241695312,46960.2292527289,6
g212,Left,Axon,51570.9102835963,75698.45071124821,54847.74786266953,6
g213,Right,Neuron,40244.165054457415,48760.241897835695,75148.88094790766,3
g213,Right,Dendrite,38129.67976250502,35076.680246784614,56121.44860890772,3
g213,Right,Axon,43232.83535753981,65643.97201901532,99503.6984126326,3
g213,Left,Neuron,58473.54508333418,57569.50571168352,89475.01842732128,3
g213,Left,Dendrite,65931.61776041766,40768.2046098432,60425.2237607323,3
g213,Left,Axon,58984.607939457856,68348.8584500935,110957.34007698426,3
g214,Right,Neuron,37539.68521773971,39526.15081143643,55623.51733305323,2
g214,Right,Dendrite,37226.61320986745,38732.134141675,55836.73132455129,2
g214,Right,Axon,37927.499505400054,40632.9897700047,55339.376281616904,2
g214,Left,Neuron,67343.17981849166,40435.39608788035,54215.04241658425,2
g214,Left,Dendrite,68548.01177289484,37340.69418314312,53703.23280218455,2
g214,Left,Axon,66842.7263086582,41869.674333969364,54381.19007684623,2
g215,Right,Neuron,51523.27196178471,36674.630547682806,57303.62638524929,3
g215,Right,Dendrite,46209.02515487929,32494.79828591932,52635.30132788061,3
g215,Right,Axon,61592.8978212197,48110.29937054404,75485.49272256468,3
g215,Left,Neuron,57510.63087063402,41587.701552540464,60651.18234075327,3
g215,Left,Dendrite,59453.462242623864,32796.503740209795,52189.24738577412,3
g215,Left,Axon,50604.890324485306,57762.0530275255,74110.90221056381,3
g216,Right,Neuron,39732.686334318474,62991.57621411604,64282.89887471615,3
g216,Right,Dendrite,41877.5191282744,55092.99739826196,54060.54045110087,3
g216,Right,Axon,36541.184582585556,75583.96515284319,81267.07694435712,3
g216,Left,Neuron,63399.79260268457,63981.45307858004,66735.38049252404,3
g216,Left,Dendrite,63534.66502449329,59477.871172572646,57370.21190179302,3
g216,Left,Axon,64066.299801148736,68599.50566083749,76231.32268295842,3
g217,Right,Neuron,45604.74007029941,62002.258261106,64890.661828645694,4
g217,Right,Dendrite,36693.01630548501,50025.07545861641,56843.77443727034,4
g217,Right,Axon,49861.951283314884,76123.65834262766,74727.74810283228,4
g217,Left,Neuron,61228.83978291216,58501.45342305731,63691.31131296693,4
g217,Left,Dendrite,73504.39479423517,47147.153928903295,54568.7804827411,4
g217,Left,Axon,49228.06991232697,72127.8150088617,72104.5470466244,4
g218,Right,Neuron,39438.21362688114,60567.921241548924,81513.51373871307,3
g218,Right,Dendrite,36858.37778067464,52347.98579082283,58221.86209865874,3
g218,Right,Axon,42778.29685115761,70178.36495680982,111647.48214345748,3
g218,Left,Neuron,61464.14307215117,64822.51784931675,92037.01800860954,5
g218,Left,Dendrite,66011.8489017578,55933.39598466186,66953.23772333868,5
g218,Left,Axon,60448.50969299182,71213.22743215966,115619.52806742134,5
g219,Right,Neuron,64549.85509277557,38669.64487892815,52784.274765819035,6
g219,Right,Dendrite,65241.33672601769,55954.507564748,49362.23386502987,6
g219,Right,Axon,69217.78935921623,26229.120023894713,58838.550105409755,6
g219,Left,Neuron,42844.30972877287,38754.48910570902,54333.43233725602,6
g219,Left,Dendrite,44941.763309254304,53463.4089831076,53314.36987706568,6
g219,Left,Axon,36938.24586785413,27062.224390625943,57310.7383636573,6
g220,Right,Neuron,48749.76709341005,38035.24608849845,62464.35717437883,2
g220,Right,Dendrite,40028.54349314354,27795.328263756815,45552.98232304519,2
g220,Right,Axon,59327.405547164075,58299.0697029956,101313.6802337122,2
g220,Left,Neuron,60301.917548708734,34750.020084616284,55391.21897373067,2
g220,Left,Dendrite,67604.80358670384,28843.000952119415,45742.47256356709,2
g220,Left,Axon,40637.526636198505,45982.371080675264,74935.98096735579,2
g221,Right,Neuron,44255.93734727612,33627.03455592628,56051.41583859221,5
g221,Right,Dendrite,35929.504992731156,28152.008236636466,46188.57483388436,5
g221,Right,Axon,56785.596219041516,37756.12882994203,66040.00495186982,5
g221,Left,Neuron,63387.635887757846,34251.72645678151,59964.69291491589,6
g221,Left,Dendrite,69381.32869842151,27842.136718316382,46754.866464275874,6
g221,Left,Axon,51943.879396680066,41805.059979321864,71748.92696395703,6
g222,Right,Neuron,48081.365685565754,21952.661735482772,43739.25550150032,2
g222,Right,Dendrite,27778.22904727788,19382.9031538309,46389.836893006854,2
g222,Right,Axon,67654.35769626583,22180.83747435962,30597.2027109165,2
g222,Left,Neuron,52317.249161671556,21799.505463276375,38752.140454386696,2
g222,Left,Dendrite,75731.558387978,19339.364429526548,42728.34903492651,2
g222,Left,Axon,38312.81343916113,21961.064074969014,30820.88048271757,2
g223,Right,Neuron,40475.54130391549,32756.07700209662,49554.08535392098,3
g223,Right,Dendrite,26909.754793985743,22213.48260953789,44485.7262836287,3
g223,Right,Axon,61599.898849600075,45453.642519176436,55537.28800249133,3
g223,Left,Neuron,68526.4516311811,31331.476710530842,53666.640391137924,3
g223,Left,Dendrite,78827.90649129948,21420.80367247783,43454.27097444144,3
g223,Left,Axon,51564.17633885174,53535.238303877566,63073.11914567346,3
g224,Right,Neuron,33088.4426381671,19483.685666494388,39423.16550646967,3
g224,Right,Dendrite,27037.53246787519,19356.790139718985,44340.362678039986,3
g224,Right,Axon,54409.524179031876,19975.018690771198,17168.995366800664,3
g224,Left,Neuron,69811.57383080505,20016.11436478293,31848.019497223002,3
g224,Left,Dendrite,76334.10516128321,20245.232994249887,40240.215070199454,3
g224,Left,Axon,55240.34111318542,20114.67080894841,16521.513369740976,3
g225,Right,Neuron,48527.431278494165,32177.151625286817,32251.17893245187,3
g225,Right,Dendrite,36203.3986316649,32322.7603308979,31019.25586375205,3
g225,Right,Axon,62034.88218248983,28926.753808451376,27736.446040109957,3
g225,Left,Neuron,60580.42290795048,32394.82608189387,30523.20582347856,3
g225,Left,Dendrite,69400.74733885717,32041.42835976826,29890.254476386697,3
g225,Left,Axon,45165.177294640205,32674.938675235982,29906.30810941059,3
g226,Right,Neuron,42536.997689659205,33145.05567617393,41803.053630025126,6
g226,Right,Dendrite,37655.479754584194,29820.606737550694,37748.59687865666,6
g226,Right,Axon,53463.9715572472,39457.2666537068,49428.99018327763,6
g226,Left,Neuron,63828.83028069162,32559.313260708033,39903.06927165712,6
g226,Left,Dendrite,67877.39346298846,31327.489294538445,37144.566668763255,6
g226,Left,Axon,52337.38708548822,37300.59129254245,47002.23871631178,6
g227,Right,Neuron,47925.35719145171,38845.098374509646,51967.428066787965,7
g227,Right,Dendrite,37702.45906175742,31493.562437283803,37176.41769369638,7
g227,Right,Axon,59208.512273331406,49778.05491459382,79138.32017028386,7
g227,Left,Neuron,60416.071762494445,37140.87596299181,51098.489067014445,7
g227,Left,Dendrite,69136.18616475625,30172.79734770638,38295.34022671403,7
g227,Left,Axon,43024.99679560042,48452.944574135785,67436.3615804285,7
g228,Right,Neuron,32029.27105935848,27400.022416718508,39016.7319223419,2
g228,Right,Dendrite,30722.106874343088,25863.074391822985,47354.58525505471,2
g228,Right,Axon,33618.77498725916,29184.0289011131,28856.456720451548,2
g228,Left,Neuron,73528.14046358601,27352.14067097779,37071.74430160224,2
g228,Left,Dendrite,76091.10072659688,24591.93105359925,48149.93762163006,2
g228,Left,Axon,72189.35180671306,29726.685190970114,28393.241008986464,2
g229,Right,Neuron,37660.16735584535,30420.431432316454,40908.00349043867,2
g229,Right,Dendrite,35132.48926583904,28155.138048284924,42200.28765176807,2
g229,Right,Axon,43553.627681990976,35081.8759816269,37640.10838259668,2
g229,Left,Neuron,69061.2837640329,29168.482146292758,37662.40455231524,2
g229,Left,Dendrite,72276.81860682124,28343.50948285821,39349.27849125475,2
g229,Left,Axon,63485.729052244205,31608.607366843,35155.12886475155,2
g230,Right,Neuron,61477.67280251906,29435.178942276587,36263.35689845384,5
g230,Right,Dendrite,57109.21028963383,32444.965558075182,37593.46442134536,5
g230,Right,Axon,68548.08612979061,26443.903392250795,35056.097827459904,5
g230,Left,Neuron,42296.26286219868,31259.974770694138,39517.60909484372,5
g230,Left,Dendrite,47886.25900597967,33335.57314522319,39323.17085342381,5
g230,Left,Axon,35549.702825215,28231.692021473602,39325.621191075596,5
g231,Right,Neuron,34717.34693557665,35746.28742731342,36530.31922015114,2
g231,Right,Dendrite,33718.81464874465,32244.667784275498,32009.74302492212,2
g231,Right,Axon,36503.26036690757,41848.23038234073,44422.11574957355,2
g231,Left,Neuron,70981.57816615693,33588.28804528199,35320.32048674922,2
g231,Left,Dendrite,71804.45941925823,30309.950663719992,30755.866584179617,2
g231,Left,Axon,68681.21060760433,42109.50987017885,44139.38828318666,2
g232,Right,Neuron,57889.27666292222,38634.509066762665,36197.20371374596,3
g232,Right,Dendrite,35615.00267201245,35184.9293841413,33691.96534945015,3
g232,Right,Axon,72758.55540127013,40821.99371899929,37528.53018089211,3
g232,Left,Neuron,50298.80391531864,40990.929166683374,39653.93658058634,3
g232,Left,Dendrite,69192.74623015031,37190.147661945775,35358.80867225142,3
g232,Left,Axon,33843.03735570285,41882.19048662051,39825.74624268486,3
g233,Right,Neuron,43721.45095881454,37571.47549266732,38528.3026598627,10
g233,Right,Dendrite,36848.988499756815,33385.49321749169,33554.333635741874,10
g233,Right,Axon,56751.58491543719,44023.48727492223,46510.32364798301,10
g233,Left,Neuron,63140.144181443975,34808.13740019146,38737.445259499385,10
g233,Left,Dendrite,68376.01173765025,30274.1741251922,32348.07631979273,10
g233,Left,Axon,51043.12518506339,43607.08103252804,47609.61714893165,10
