Group,Olf_Mean_Score,Olf_Mean_Drive,Olf_Scaled_Distance,Olf_Scaled_Drive,Gust_Mean_Score,Gust_Mean_Drive,Gust_Scaled_Distance,Gust_Scaled_Drive,Vis_Mean_Score,Vis_Mean_Drive,Vis_Scaled_Distance,Vis_Scaled_Drive,Thermo_Mean_Score,Thermo_Mean_Drive,Thermo_Scaled_Distance,Thermo_Scaled_Drive,All_Mean_Score,All_Mean_Drive,All_Scaled_Distance,All_Scaled_Drive,Primary_Modality,Integration_Index,Integration_Drive,Olf_Normalized_Distance,Gust_Normalized_Distance,Vis_Normalized_Distance,Thermo_Normalized_Distance,Primary_Distance,Final_Score,Olf_Enrichment,Gust_Enrichment,Vis_Enrichment,Thermo_Enrichment
g001,0.009988255924349054,125.03298766100147,2.000510338412908,2.1004842314993226,4.649449447965157e-05,0.7587901499079135,4.332598460536256,0.24521402469123335,2.6917905291299087e-06,0.004296097684491334,5.569958577900646,0.0018617751913941607,0.0002406973254112102,0.33047742778959155,3.618528733702149,0.1240075109283091,0.003966723140757237,126.16956293806543,2.4015681101391646,2.1043831786881144,Olf,0.039905753012596336,0.08397699537259028,0.13831349625822514,0.6045073677804322,0.8885301785942931,0.49927653563940655,0.13831349625822514,0.1420895168783546,1.664686156359469,-0.9880906698996635,-0.9995345731272687,-0.9472077586425023
g002,0.0004928453466254992,6.169438049057999,3.3072893387546642,0.8554851163710715,5.2952776672690344e-05,0.8641893152983064,4.2761112537570245,0.2704900144634843,3.18707979203175e-06,0.005086579348082674,5.496606927085152,0.0022034740088242638,0.07602303229899657,104.37962334652228,1.1190548118587755,2.022756641961012,0.0035024493484529158,111.4024064262419,2.455628136531027,2.0507756091552007,Thermo,0.18719646747117494,0.3838979496099005,0.39934606252552124,0.5932238986222976,0.8738779920751466,0.0,0.0,0.026753617671012576,-0.8511609421107316,-0.9846458991480358,-0.9993761890764296,17.87530040454435
g003,0.01530543770660443,191.59346921127425,1.8151542458589305,2.2846415562381814,0.00016018667623609808,2.6142465561731205,3.7953736071247604,0.5580177758765641,1.1437997039568354e-05,0.018255043275151095,4.941649982225849,0.00785656976333343,0.0007865030227470707,1.079868650231728,3.1042996033723624,0.3180359088662306,0.006142402916779953,195.37140957402,2.211661698926945,2.2930782575441686,Olf,0.07658643409908826,0.17561868685545862,0.10128812586277985,0.497195280494135,0.7630238725594543,0.39655790494188287,0.10128812586277985,0.10828193368649995,1.6368987284572152,-0.9735025863428172,-0.9987228219135962,-0.8885986317547523
g004,0.008411062369306365,105.28967873897707,2.0751491466012717,2.026491094397836,8.272881371108667e-05,1.3501342397649345,4.082343197939301,0.3710926698990103,4.872977140211088e-06,0.007777271515776896,5.312205536824532,0.003364559450799328,0.00044324899905665,0.6085808757047804,3.3533522354684298,0.20644290110327804,0.0033732265913177036,107.2922181900422,2.471954484637085,2.034597249621176,Olf,0.07449682360581109,0.15157103241389713,0.15322279587158416,0.5545182162861895,0.8370433259912884,0.44630682780845726,0.15322279587158416,0.15998684752929698,1.6387089445955636,-0.975081216807016,-0.9990091936228822,-0.8856777320235603
g005,0.018085815304867046,226.39823598632566,1.7426619085303403,2.3567870913790854,0.0001644515232967535,2.6838488602030175,3.783962096698804,0.5663018037923686,9.33534805304673e-06,0.014899215492662581,5.029869438938469,0.006422916802313104,0.0008211727686787116,1.1274702113958712,3.085565460390523,0.32786348785558306,0.007240608406052081,230.30203157129853,2.140224939780199,2.364179447281341,Olf,0.06856467730392725,0.1620992008914222,0.08680758948849805,0.4949158010636464,0.780645942683308,0.39281571026467343,0.08680758948849805,0.0931086292751501,1.6433189194621338,-0.9769230306918584,-0.9991157078464513,-0.9013292466073595
g006,0.007203198476279361,90.16963852606504,2.1424746184872765,1.9598502328905725,7.275278228790783e-05,1.1873254069386558,4.138150387311707,0.3399133975438499,4.810279572682494e-06,0.00767720619800126,5.317829591481873,0.003321434869365117,0.0003559864490926856,0.4887693946042573,3.4485665322573755,0.1728274322001493,0.002888806891188393,91.88428078802922,2.539281488429258,1.9679422226626624,Olf,0.07431236587594758,0.1462424424732333,0.16667123718948446,0.5656658501663132,0.8381667458041636,0.4653261357630958,0.16667123718948446,0.17347408774276882,1.638718246835096,-0.9744113929974961,-0.9988579325879774,-0.892787965489954
g007,0.007342777464283771,91.91688829790425,2.134139633587606,1.968094657244451,9.530254071291131e-05,1.5553374644347124,4.020895516600163,0.4074482623039734,5.440991195036932e-06,0.008683821947278944,5.264321897077889,0.003755055332688543,0.0004914611752324087,0.674776193594097,3.3085107842692674,0.2239567789064391,0.002961205668196021,94.18706868831084,2.5285314278369815,1.9785779528092213,Olf,0.09198723686716988,0.1820039188052219,0.16500630188091958,0.5422438791971059,0.8274784421340975,0.4373496291707336,0.16500630188091958,0.1732506826044999,1.624078002758172,-0.9672998118176045,-0.9987397747430063,-0.8556063744044188
g008,0.0074148140368806865,92.81864211367244,2.1298997365216414,1.9722891428852094,6.528804897398782e-05,1.0655009592554812,4.185166302726276,0.3150254010067543,3.831250598981385e-06,0.006114675955974289,5.416659326883703,0.0026474839967701473,0.00035765885513828186,0.491065608104861,3.4465310167418264,0.17349675318541385,0.0029683129184470006,94.41312899704374,2.527490317670094,1.9796081384216966,Olf,0.06854555999933577,0.1356933484273578,0.1641593712128047,0.575057403790041,0.8579082471970624,0.4649195361478879,0.1641593712128047,0.1704079302470474,1.6434866781586885,-0.9776519336467564,-0.999114739255753,-0.8951693504145795
g009,0.009724538568879849,121.73177380523795,2.012130996820692,2.0889570109903,0.00011233518391757621,1.8333102015348435,3.9494841954549207,0.45229412532870694,6.5216300589321275e-06,0.010408521574055675,5.185643773699653,0.004497000311509566,0.0005296466249389898,0.7272048160412331,3.276013790002095,0.23734384029028746,0.003909338359424756,124.3443251982232,2.407896738954842,2.0981046766198355,Olf,0.0818879870723525,0.1718095686354874,0.14063475355200336,0.5279792786684736,0.8117622786136055,0.43085826849894815,0.14063475355200336,0.14810168767616325,1.6323969288412568,-0.970803716517101,-0.9988558253683876,-0.8821279019815744
g010,0.0005516021349912006,6.904955525819849,3.258374060756892,0.8978994308848804,0.04939479109404829,806.1229906548681,1.3063188469863258,2.9069397182324317,9.054922512289373e-05,0.1445165632961384,4.043115257022955,0.05862208210978777,0.0004770214588914268,0.654950463057929,3.3214620827989068,0.21878499875066948,0.02558249537121827,813.7024302723396,1.592057095763211,2.9109990118210054,Gust,0.041229793026498825,0.12001988675772265,0.3895751061954169,0.0,0.5835391814688787,0.4399366853529966,0.0,0.003763041826055356,-0.9771936098787684,0.9608355057360289,-0.9975735623932976,-0.9837852237778204
g011,1.3822722389469637e-06,0.01730328388713809,5.859406099915836,0.007450446416318873,9.13415475464825e-07,0.014906940559585944,6.039331159207089,0.006426222491309186,0.07554289108096673,120.56645416522292,1.1218063984214064,2.0848137494363037,1.737152378261744e-06,0.0023851102153533746,5.760161834752683,0.001034606869436815,0.003788053038098404,120.48660298279593,2.421583948774757,2.0845283884574615,Vis,0.0020795987871618923,0.004334982708440671,0.9091381447409964,0.9454317445494516,0.0,0.9270734195991321,0.0,0.0002656340276186616,-0.999614339262938,-0.9997553137271713,12.660267905616307,-0.9996015331401796
g012,4.30271593080184e-06,0.05386139802177743,5.3662572245506155,0.022783496993740097,0.0029997737719103692,48.95630795757722,2.5229114962407735,1.6985903341676516,2.226775377866776e-06,0.0035539335030753748,5.652323394431978,0.00154071752440931,4.571331076392222e-06,0.006276437567886522,5.339957229004627,0.002717303601037402,0.0015409279054566342,49.01229388885916,2.812217679620634,1.6990767745721957,Gust,0.007663345427112983,0.013020612230731714,0.8106303508028102,0.2430176037828617,0.904982768836167,0.8431364367067941,0.2430176037828617,0.24376610653398229,-0.9970465318244323,0.9770038864665481,-0.9990093509795553,-0.9974202671607768
g013,1.0840774926518497e-06,0.013570482053015854,5.964939271587821,0.005853954215400976,0.0013793550420747919,22.5110742866606,2.8603239329524976,1.3712724737063677,7.447346705387463e-07,0.0011885965341798391,6.127997844293947,0.0005158943815669006,1.1521855427627079e-06,0.001581950750213198,5.938477201525764,0.0006864896281216904,0.0007081418806932447,22.523868799210035,3.1498797193396344,1.371508748525528,Gust,0.004604330224651575,0.006314879184210145,0.9302186752826265,0.31041663163862687,0.9999999999998003,0.9626923863727782,0.31041663163862687,0.3108721884296141,-0.9983807575233784,0.9781399999111736,-0.9992790470596431,-0.9985851303876376
g014,8.389176188543922e-06,0.10501570752819284,5.076280632734893,0.04336845145491582,0.0018281189723720964,29.83490162911261,2.7379955439426458,1.4890425672587815,4.7018678383166e-06,0.0075041810699532936,5.327729489968595,0.0032468571077786937,8.831023118732156e-06,0.012124994742019252,5.053988929115111,0.005234150028079337,0.000941769700883459,29.954868876000177,3.0260552855608314,1.4907289686929657,Gust,0.02106870087556136,0.03140772272792617,0.7527067585968545,0.2859812119523335,0.8401442767463497,0.7860135114288904,0.2859812119523335,0.2879583761413821,-0.9905779152684143,0.9713400467107708,-0.9965774335683182,-0.9918458040286345
g015,7.218803154929973e-05,0.9036497789341342,4.141534794516155,0.27958705273196827,0.010311839274502884,168.28921695988706,1.9866638646913273,2.228629296183592,1.3878455649085633e-05,0.02215001521594067,4.857658826824458,0.009514639437973371,5.1412820665463525e-05,0.07058980277368143,4.288928560301172,0.029623102469594986,0.005321449611800935,169.25934780255236,2.27397004569674,2.2311109654460206,Gust,0.027567693832025734,0.06150658400069124,0.5659888017777597,0.13590071915163976,0.746246416820996,0.6331906765282083,0.13590071915163976,0.13848376077097155,-0.9856514475117274,0.9679244668072648,-0.9982121222746927,-0.9915985014728746
g016,8.919398916788397e-05,1.1165303564035716,4.049664407113276,0.32562450173703966,0.006625115007423884,108.12187692115779,2.178806578207708,2.037911827340735,2.491605852884238e-06,0.003976602941203244,5.6035204833181576,0.0017235919604669295,8.921173473785916e-05,0.12248771179508063,4.049578010747861,0.05018159535126273,0.0034378653311229164,109.34818258702661,2.4637111394760134,2.0427651848114445,Gust,0.04767093097595393,0.09738051812522815,0.5476374485791909,0.17428173505840427,0.895234258088731,0.5853797703451055,0.17428173505840427,0.17858004749298748,-0.9725576900098529,0.9570769335369288,-0.9995031581052232,-0.9774342644317774
g017,7.447132719953476e-06,0.09322320738837762,5.128010847940366,0.03870884249897302,0.00353507677891862,57.69245303195188,2.4516011491279426,1.7685822610892694,2.7506033662034477e-06,0.004389962972460703,5.560571871962589,0.001902364089216958,6.3149643246597695e-06,0.008670446017757863,5.199629029803862,0.003749296212960614,0.0018168851381871283,57.789665590317995,2.7406725272841297,1.7693009898251992,Gust,0.010278398352766891,0.018185580379368158,0.7630400060894394,0.228773173084629,0.8866551592228716,0.8151055072631282,0.228773173084629,0.22977281272271674,-0.9956645550770752,0.9759357956061503,-0.9989621697323509,-0.9969775584164438
g018,3.7784765125940296e-05,0.4729896898465206,4.422683261563923,0.16819970702020443,0.009608270223464246,156.80697004693647,2.0173547912688266,2.198126181294646,1.9601328238962158e-05,0.03128371986938361,4.707714476522495,0.013378161910745704,3.4509621108860325e-05,0.047381709782465226,4.462059796342685,0.020104985633918226,0.004946521948631084,157.3340236201089,2.305700059449705,2.199574248297314,Gust,0.018099155629516184,0.039810436638609156,0.6221489526804005,0.14203131301911898,0.7162946357268957,0.6677740994582723,0.14203131301911898,0.14374692522806967,-0.9919204141536756,0.9726361158743221,-0.9972834878401464,-0.9939332653879164
g019,0.0050010601571688325,62.60327104743944,2.300937921256446,1.803479451518264,0.001967822791665806,32.11486795998595,2.706014013441525,1.520023027709532,0.0017757787734639947,2.8341429224485357,2.750611139353536,0.5836682977110184,0.003257355997919398,4.472349785143334,2.487134774466347,0.7381738491109205,0.003208027637817447,102.03773507605953,2.493761898700157,2.0129963036766436,Olf,0.6493325840605007,1.3071040915705914,0.19832470160099558,0.27959281653300083,0.32535806082180624,0.27327759583290406,0.19832470160099558,0.23072041801970092,0.6493771287119519,-0.37687772771417116,-0.620422442323576,-0.11678680861161221
g020,0.005848756865874832,73.21473844702115,2.232936431905496,1.8704901612169633,0.0027717142679727783,45.23437685331574,2.557251542387933,1.6649650085855414,0.004009670053437043,6.399433405285519,2.3968913628992166,0.8691984658960008,0.006884845569136426,9.452892966424315,2.1621057966982367,1.0192365034113215,0.004222715196705382,134.31190226160808,2.3744082087091156,2.131335999548038,Olf,0.742334878700383,1.5821650506942524,0.1847412240040687,0.24987711894891976,0.25470159866315656,0.2083521966981942,0.1847412240040687,0.21167526380236557,0.46536501429459676,-0.3332544792719945,-0.34890454350724615,0.4181392781510909
g021,0.012570670215293074,157.35964975503867,1.9006415669060654,2.1996445325495895,0.0034812546104102437,56.814075241895175,2.4582642121978306,1.7620335833292513,0.0028248264206371543,4.508422967336898,2.5490082333104525,0.7410272804098313,0.006228022315090398,8.551074638619117,2.2056498399482405,0.9800522389518547,0.007145372857106236,227.27287446597808,2.1459751040328294,2.3584543075933895,Olf,0.5786950013540919,1.3648257187263204,0.1183644446515069,0.23010413757968048,0.2850873464029122,0.21705023466194323,0.1183644446515069,0.15332374393934683,0.8614420935811308,-0.5050557491304778,-0.7288955531053178,-0.2418001579818139
g022,0.002380919864435341,29.8043548630016,2.623255221388442,1.4886121177756755,0.001126066557843497,18.377406224005874,2.948435938717219,1.2872956438194993,0.00239380727678889,3.820516413755068,2.6209108169880664,0.683093565963049,0.0020768774846136834,2.8515527863745875,2.682589121611864,0.5856358543390126,0.0017246867575928298,54.85711169875513,2.7632897709488184,1.7470784751221793,Olf,0.7481006855735602,1.3069906049897126,0.2627084359461279,0.3280172381510585,0.29945007792347383,0.31232011932781045,0.2627084359461279,0.28972658145377234,0.4604972550556559,-0.3367925038808984,-0.048302503819963837,0.047392059068525665
g023,0.0010750828453986497,13.457887058700296,2.9685580675182033,1.160104827827272,0.0005739276487022071,9.366499226820022,3.2411428520541623,1.0156321196330222,0.0005743943969381472,0.9167334575132828,3.2407898044141095,0.28256172373904526,0.0008681742696865747,1.192003272279667,3.061393089108262,0.34084119813894737,0.0007839538474435917,24.935220025638323,3.1057095035862843,1.4138899367527875,Olf,0.6978621605686355,0.9867002860685516,0.33168359398056235,0.3864862193120193,0.4232725473851624,0.3879872150815366,0.33168359398056235,0.3583302962771247,0.45086891992000905,-0.25634279265178167,-0.49759932122331807,-0.03675760713224911
g024,0.001696361095390796,21.235048192101985,2.7704816960192957,1.3470380750730704,0.0012943894143536967,21.124435242252332,2.88793504708554,1.3448721935256214,0.0011954267502816331,1.9079010934494867,2.92247702974376,0.46357963076347497,0.0015521196302334373,2.131060252310509,2.8090748080892713,0.495691425008867,0.0014588069334968545,46.40027213373445,2.8360021809172355,1.6757808350462358,Olf,0.7131738530263791,1.195123074957687,0.29211731417674536,0.3159320248135726,0.35968872760681064,0.337585970193675,0.29211731417674536,0.3078266409709383,0.2302058987815709,-0.09873220488768158,-0.43812947710103256,-0.07460505010121862
g025,0.004805592451626686,60.15640630946285,2.3182530631368534,1.7864419573513879,0.0021663758279207215,35.35525351166618,2.664266198556671,1.5605671774033154,0.0020968739468968777,3.346610819247417,2.6784276760574155,0.6381507566804208,0.0034838007673122767,4.783258453519756,2.457946689398202,0.76217260133512,0.003258802663329778,103.65273631253027,2.4869419372910477,2.0197505881443343,Olf,0.6747747307037496,1.362876659203833,0.20178344705002943,0.2712535799424255,0.3109392228535501,0.26744719853713067,0.20178344705002943,0.23203698327233646,0.5601848274185967,-0.3247068981767354,-0.5587799755476103,-0.07012439145046387
g026,0.009403379833464339,117.7115087553066,2.0267160209072954,2.0744928246549708,0.0077845384326568085,127.04366722095912,2.1087671328272086,2.107358104014887,0.009295147333081238,14.835055143597657,2.031743721989838,1.199619580086742,0.010550201793758533,14.485427062830464,1.9767392334931162,1.189923186991687,0.008616962223484556,274.0797174423733,2.064645810934416,2.4394585695696462,Gust,0.7448949054237911,1.8171402604648383,0.1435481507411231,0.1602911703471344,0.1817623903133922,0.17132473476245202,0.1602911703471344,0.1548456175240242,0.15445348335708042,-0.08239721008738009,-0.2603904424564714,0.06486770972024161
g027,0.008069998108478433,101.02023632193303,2.0931265670181007,2.008686325205682,0.00653435676166189,106.64070235032204,2.184797157613011,2.031976522851231,0.006036963808838691,9.63499423890655,2.2191814276307853,1.0267372589767099,0.007676418543342807,10.539722660009673,2.114841354084687,1.0621953713262307,0.007163290470530885,227.84277999617586,2.1448874378368714,2.359537214961772,Gust,0.7154995931128035,1.6882479172396654,0.15681383321228498,0.1754783691604103,0.21920356843602404,0.19891099910825616,0.1754783691604103,0.17013578849494354,0.191830972241271,-0.07344015386399491,-0.4221520406480174,-0.06794334369601092
g028,0.005816141679611751,72.8064615453799,2.2353650226513526,1.8680943847317337,0.004761315644247916,77.70467131412599,2.322273026581478,1.8960005095603611,0.004551635417854894,7.264410126896411,2.34183253174493,0.9172118612013462,0.005632923828883589,7.734004417057168,2.249266121387568,0.9412134072215783,0.005203704235379671,165.51422061472118,2.2836873954614334,2.2214513289581177,Gust,0.7188878684979025,1.5969744108465342,0.1852263414375737,0.20293953808589837,0.24370345131909726,0.22576270239532947,0.20293953808589837,0.19800329757436405,0.18242839766661126,-0.07061374299772531,-0.4002626180222538,-0.05850897418930566
g029,0.003299255392122173,41.30007899858536,2.4815840647121266,1.626341178453474,0.0028648730858173888,46.75472876053979,2.54289461241063,1.6790163826826134,0.0030263064061039546,4.829985024141911,2.5190871026916617,0.7656674391602348,0.0033603882165873754,4.613813021374467,2.4736105467123646,0.7492579435428788,0.0030653668288054135,97.50012272381379,2.5135175463894375,1.9934367715965144,Gust,0.7282134320088758,1.4516474329369913,0.2344092471899546,0.24700928416223036,0.2791105213169571,0.2705760955206997,0.24700928416223036,0.24437743969234388,0.13862431767895247,-0.0507091258005227,-0.3230895883382778,-0.04655333293912207
g030,0.002510576769369917,31.427399998972625,2.600226493892,1.510912128711033,0.0018436009521638763,30.087567539314463,2.7343330760119864,1.492586741805768,0.002917636931673343,4.656548542950656,2.5349687521775777,0.7525515184736138,0.0028218137706641014,3.8743503071218113,2.549471651321361,0.6879167376068126,0.0022022477033546302,70.04689270060072,2.6571338340544886,1.8515450884212266,Olf,0.7667223586993211,1.419621017432466,0.2581083866381007,0.28524962428329254,0.2822829228636472,0.2857295520812806,0.2581083866381007,0.27290151928721934,0.20601836085236852,-0.1496910773993049,-0.09162444467638332,0.11442589376539228
g031,0.002189902823813604,27.41320354849869,2.659575156202608,1.45352020257193,0.002048376681738794,33.429507445977116,2.688590176508561,1.5369308096630148,0.0021432042971435738,3.420554058241144,2.6689364284320587,0.64547670585511,0.0021534527467421275,2.956690621276941,2.6668646533278944,0.5973320935500677,0.002113383819886638,67.2203991591343,2.6750216216625837,1.8339142561458768,Gust,0.7228834958622021,1.3257063485942615,0.26996343911707205,0.27611235895934455,0.3090433210032163,0.30917911514249696,0.27611235895934455,0.27673492278111783,0.0961993671417406,-0.015526737663693363,-0.3046842738883091,-0.11377809179189931
g032,0.0006529208773928606,8.173263543203827,3.1851394437774703,0.96252387074678,0.000473649897346414,7.729966324693477,3.3245425515660036,0.9410125684446297,0.0005861103550390239,0.9354321266422823,3.2320206049605273,0.28677794571873955,0.0007351507645691783,1.009361999753482,3.133623586167122,0.3030581847984858,0.0005611521724273299,17.848567148396082,3.2509193506545726,1.2752783411096131,Olf,0.7480851983649366,0.9540168507794922,0.3749462974949852,0.40314553017009397,0.4215208765694547,0.4024154481684669,0.3749462974949852,0.3911538504128493,0.23092995247218703,-0.1426470819522751,-0.28384676906379935,0.1394404410243709
g033,0.0012582219516065292,15.750422390210534,2.900242741808215,1.2240257629803106,0.0011762271217033507,19.196026626198684,2.9295088103917357,1.3052659345924496,0.0011436578544481487,1.8252779356992455,2.9417038826369564,0.451061177820275,0.001438598023592451,1.9751950863924352,2.842060540385286,0.4735154481035332,0.0012181992654468159,38.74726403606687,2.9142816663501088,1.5993072397866355,Gust,0.7282245147925202,1.1646547386977872,0.31803742673973523,0.32423649414034267,0.363529342393735,0.3441749575811237,0.32423649414034267,0.3245840002975411,0.09265479035737882,-0.01927712704010054,-0.3563117070496523,0.027087887664394166
g034,0.0026804624478110276,33.554028921698446,2.5717902725231334,1.5384986924178847,0.002291422857610334,37.39602103620064,2.639894758817964,1.5842862209415725,0.002519518721230116,4.021151879083265,2.5986824101079673,0.7008033580503459,0.002788051328894891,3.8279944745726855,2.5546992348477375,0.6837667643946641,0.002477455146648281,78.80041584944186,2.6059941993271183,1.9020051545167362,Gust,0.7329037337246269,1.3939866793088018,0.2524281761075375,0.2663853203078892,0.2950098947781766,0.28677377573570867,0.2663853203078892,0.2628933079917571,0.14459241717688484,-0.06054544409630015,-0.30271149775215034,-0.021221695631542362
g035,0.0032665351516952363,40.89048702892097,2.4859126638052818,1.6221154096031232,0.0026727772457431145,43.61972465052763,2.573037234487544,1.649526885913632,0.0036413687721718515,5.811624560386275,2.4387353364344797,0.8332507027306785,0.004087487344525785,5.612120124033904,2.388543578864215,0.8203407349071503,0.003016151250147925,95.93472281345505,2.5205468836603937,1.9864793727688297,Gust,0.7630096844189457,1.51570299932109,0.23527389632292436,0.2530303527535563,0.2630600431988233,0.2535837433967577,0.2530303527535563,0.24610188147540324,0.14571844758345132,-0.09991663784120144,-0.17223128115302513,0.17866238214056487
g036,0.003476274320096178,43.51600193896395,2.4588859596579056,1.6485161526569287,0.0034471721205251056,56.25784900696972,2.4625370311953816,1.7578350289466658,0.0035821557863923367,5.7171206350821695,2.445855530677492,0.8271831480128585,0.003939996659466313,5.409615413447247,2.404504146281448,0.8068319719792831,0.003486666204106928,110.90039195402903,2.4575896276796674,2.048831607736338,Gust,0.7296873116453654,1.4950064278631803,0.22987524059040068,0.23095764449082207,0.26448232085639894,0.2567719090092392,0.23095764449082207,0.23352037188237504,0.054734423857924784,0.00420284574481332,-0.2955870576707374,-0.017194980253672217
g037,0.0036984795948922207,46.29756756886081,2.431976772910663,1.6748388063068376,0.004290170285501915,70.01557905939126,2.3675254693489833,1.851353632625233,0.004037752963074657,6.444253729067151,2.3938602553827493,0.8718211671529578,0.004108842481855546,5.641440727587664,2.386280507591351,0.8222623010803356,0.004036743717191026,128.39670741269498,2.3939688218823525,2.1119232255545466,Gust,0.7112159545898122,1.5020334928831722,0.2245000592697936,0.2119788333778924,0.2540961269089819,0.25313168891635435,0.2119788333778924,0.2204156558118725,-0.03077401677913863,0.07945800336969144,-0.31420337566407364,-0.11475446342621519
g038,0.0042836708350278575,53.62299151287872,2.368183908425852,1.7373754812661613,0.004684074793333763,76.444100627207,2.329376178820193,1.8889883405893244,0.004348340422920185,6.939951314980615,2.3616764631039904,0.8998178394925758,0.0047262714963025145,6.489170764423353,2.3254813342496408,0.8744337332706063,0.004511427711288932,143.4949812129671,2.3456859970474113,2.159852762875496,Gust,0.7140078890192835,1.5421519118131999,0.21175726563624336,0.20435841155798065,0.24766732916388426,0.24098689301730317,0.20435841155798065,0.21087425551421127,0.004473706947660087,0.054570701838955536,-0.33915471499530736,-0.08886321743153829
g039,0.002337528815337389,29.261185710393434,2.6312430265734434,1.4808859407853965,0.0020331796352421666,33.18149164715216,2.6918242487194552,1.533791010988344,0.0023457587684718954,3.7438309944811454,2.6297166514165236,0.6761292082921907,0.0025153646676757437,3.4535956887187966,2.599399043565182,0.6487107878824677,0.0021894813329589504,69.64083275742534,2.6596587529578946,1.8490558103291785,Gust,0.7384294286168782,1.365397225502094,0.26430402118719687,0.2767583734487744,0.30120906667243896,0.29570268091257507,0.2767583734487744,0.27377928725158096,0.12943303703687942,-0.05678941968888831,-0.2654173957490626,-0.0008127071852275514
g040,0.005238505552911344,65.5756125113442,2.2807925913099605,1.8233151707410684,0.006715695254430118,109.60014655229955,2.172909019485732,2.0437557024371498,0.005516355372860724,8.804103175085714,2.258347763537652,0.9914078729732085,0.005992012098750887,8.227032611584969,2.222427318330997,0.9650620555636609,0.0060427734289111665,192.20249445337748,2.218763689051893,2.28601272932763,Gust,0.6948811880834707,1.588507241329121,0.19430061859012895,0.17310368208425414,0.22702714776380828,0.2204015804033422,0.17310368208425414,0.1848299586250798,-0.08293235556340217,0.12879308890198235,-0.3741071704218117,-0.13759934791313494
g041,0.005080995975753126,63.60390762447764,2.294051148973705,1.8102587874753144,0.0054446597095540615,88.85684645992228,2.2640292583226795,1.9535511728916997,0.005250269932117307,8.379430811659223,2.2798183675560084,0.9721764841300341,0.005496395326497139,7.546550783280571,2.259922038252715,0.931790877532384,0.005293974448002801,168.38544526762507,2.2762181591215365,2.228876090106133,Gust,0.7166932546919508,1.5974204593232342,0.19694905059819232,0.1913051911200413,0.2313159577804636,0.22789125001088872,0.1913051911200413,0.19706774430044025,0.015322237694374623,0.044612426214060356,-0.320028896663987,-0.09702559341931864
g042,0.003528997528175564,44.17599105770171,2.452348645710814,1.654907688763018,0.003277531634598428,53.489316276646335,2.484453107692944,1.7363113584795795,0.0038875353680409754,6.204506447393397,2.410325646708656,0.8576042343498065,0.004086197642982249,5.610349363814628,2.388680630945138,0.8202244130056614,0.0034420138860123727,109.48013567239553,2.463187381817675,2.0432841988954893,Gust,0.7437728573342494,1.5197393269584207,0.22856939481566904,0.23533543881501381,0.2573851324342257,0.2536111199128987,0.23533543881501381,0.2347914473241729,0.08462308434300493,-0.03282785488593343,-0.22561733998765401,0.03249816930470627
g043,0.002680583549229853,33.5555448692593,2.571770651845391,1.5385177452820402,0.001783639697832609,29.10899986862818,2.7486928700339854,1.4786963297821112,0.002644695064965265,4.220933323684562,2.577624395009896,0.7177481468899394,0.003227112480009297,4.430825435052765,2.491185896997609,0.7348658433354851,0.0022422277259817915,71.31853728030285,2.6493202813266423,1.8592496334861492,Olf,0.76494214809142,1.4222184084770804,0.25242425682519387,0.2881180311704953,0.29080350049107256,0.2740868182877507,0.25242425682519387,0.270610691987711,0.2647463905228976,-0.19200136116279026,-0.19127013205932525,0.25178757240697375
g044,0.002881632726771391,36.072278473724275,2.5403613720530656,1.569049278723295,0.0019782722428360556,32.28540300308443,2.7037139423344634,1.522253819540843,0.00553113498586183,8.82769143743548,2.2571857424829482,0.9924515123661632,0.005885445984186569,8.080717336288158,2.2302206217641816,0.9581201572090086,0.0026806581198465977,85.26369281796073,2.571758570462251,1.9358280456964971,Olf,0.8582317356593834,1.661389063596217,0.246150170000525,0.279133371237724,0.22679503098056752,0.2219583134043561,0.246150170000525,0.2543424911475554,0.1371695012401358,-0.25044754337855324,0.4146682622354303,0.9094504189498117
g045,0.0015416696694017403,19.298620921570986,2.8120086714796617,1.3074665331596786,0.0007244797129609256,11.823508915522307,3.13997377063197,1.1080068780795167,0.001354623270807008,2.161978740207985,2.8681814676853996,0.49995894559574816,0.002134930908294555,2.931260137088424,2.670616175064083,0.594531782656025,0.001138668069132427,36.21761527489511,2.9436028574125372,1.5707485421925542,Olf,0.773734503534078,1.2153423434702328,0.3004124375073953,0.3662774273558941,0.34884304528614857,0.30992849154504765,0.3004124375073953,0.3255773136719181,0.4323902039186681,-0.3537126706517896,-0.18427772228530082,0.6307833577936405
g046,0.0007102661750494629,8.891111979269176,3.1485788665961953,0.9952451186258731,0.0005573213934824739,9.095485141633974,3.253894284904794,1.0041271939356269,0.0010917917868691583,1.7424996918431765,2.961860176650796,0.4381465874479099,0.0010997511596758979,1.5099583422350076,2.9587055709970445,0.39966651355769234,0.0006677391426118585,21.238778909055384,3.175393164194334,1.3471109372437364,Gust,0.8084940535498486,1.0891311822335241,0.3676432253738799,0.3890333517955647,0.3675556155060935,0.3674751113752631,0.3890333517955647,0.3767842662689085,0.12524959482071213,-0.15225966811034028,0.12104057728873081,0.4324009261503214
g047,0.0010813670271725747,13.536552446146292,2.9660268765774958,1.1624614195114384,0.0011444996714449279,18.678234637981223,2.9413843272842226,1.293986134675985,0.0007712265826373395,1.2308776258891938,3.1128180090222033,0.3484757478460569,0.0010414652828870147,1.429931833403871,2.9823552022093587,0.3855940905564237,0.0010964854693231785,34.87591332276234,2.959997118843071,1.5548029660761784,Gust,0.685815279775972,1.0663076311760453,0.3311779818864036,0.3266086600914222,0.39770984232773005,0.372199187844973,0.3266086600914222,0.332760843472115,0.043312482104541104,0.060196463892616195,-0.5177446570487959,-0.17390782248907322
g048,0.0004948666350676965,6.194740537777425,3.3055118253566222,0.8570151366960663,0.00045493895551838794,7.424603754060091,3.3420468728500237,0.9255494832558833,0.0006151302694764051,0.9817479100843426,3.211032900878385,0.29704840886653894,0.0005701414283660431,0.7828041811465772,3.2440173998109345,0.2511036439505743,0.00048366080331402295,15.38379917100913,3.315459106243678,1.214414615842545,Gust,0.7538334151440172,0.9154663172613955,0.39899099951659317,0.40664206470603304,0.4173285270939983,0.4244669048171748,0.40664206470603304,0.40515014148760736,0.08239244643820744,-0.0446134915903524,-0.12799805275267573,0.025230719294117403
g049,0.0011582807130105287,14.499357965465798,2.936186174830022,1.1903137086328472,0.0009466088229466375,15.448655990489122,3.02382945151236,1.2161304178020864,0.001220295541755971,1.9475916846425299,2.913534975026886,0.469467322678085,0.0013478190139080402,1.850555506095739,2.8703684209340574,0.45492950201666144,0.0010609792567108905,33.746567218203296,2.9742931065319844,1.5409119049884916,Gust,0.7534325464245446,1.1609731803913752,0.3252172226805066,0.34307729200842463,0.3579025284944606,0.3498295316929677,0.34307729200842463,0.336629428623365,0.15492125445175622,-0.09376987296237255,-0.2113989500089644,0.10487350674865815
g050,0.0027933396072564176,34.967025203635835,2.5538762604946093,1.5559045192454863,0.0029546705423968054,48.22022325191587,2.529490937510826,1.6921435792338144,0.003048134580312976,4.86482279017951,2.515965861928475,0.7682548941310219,0.0033653836984913516,4.620671818028626,2.47296541314226,0.7497882282781493,0.0029135664110092243,92.6718068349704,2.5355750781262874,1.9716088974147423,Gust,0.7299306827486151,1.439137828603187,0.248849804760335,0.24433186460192718,0.2784870452080361,0.27044722838146223,0.24433186460192718,0.2491316400173397,0.014225782315492388,0.030028800658526898,-0.282703317458137,0.004587860683860504
g051,0.0007069198971849913,8.849223272961721,3.150629793766175,0.9934019826227417,0.00037933169057113137,6.190693190120864,3.4209808722998223,0.8567707588297863,0.000369312224229446,0.5894223098701958,3.4326063157938886,0.2012393046828362,0.0005775636965621139,0.7929949553797823,3.238400111913353,0.2535790676693742,0.0005163554799076505,16.42371874942264,3.2870512087557495,1.2411408521637888,Olf,0.6973318817626528,0.8654870859718773,0.3680529035078774,0.4224093401494965,0.46158840355120817,0.423344836682483,0.3680529035078774,0.39457058144154783,0.4484324878527009,-0.25376334609199847,-0.5095717124734737,-0.02709514381393949
g052,0.0008472326402696611,10.605658190895618,3.0719973205466817,1.0646697756035,0.0007488726247767794,12.221601236357039,3.1255920442851415,1.1212840546959741,0.0011812840190174368,1.8853292943518292,2.9276456709752985,0.4601953851031573,0.0010854058015260187,1.4902621654952237,2.9644078610334037,0.39624507040276025,0.0008237979605916072,26.20254173253725,3.08417928699797,1.4346094852416589,Gust,0.7748901433205787,1.1116647496279708,0.35234585872749696,0.3634046394287198,0.3607211773817386,0.36861415891230037,0.3634046394287198,0.3590317828857443,0.08797034703035357,-0.0766810826290163,-0.016843882977466428,0.1459058865553828
g053,0.0011297717645867831,14.142482949097353,2.9470092830278034,1.1801970933066386,0.0014299940298047788,23.337502566413992,2.844665775397845,1.3862760103248781,0.0010821953588586938,1.7271837927384752,2.9656943325288156,0.4357144072787835,0.0012521093623978853,1.7191461545722966,2.90235773674385,0.43443255161778704,0.001286684881580498,40.9255860284309,2.8905278015907623,1.6224791418120537,Gust,0.6883334197278423,1.1168066161205858,0.32737916720755866,0.30728887319711556,0.36832149829732796,0.35621948224832656,0.30728887319711556,0.3188623575047279,-0.07113843178639888,0.1288179343328177,-0.423340140273429,-0.15365979431779556
g054,0.0010548745171236784,13.204919205354207,2.9767991984967237,1.152438767888689,0.0010508097334940556,17.14921485062299,2.978475912648938,1.2588578418560177,0.0010953919345761147,1.748245527583479,2.9604304607302985,0.4390555298836235,0.0012257563061346816,1.682963408322918,2.911595863411793,0.4286147495739857,0.0010621954829190133,33.78525172520506,2.9737955493800916,1.5413951504986694,Gust,0.7314589366251165,1.1274672577028682,0.33332978171980937,0.33401780250352253,0.36727002596443187,0.3580648225170368,0.33401780250352253,0.33666741440387604,0.05059515578687306,0.004819555542669164,-0.2929373297973742,0.00364739385434126
g055,0.02548880966024781,319.06891932698204,1.593650445802704,2.505243503509512,0.001654423054589212,27.00018425089594,2.7813534263343365,1.4471608891595091,0.0002534654806145086,0.4045309070607558,3.5960811770213232,0.14753130040356432,0.005287297844609955,7.259459940649469,2.276766224101901,0.9169516511383324,0.011124514328317112,353.8374272407823,1.9537189402303354,2.550029421720225,Olf,0.2718774852448966,0.6932955864777925,0.057042155158082655,0.2946420637915953,0.4942429400376588,0.2312559207453789,0.057042155158082655,0.07925325306602592,1.424581494287255,-0.848900438468649,-0.984373567842757,-0.5865114957918133
g056,0.04919415479952888,615.8124297805025,1.3080864965961194,2.7901531168760587,0.004437745772023658,72.4240109994261,2.352837580998884,1.8658381054109145,0.0002616589413700955,0.41760767042667246,3.58226441836508,0.15155605444066553,0.023728855666622868,32.579718830273194,1.6247232052811906,1.5260770553823737,0.022681456478465964,721.429086210567,1.6443290608600185,2.8587952230840386,Olf,0.3678516412073302,1.0516125146871393,0.0,0.20904488877970767,0.491483005902972,0.10100860082752587,0.0,0.025838984608514186,1.295093467782654,-0.8012172514788768,-0.9920881830367522,-0.08986440387386035
g057,0.0016844945689128343,21.086503013650862,2.7735303846595265,1.3441269588728366,0.0016984339477770685,27.718442027721757,2.7699513379546365,1.4581608757820903,0.0018466063679227155,2.947183763204654,2.7336256708964726,0.5962873456729394,0.001721716704499682,2.3639170352780634,2.7640383066336685,0.5268452761968478,0.001701378801886385,54.115755551600245,2.769198982279219,1.7412757652948074,Gust,0.7250876422880248,1.262577539230888,0.29272629780695464,0.2923644664398004,0.32196516851221146,0.32858980975064495,0.2923644664398004,0.2956999313670858,0.047385324005592665,0.013946241593200407,-0.25584230783766093,-0.11988181516896097
g058,0.0013091338093539101,16.387737025492246,2.8830159606850962,1.2402430632394548,0.0010309302407700703,16.824781529367545,2.986770720399591,1.251024215597026,0.0029656394779920144,4.733160606875255,2.527881645553398,0.7583941081278383,0.0010831839643339937,1.4872115830305734,2.965297777590346,0.39571273156430403,0.0012397003889067313,39.431150269956404,2.90668326220269,1.6067160972275276,Gust,0.7981063353678578,1.2823302963348089,0.31459633158598954,0.33567471232016366,0.28086725454556455,0.368791922101456,0.33567471232016366,0.32158527702847794,0.11709047473349372,-0.1553768364718104,0.640123084290006,-0.2401130891596261
g059,0.0012887253298172253,16.132263678652023,2.8898396350294697,1.2338147499004795,0.0012733768631566123,20.78151040671591,2.895043045048897,1.338087991974315,0.0017267760148722826,2.7559345197361633,2.762763992125255,0.5747180122508504,0.0012012165579791245,1.649270334105338,2.920378689606846,0.4231262763870668,0.001299034028836101,41.31837535518986,2.8863794718858173,1.626528986347078,Gust,0.737231622568903,1.1991286037600093,0.31595937860849166,0.3173518662319857,0.32778562534927475,0.3598192153104432,0.3173518662319857,0.31919922355719116,0.04947889404070686,-0.004366048685291384,-0.08861237111859838,-0.19577589427810418
g060,0.0011046616809636154,13.828154922302538,2.9567707103532244,1.1710871148237818,0.0012340814074637396,20.14020856980823,2.9086561903186445,1.32510926775239,0.0012774059515858666,2.038739898731043,2.893671064403827,0.4826935281878266,0.0012445426196824657,1.7087570168240254,2.904990225925408,0.43277004933535296,0.0011857525901176032,37.715232633870606,2.9260059176507083,1.5878818732160493,Gust,0.7219236628025852,1.1463294980099605,0.3293290381685398,0.3200711280534585,0.3539346597387756,0.3567453289343793,0.3200711280534585,0.32695751600194783,-0.014473753828080044,0.05709036303861744,-0.2613790562510285,-0.08716746376678979
g061,0.00189877231800855,23.76883187683103,2.7215271082099806,1.393905525301667,0.0017166505492810353,28.015736964266495,2.7653181029349003,1.4626336055898377,0.0024013682917661877,3.832583793658835,2.6195412280104247,0.6841793931316615,0.0021194750725738393,2.9100392746438812,2.673771686655558,0.5921811197169544,0.0018400618448449796,58.52684709898426,2.735167579785128,1.7747128803045613,Gust,0.7547803147089669,1.3395183463143339,0.28233850560767493,0.2914389654736807,0.2991764988978913,0.31055881334268404,0.2914389654736807,0.28920046670320326,0.09163670335971313,-0.05241858720370333,-0.1052168714346611,0.0017883638987126371
g062,0.001978482313507354,24.76664160048506,2.703667827503687,1.4110578167105778,0.0020969158296809008,34.221666340392304,2.6784190015825615,1.546809898630643,0.002492591533014513,3.978176086691163,2.603348884375387,0.6970702542906124,0.0020653886155123985,2.8357785690985233,2.684998220943201,0.5838535283749787,0.0020687634286047454,65.80115837363114,2.6842891696007842,1.8247839934772543,Gust,0.7306800078440787,1.3333331826677095,0.2787710669870416,0.2740806398299486,0.2959420353720538,0.31280134329964293,0.2740806398299486,0.2788363722022205,0.011705871473966005,0.02951456502262577,-0.1739107115711294,-0.1317069814608716
g063,0.00015450501107946746,1.9340937286927735,3.8110574276750735,0.4674739831282225,0.0001384297512006491,2.2591735395945935,3.8587705585215155,0.5131074857433786,0.00024962427115894745,0.3984003367696801,3.6027131884119314,0.14563151987928388,0.00013645793221935497,0.18735674093717436,3.8650012107948406,0.07458122219277646,0.0001502476138443556,4.778925853547419,3.82319241362244,0.7618471222909569,Gust,0.760575832784224,0.5794425094907091,0.4999750724958952,0.5098589894397869,0.495567701877535,0.5485100657106251,0.5098589894397869,0.506182813174816,0.08784307563823647,-0.06420112379236975,0.13910634064085659,-0.21011311991123724
g064,0.00016691400188047144,2.089429475539742,3.7775072276190116,0.48987828573492664,0.00016428568893889084,2.681142443482699,3.784400264022248,0.5659826229945086,0.00025667745741709094,0.4096572220376771,3.5906122696804323,0.1491135206868777,0.00014744604818693933,0.2024434241606677,3.8313668598656503,0.0800646516547228,0.00016922526222129018,5.382547915472577,3.7715348017072,0.8049940838518816,Gust,0.7457881846545622,0.6003550764535572,0.493273331178408,0.495003326146972,0.49315051131214555,0.5417915150333604,0.495003326146972,0.49595048383641493,0.04341657898672302,-0.013960993718820865,0.03993565625218194,-0.24222454757790077
g065,0.00029465386948077473,3.688477138160338,3.5306878497753393,0.6710318026528779,0.00024088950155620896,3.93131666539733,3.6181821252040076,0.6929628917258135,0.0014851872291813733,2.370358817773472,2.8282187935460716,0.5276761395311452,0.0002471956013746793,0.3393995606874347,3.606959259640659,0.12691015215499551,0.00032470519162050473,10.327898029873392,3.488510766167962,1.054149330982821,Gust,0.8550750539959735,0.9013767961099549,0.44397050676342914,0.461800812696303,0.34086039528736195,0.49696550255436023,0.461800812696303,0.42883675246008746,-0.04017163529438473,-0.2465946444895426,2.1355693793102977,-0.3379899204023125
g066,0.0013084057239785918,16.37862285276401,2.883257564271015,1.2400153583530344,0.0014141928024711632,23.079626536329386,2.8494913771194086,1.3816497469350768,0.0016684402979760726,2.662830715569812,2.7776893288888,0.5638168474134417,0.001392689338707804,1.9121624620458149,2.856145748685353,0.464215599487806,0.0013843620877142886,44.03240492392838,2.8587503025356895,1.6535251407737714,Gust,0.7302366725023727,1.207464696697656,0.3146445925421537,0.30825279992140037,0.33076700089691735,0.34698851524314184,0.30825279992140037,0.31367391436690806,-0.00017338601002155025,0.0375768630577124,-0.17368296592394525,-0.12505865265475877
g067,0.0002022968409207205,2.5323518546455794,3.694010896997411,0.548063956774214,0.00018971513798367865,3.096151051893636,3.721898011679932,0.6123759635425554,0.00033138154995959425,0.5288849537355125,3.479671673766639,0.18437480664342593,0.00019786248035749595,0.27166518553084196,3.7036365488161205,0.10437278173939651,0.00020212188806379274,6.428890893645056,3.694386651428527,0.8709239800156965,Gust,0.7632153340826773,0.6647025363682948,0.47659471800023556,0.4825183357070171,0.4709898334568793,0.5162770471128788,0.4825183357070171,0.480663183947756,0.05877826387697084,-0.04666112954341836,0.1240820640269326,-0.14862322813828047
g068,0.0001130013798299685,1.4145512727115457,3.9469162495858563,0.3828364320263927,0.00010574837172488616,1.725813426550142,3.975726306903653,0.4354961264096119,0.00020347734839143758,0.3247498480327343,3.6914839283641054,0.12213387836674187,9.967890226393703e-05,0.13685913280838555,4.0013967490661315,0.05570665498317132,0.00011324106033571503,3.6018584060980876,3.945996068924698,0.6629332517954009,Gust,0.7651984293634153,0.5072754830466223,0.52711323198893,0.5332212099314825,0.51329989228854,0.575755435718142,0.5332212099314825,0.5306425415626685,0.05561641916501741,-0.05152589614491676,0.2319476029083478,-0.23445968103220932
g069,0.00022275968643874024,2.78850575484015,3.6521634001543632,0.5784679512907194,0.00021823103784862586,3.561530537689574,3.661083479952939,0.6591105866437855,0.0003272653431851187,0.5223154877234495,3.485099981939309,0.1825046658240633,0.00022312086050685863,0.30634494147591695,3.6514598218553425,0.1160578679035311,0.00022569088411997842,7.178549951204154,3.6464859802311946,0.912676310515566,Gust,0.7504442409532539,0.6849126810808702,0.46823556967450747,0.47037047192982945,0.47207415239101513,0.5058546077146041,0.47037047192982945,0.4711794010698896,0.04412842009321816,-0.017882983342179488,-0.005806056694134767,-0.14019507712603946
g070,0.0004102033436674834,5.134925456029557,3.387000802854269,0.7878092900896398,0.00041945374112642203,6.845485055183207,3.3773159267231194,0.8946197994560741,0.0005510014455014835,0.8793983070203677,3.258847261027003,0.27401883130296123,0.0004156633693252693,0.5707058060835948,3.3812582453194415,0.19609484910162395,0.00042224278288902095,13.430276195351087,3.374437763767512,1.1592746435653567,Gust,0.738522872460276,0.8561508397362498,0.4152686385918658,0.41368715162578457,0.4268795721679996,0.4518811271840862,0.41368715162578457,0.4167785993283008,0.027707360933683037,0.008982751596309678,-0.1053013407805136,-0.14384093998565858
g071,0.000175509515407128,2.197028113866428,3.7556993304172206,0.5047464553656416,0.0001439917794405741,2.3499458404701694,3.84166229826021,0.5250377857308501,0.0002641468683980729,0.4215784019633244,3.578154532094963,0.1527708166125221,0.00014223146106455133,0.195283796041629,3.8470043256197988,0.07747103199710051,0.0001623476219994446,5.163790812936334,3.7895540656815396,0.7898478911870317,Gust,0.7576054356316372,0.5983930556854811,0.4889171459550549,0.5064415691420859,0.49066204523565576,0.5449151402329196,0.5064415691420859,0.49915228056406824,0.1436447444657977,-0.09913944999171605,0.1155517323291854,-0.23804631304264592
g072,0.00015708303067296943,1.9663653779642314,3.8038707255189097,0.4722246436109666,9.941772090600308e-05,1.6224972051859703,4.00253619266541,0.41871503403510635,0.028455584006872058,45.41511207496781,1.5458324967260655,1.6666594034477675,0.00032902417766532833,0.45175019593449584,3.4827721863202483,0.16189189331963053,0.0015535246847603987,49.412959648174,2.8086818413440926,1.7025421947827077,Vis,0.260759400911077,0.4439538827373691,0.49853950970652416,0.5385765556172444,0.08470033615158117,0.47215880575438574,0.08470033615158117,0.11958419166391714,-0.8931251236312095,-0.9350559220280105,11.547801337512356,-0.8159581466294432
g073,0.0013625747911015834,17.056711235009622,2.865639649854605,1.256638652812982,0.000707286035294414,11.542908096004837,3.150404915959891,1.0983982401330932,0.0029972443185396613,4.783601932389299,2.5232778542171337,0.7621983941557748,0.001636042920377801,2.2462869296787207,2.786205306854783,0.5113869031885985,0.0011201513357995004,35.62865353777471,2.950723298493302,1.563820954376741,Olf,0.8379412266901142,1.3103900488341513,0.311125367477173,0.3683610762615944,0.2799476350331987,0.33301772675317715,0.311125367477173,0.3268623566773724,0.2868070965894341,-0.3586758714355068,0.8345477509887675,0.2702529801068509
g074,0.0011018698152519314,13.793206347323677,2.957869713490785,1.1700623151754275,0.0005754063527159267,9.390631676323922,3.240025346879944,1.016641950367851,0.0022560547140664904,3.600663323650119,2.6466503718148915,0.6628204527755818,0.0013181760281680615,1.8098556866747486,2.8800265902035784,0.44868401524662255,0.0008989817417501013,28.593912259845474,3.046249128181565,1.4712023818740696,Olf,0.831685616130751,1.223577859421964,0.32954856695593104,0.38626299469380393,0.30459162217025676,0.3517587765838082,0.32954856695593104,0.34643721458255444,0.2966204763184988,-0.3498903078435813,0.7206240733989162,0.2752590997759158
g075,0.0012887029706156524,16.131983786166735,2.8898471700424544,1.23380765470529,0.000558031817519092,9.10707926191158,3.2533410372393146,1.0046256715458255,0.000760564172509548,1.2138604193252387,3.118864135949895,0.34515023577135695,0.0011927036065952508,1.6375820518552795,2.9234674671247065,0.421205978870184,0.0008832398116105773,28.093208687897633,3.053921363066654,1.4637916221958356,Olf,0.7106293877481784,1.0402133442719395,0.3159608837472915,0.3889228391091321,0.3989175721944485,0.3604362068001327,0.3159608837472915,0.3457930325997055,0.543676169924227,-0.35821179524674035,-0.4095365618254409,0.17456846024224312
g076,0.001833581557142385,22.952773932308375,2.7366997677522304,1.3793558156100652,0.0007984727134359755,13.03107468327512,3.097739920066962,1.147090936255845,0.001594289376676605,2.5444858451758616,2.797432847480766,0.5495532463463122,0.01024145693619491,14.06152037339561,1.9896382567609987,1.1778688135943503,0.0016534378986567157,52.59089924257416,2.7816121118134034,1.729091044463117,Olf,0.8705171377383921,1.5052033869151193,0.2853692845353878,0.35784110385096296,0.33471082102553834,0.17390134882273028,0.2853692845353878,0.2759097771938962,0.1731706385227208,-0.5094871023219616,-0.33887758390375944,4.38722517362842
g077,0.0008693289660555647,10.882259997083558,3.0608158489348223,1.0748990509916305,0.0004540492359784369,7.41008353116809,3.3428970498111856,0.9248003093466888,0.0019522926066469725,3.115859000208568,2.7094550901719834,0.6144604884226964,0.003464098519626785,4.756207267447575,2.4604097649352568,0.7601364234661181,0.0008225618929326258,26.16322612850803,3.0848314135213646,1.433981349062189,Olf,0.9272882980317049,1.3297141245810855,0.3501123301593724,0.40681188980568295,0.31713703099773183,0.26793920439900903,0.3501123301593724,0.34730583354732514,0.11798540283035877,-0.43935967669317605,0.6272364709083219,2.662559170053397
g078,0.002158464092161429,27.019653505676764,2.6658551715949548,1.447462760446436,0.0014828600784576463,24.20027648042879,2.8288998264404577,1.4014053055936826,0.00452608072351373,7.223624834727913,2.344277704491271,0.9150632894036408,0.002646366199614299,3.6334607920704327,2.5773500589006884,0.6659054924117339,0.0019516160667401488,62.075052234803906,2.7096056149796537,1.7998576188452238,Olf,0.8264614189260858,1.4875128815357497,0.271217888824049,0.304139583137427,0.2441918810511157,0.2912983378300371,0.271217888824049,0.28208261679376384,0.1699759205633545,-0.22827660285222584,0.5900404327321553,0.17930046122559504
g079,0.0022907760022212315,28.675933995805373,2.6400173749402294,1.4724043964671043,0.00155384914809187,25.35881809685932,2.808591145700479,1.4209259330266852,0.003068437059674604,4.897225547240668,2.513082780472619,0.77064773826599,0.0031401759868714373,4.311461629974484,2.503046011665743,0.7252140484796038,0.0019883659982216344,63.243957305435515,2.7015036718439793,1.8078322848076795,Olf,0.7979936918116434,1.4426387591299585,0.26605672051195367,0.30008287037293246,0.2779111420515093,0.2764559076037236,0.26605672051195367,0.2813271173807885,0.21879333488549035,-0.20624641737690946,0.058079846454980634,0.373548079433594
g080,0.004695421847114984,58.77729068218537,2.3283253835728557,1.7765362273904315,0.0017598376708460007,28.72055078820673,2.7545273898408684,1.4730568536101518,0.004206186055812309,6.713072945076446,2.3761115206036334,0.887227438648194,0.009111684831253616,12.510343273311218,2.040401310656384,1.1306663837970774,0.003355503901830817,106.7285126055328,2.474242251713759,2.032330663636055,Olf,0.7985614402021403,1.6229409017201795,0.20379541973323648,0.2892834919543996,0.25055077013007854,0.18404140328213928,0.20379541973323648,0.22742714152501844,0.48042566944047427,-0.4672616034986514,-0.14048344290322412,1.3618543483227656
g081,0.004145641526554946,51.89514062941481,2.3824082539391003,1.723415776103868,0.002161557152679762,35.27661273173372,2.665233276808754,1.5596267287575705,0.004235365381701108,6.759643149194968,2.3731091173649395,0.8898417493639863,0.004173127430860908,5.729703962572028,2.379538353340288,0.8279959601750642,0.003133463203576624,99.66606411616168,2.5039754007384336,2.0028830887162044,Olf,0.7603846563169401,1.5229615690564824,0.21459861632509344,0.27144675638454496,0.24995103213141115,0.2517849257483935,0.21459861632509344,0.23925664307278138,0.3996807596012998,-0.29929798154672926,-0.07320878914505163,0.15835406056907833
g082,0.0019615442316340825,24.554610691595443,2.7074018941251623,1.4074692691386546,0.0008790881297733175,14.346718277900543,3.055967583640783,1.1860155207791248,0.008349300220369914,13.325483151710383,2.078349922448497,1.156109278219411,0.008610984820624525,11.822882158717475,2.0649471762886797,1.107985651153584,0.0020134321017771556,64.04123486122599,2.6960630111454007,1.813188778101469,Olf,0.9674730120132192,1.754211208498397,0.2795169566841991,0.34949696901756366,0.1910721022895642,0.18894450495087955,0.2795169566841991,0.2600724560861659,0.030490446090085707,-0.5565877585373347,1.8428223344351526,2.7191279503834793
g083,0.001474659974912299,18.45979356595216,2.8313081068780117,1.289138228859189,0.0005259662306932088,8.583768884913166,3.2790421377095105,0.9815363320467871,0.001047004422797289,1.671019058784473,2.980051483338643,0.4266769868964751,0.0011637764834879476,1.597865111828952,2.934130422499458,0.4146165975802806,0.0009531112428403656,30.315609301023507,3.0208564070568804,1.4957608660931472,Olf,0.7027408935832544,1.0511323276251607,0.3042675508419559,0.39405670199633364,0.37118937719589895,0.36256616037662664,0.3042675508419559,0.3364559880075557,0.6369440165752511,-0.4394308489243691,-0.24674117669783,0.062071960306550454
g084,0.0022656463456905635,28.36136095535447,2.6448078798509838,1.4677761820921962,0.0016281182799230136,26.57089032834358,2.788314047305421,1.440450790713807,0.003236675753017349,5.165734501815689,2.4899008054767298,0.7899848199560286,0.0029706721303312264,4.078732834944773,2.527145277988029,0.7057553675123929,0.002017691764356195,64.1767219488775,2.695145178450641,1.8140925139181077,Olf,0.7963221518197339,1.444602054283338,0.26701363655532695,0.29603246626548035,0.2732804811495981,0.28126979987749007,0.26701363655532695,0.2804386931332588,0.18789358614895502,-0.18040222885912968,0.09986248521520665,0.28050881189527765
g085,0.001137685999197269,14.241553337951412,2.943977586094426,1.1830292302400338,0.0007229221413889514,11.798089347467688,3.14090847303963,1.1071451377893733,0.0034347169092977287,5.481808187239174,2.4641090517229114,0.811696175036804,0.001688255074624861,2.3179742174599345,2.772561935928789,0.5208730069872014,0.0010638187388308182,33.836882625991834,2.9731323635797997,1.5420392852878964,Olf,0.8729076131803803,1.3460578319510372,0.3267735777157952,0.36646413663734406,0.2681285100289016,0.33029242727681773,0.3267735777157952,0.33135250748084727,0.13125982124272442,-0.3098223773031584,1.2135262393632515,0.380131426074476
g086,0.001394339396932918,17.45434057080627,2.8556315011958766,1.2660985311585138,0.0012533043430952844,20.45392687931504,2.9019434550141194,1.3315067960978881,0.0011537705831624987,1.841417850727348,2.937880537746363,0.45353510451534873,0.001368530214836013,1.8789919849698462,2.863745609341926,0.45924045581652817,0.0013088128641813913,41.62941077101751,2.883122444686027,1.6297093298166325,Gust,0.7151220842090964,1.16544113259348,0.3091262132764327,0.31873024139798345,0.3627656191258714,0.3485066075372025,0.31873024139798345,0.3179952938629794,0.12703865552476445,-0.02735074876065136,-0.3955734226712304,-0.09057448261940032
g087,0.0019737702842480887,24.707656418217574,2.704703393537905,1.4100624869490628,0.0015389065151452522,25.114954327170516,2.8127877614260828,1.4168892706296403,0.0028713882534832555,4.5827356525592755,2.5419080804469325,0.7468470641117908,0.002195880770315503,3.0149442976431864,2.6583912442608724,0.6036795243609006,0.0018052629139277338,57.41999750329943,2.743459539360947,1.76656153407705,Gust,0.7798115476700972,1.3775850839430854,0.2789779240450295,0.3009211554786815,0.2836690720639689,0.307486529239893,0.3009211554786815,0.2904469255985313,0.156629179693687,-0.13415694972392278,0.0905441062661637,0.057910008811964904
g088,0.020836390801330047,260.82994005104956,1.6811775056401947,2.418019306292279,0.005863692784525743,95.69546624346013,2.2318287916148862,1.9854061118119912,0.0007559296458840559,1.2064637148309534,3.1215186216837125,0.34369678989412705,0.02139666289230416,29.377618151133614,1.6696539556244478,1.4825537186916162,0.012172739058304485,387.1783112274908,1.9146116876288701,2.589031266298715,Olf,0.5952428307501368,1.5411022998522586,0.07452591717234534,0.18487306261358252,0.39944781275007196,0.10998363720578751,0.07452591717234534,0.10550782729148733,0.8111382529260179,-0.5106385930368174,-0.9574142535371455,0.5290355592676241
g089,0.0034993628716936684,43.80502442786134,2.456011020238661,1.651326718438796,0.00654424768642946,106.8021222425288,2.184140271798809,2.03262731065728,0.0004646531267114964,0.7415863902315483,3.3328711351452984,0.24094502221675795,0.0020439968947684978,2.8064077365171474,2.6895197681027043,0.5805153073968721,0.004846488052875738,154.15224549781863,2.3145728534192447,2.1907580654519583,Gust,0.5124405371990199,1.1226332399332872,0.2293009638272509,0.17534715447928903,0.44166603707223556,0.31370453431988055,0.17534715447928903,0.19447874880169952,-0.2361749581022476,0.3714944037145303,-0.9342663793472703,-0.633201478264029
g090,0.006343376332811852,79.40638493413877,2.197679522427296,1.9052905367032222,0.0031525650399166286,51.449861451439375,2.501335944685157,1.7197443453235741,5.288932522478288e-05,0.08441136305875348,4.276631965571727,0.035194059708760314,0.001985641551504585,2.726285850215795,2.702099147491886,0.5712761673636655,0.004203028037356882,133.68571278421035,2.3764377128108705,2.1293215289964254,Olf,0.5488766429796447,1.168734852659842,0.17769856295936154,0.23870783021768954,0.6301847624606429,0.316217298668825,0.17769856295936154,0.20429268487167546,0.5968325803449949,-0.2380396696008298,-0.9913709951787808,-0.5890564277092937
g091,0.0032078681624123687,40.15609365707803,2.4937834886045365,1.6144341468560675,0.0027226383420886876,44.433457742887384,2.565010043578225,1.6573757903367758,0.00022867121664265646,0.3649592617616797,3.640788495671401,0.13511968972393693,0.0015263345342363972,2.0956573155065734,2.81635026920922,0.4907528789418535,0.0027370178483772448,87.05632670333503,2.5627223703426107,1.944760564773909,Gust,0.5863412180744475,1.1402932784126842,0.2368461144221228,0.2514269001097435,0.5031733453434584,0.33903926282113644,0.2514269001097435,0.2478654513817108,0.23996613134427358,0.010444970925993776,-0.9427126686859445,-0.5149511555548039
g092,0.004888736214437247,61.19719993232545,2.31080339559987,1.7937708335443157,0.0020948013944378317,34.187158757225404,2.678857145468113,1.5463842004562354,0.00018848997488638358,0.3008299999186682,3.724711741123904,0.114220544123992,0.0016339429409428811,2.243403657914576,2.786763113306672,0.511001002171444,0.0030793118147945473,97.94367089317018,2.5115463315507482,1.9953880190165707,Olf,0.5521693313559135,1.1017920682559807,0.20029535622938696,0.2741681602314931,0.5199372358897696,0.3331291500692688,0.20029535622938696,0.2301095187114893,0.6797707616429962,-0.3089242298829475,-0.958024541636669,-0.5384351461065614
g093,0.0022335182735249157,27.959181747984893,2.6510104898038005,1.4617862865528937,0.0021602797175658416,35.255764990674535,2.6654900116432794,1.559377073102102,0.002324473220527003,3.709859259961097,2.633675452625676,0.6730079297328234,0.002452306088018651,3.367016258849608,2.610425323519322,0.6401848088472669,0.0022099481717006634,70.291821497283,2.6556179111900216,1.8530397110254164,Gust,0.73115500961682,1.3548592677351377,0.26825262432075275,0.27149803984769283,0.3019998476986851,0.29790520953605165,0.27149803984769283,0.27308188869171546,0.06917213850122583,-0.0071182915122345244,-0.27883200057179613,-0.03489352051365251
g094,0.004148637547414495,51.932644818534655,2.3820945062651573,1.7237235943766578,0.003961364574576886,64.64946985709479,2.4021551864078425,1.817231223356679,0.00430188107568151,6.8658021967876905,2.3663415996330914,0.8957430209036625,0.004573459086379803,6.279359325599469,2.3397552016133023,0.8620931576645698,0.0040785810112164474,129.72742622376154,2.3894909069478083,2.116366710825376,Gust,0.7326603966543168,1.5505780738193118,0.21453594439627585,0.2188962110757436,0.2485992025409894,0.24383813582692984,0.2188962110757436,0.21993002597565867,0.07606156442669185,-0.013480128112683457,-0.2768243358511418,-0.024743494498995225
g095,0.0020991121639516055,26.2766860683462,2.677964354500946,1.435791605366591,0.0020549347353592063,33.536534881062245,2.687201966532024,1.5382787617917997,0.002229206231218514,3.557813145024748,2.651849751451865,0.6587565165994939,0.002310339865878863,3.1720966358516796,2.6363241277040106,0.6203543591818877,0.0020920865770964023,66.54299775770527,2.6794203467591178,1.8295803319987969,Gust,0.7313855085059037,1.3381285414713402,0.2736367301801807,0.2758350603399158,0.3056302120230798,0.303078564263833,0.2758350603399158,0.2778587069057174,0.06143973324523006,-0.0023295077240046043,-0.2694268264157276,-0.0395428374620722
g096,0.0032788102825809544,41.04414711734839,2.4842837114726146,1.6237055470648398,0.003187919180319257,52.026841022810274,2.4964926971730352,1.7244957555887466,0.0034311314356166448,5.476085771244165,2.464562645072947,0.8113125920472674,0.0036104148321388935,4.9570995645267,2.4424428952154926,0.7750348587799236,0.003254129556218461,103.5040987946406,2.4875651604142215,2.0191333244086587,Gust,0.7311460673313032,1.476281389558971,0.2349485087802626,0.23774037870000664,0.268219116501894,0.26435027458799,0.23774037870000664,0.23952023123943056,0.06591200088804368,-0.004957192216955859,-0.2770700863118545,-0.03505046707573459
g097,0.0032155596328193523,40.25237548363265,2.4927434318443833,1.6154489620915031,0.0030961148013815797,50.528593558547385,2.5091829442693574,1.7120482888205206,0.0033704809440319567,5.379287586675003,2.472308123796178,0.8047721811582538,0.003520415293197263,4.833530197559842,2.45340610091405,0.765931450355993,0.0031752063345883335,100.99378788425113,2.4982280475386895,2.008573721078105,Gust,0.7320056707096259,1.4702873538675072,0.23663836032973576,0.24027528916708082,0.2697662963904329,0.26654020396186445,0.24027528916708082,0.24165357041662924,0.07133387312992326,-0.009590670038304352,-0.27219686521881026,-0.035716801913457136
g098,0.001971015886379784,24.673176865702132,2.7053098750744056,1.4094796127258697,0.0018594873240432323,30.346833128385548,2.7306067776075325,1.4961936719820912,0.0019644001698100747,3.135182671016879,2.7067700367773155,0.6164946991998949,0.0021452730323005494,2.9454598733486543,2.6685174264117864,0.5960976308199064,0.00192098935653263,61.10090846323337,2.7164750411651966,1.7930979534404035,Gust,0.7302389238140199,1.3093899198134418,0.2790990703381863,0.28450528630805877,0.3166006844708963,0.3095092609433041,0.28450528630805877,0.28517442183450825,0.08544344793464709,-0.016804917606645715,-0.298866340324009,-0.02872528667479036
g099,0.0032452430504350182,40.62395250534556,2.488752771299926,1.6193433173402647,0.0031596825426863,51.56601909664042,2.5003565491698856,1.7207050884921573,0.003343895029488585,5.336856467063782,2.4757473641262924,0.8018738702516195,0.0035385372633053506,4.858411662518247,2.4511762264832053,0.7677798856928869,0.003218953106434984,102.38524145637754,2.4922853499159907,2.014458546383401,Gust,0.7291625263401286,1.4688676828883838,0.2358412153168844,0.23851219336962642,0.2704532937550561,0.26609478063857483,0.23851219336962642,0.24042620897171055,0.06652932751721692,-0.002992505005823227,-0.2877507728731593,-0.043925402895718266
g100,0.002463399167481079,30.836830778528146,2.608465209507794,1.5029298290436137,0.0023902387728091277,39.00869677224497,2.6215587128727527,1.6021544050695582,0.002465895124756484,3.935568619111349,2.6080253978431984,0.6933371942734495,0.00267641594070734,3.6747190865911774,2.5724463919689216,0.6697555183510265,0.002435185637518418,77.45594957254832,2.6134679261490885,1.894625883149895,Gust,0.7272130668727382,1.3777966990619053,0.2597540919022462,0.2627226465680894,0.2968761813227977,0.2903188173732618,0.2627226465680894,0.26458539808418313,0.07014761034277792,-0.003035758805313809,-0.30571581128984676,-0.0441165647103366
g101,0.0016803257128949977,21.03431727401958,2.7746065265857336,1.3430995985845606,0.0015053871434746223,24.567918181505835,2.8223517970220677,1.4076953678741435,0.001617341966481146,2.5812777785039094,2.791198144046515,0.5540380079688265,0.0018039331169779579,2.4768001696107365,2.7437795682528154,0.5411797301628866,0.0015927572497437543,50.6608298425996,2.7978504091931287,1.7131613780890844,Gust,0.7322821711831712,1.2545175335342285,0.292941260006831,0.3028315969189241,0.3334654225021977,0.32454307310465597,0.3028315969189241,0.3013474552238428,0.11606252615861075,-0.0399968579587841,-0.3037732813144801,-0.01495081369293083
g102,0.0027888553902372364,34.91089177498973,2.5545740043484755,1.5552261900926083,0.0026981472210242793,44.03376264711624,2.568934357122093,1.6535382345181682,0.002984714966826117,4.763605087054483,2.5250971364980286,0.7606942160023473,0.0030637323884305243,4.2065045693151095,2.5137491720907845,0.7165462538713298,0.0027640027701645717,87.91463611062454,2.55846152587784,1.9489732554459684,Gust,0.7332250374045407,1.4290359881248196,0.24898918094308992,0.2522107921335099,0.2803110414870998,0.27859389224549436,0.2522107921335099,0.25371645280062793,0.06739977189874122,-0.00849216210166145,-0.25961476252889226,-0.035961518366086145
g103,0.0020480920025089284,25.63801568740677,2.6886505380678996,1.4255018703441187,0.0019874317380612124,32.43488596515899,2.701707778826533,1.5241998463100583,0.0023223589939646086,3.706484954367516,2.634070645286018,0.6726966746790747,0.0023171788139444687,3.1814865115457556,2.6350404507386522,0.6213307001951373,0.0020423350284850877,64.96055025102518,2.689873013707584,1.8192842699255911,Gust,0.7392666381439164,1.344936166056001,0.2757713236495858,0.2787326347637755,0.30207878847923947,0.3028221463902384,0.2787326347637755,0.2800757583827844,0.06086600632995952,-0.011600103130787704,-0.22035983727393113,-0.013236554259590383
g104,0.0014707703443600523,18.411103170699135,2.83245513524615,1.2880502178887676,0.001999040310621949,32.6243378693502,2.699178448033735,1.5266537409652956,0.0013844985346784355,2.209659661346783,2.8587074992518207,0.5064589841072967,0.001583376154822365,2.1739754605711075,2.800415899419512,0.5016035647062411,0.0017423152386177978,55.41782079471629,2.7588732646897993,1.7514163070035438,Gust,0.6733924954861594,1.17939059760827,0.3044966727963477,0.27822739423908827,0.34695059500013564,0.33585633025413636,0.27822739423908827,0.2919552516423702,-0.10700606799252026,0.1653452059690461,-0.45518391503776034,-0.2096304943717589
g105,0.001086630767790816,13.602443951205435,2.9639180017439726,1.164425547955463,0.0010759105972698692,17.558860947444266,2.9682238144420796,1.268551317819271,0.0013257581543576515,2.115910014354812,2.877535692652973,0.493584907012896,0.001159298647838571,1.5917170434823578,2.9358046703048517,0.4135875847131435,0.0010962549174766043,34.868580160178354,2.9600884451082687,1.5547141856861693,Gust,0.7383943911234473,1.1479922345107252,0.33075672855314137,0.33196991873445314,0.3507115764976914,0.3629005958099286,0.33196991873445314,0.33404586978052714,0.04859136727152319,-0.003149883260152506,-0.17083232201380985,-0.08026642332500204
g106,0.002904029967326771,36.352647130996516,2.5369989062185714,1.5723213850977948,0.0027615726998590617,45.06886646169988,2.5588435191010626,1.6634075264379373,0.003015742459151236,4.813124964805373,2.5206057493111773,0.7644096590895488,0.003199525296315924,4.392948231841764,2.494914451695459,0.7318262514149253,0.0028493009322496784,90.62771475206551,2.545261679666171,1.962026855145783,Gust,0.7331973439450725,1.4385528789417916,0.24547850854473593,0.2501951205136505,0.27941387500127685,0.274831606963566,0.2501951205136505,0.25104915401973665,0.07821061448361397,-0.01556195600519187,-0.27431100498113004,-0.02336903567877909
g107,0.004202570722531173,52.60778030464523,2.376484969243427,1.7292278251062685,0.004071197858498692,66.44194905069864,2.3902777904723895,1.8289301127692958,0.004353904354775409,6.948831350221552,2.361121115537277,0.9003032826869406,0.004600011382586694,6.315815628291531,2.3372410935743457,0.8642627519404409,0.00415991422457682,132.3143917411149,2.380915624119104,2.124877035508165,Gust,0.7304209285366812,1.5520546573021443,0.21341542451956316,0.21652366978085502,0.24755639701661866,0.24333593608763923,0.21652366978085502,0.21819744583426764,0.06873718868427574,-0.005951671714257996,-0.2823898832390509,-0.03826099602407071
g108,0.007223616507394995,90.42523143957055,2.141245318163645,1.96106606841179,0.006850618949382244,111.80210125391821,2.164270188421161,2.0523171896693286,0.007313922927216203,11.67302099183706,2.135849620430401,1.1028801542437525,0.008077653862449224,11.090618753142785,2.092714760774194,1.0824485270145667,0.007073650268174194,224.9915940798166,2.150356416096397,2.3540922855516295,Gust,0.7327027838211786,1.7248499709956397,0.16642568119408901,0.17137805269952663,0.20255781924697291,0.1944911534931366,0.17137805269952663,0.1721446670979193,0.08032024348373658,-0.01631274924343427,-0.29107222942861555,-0.006825629796248207
g109,0.0023205837136763326,29.04906692780033,2.634402759860252,1.4778309910010226,0.017677277343114573,288.49316623962983,1.7525846242483878,2.4616383162518876,0.0006026895828254118,0.9618925741893573,3.2199063142998616,0.29267522337315344,0.001957734524348532,2.6879695019305343,2.708246200169746,0.5667873209504519,0.010096999493643403,321.15526289431574,1.9958076654768002,2.508065230598678,Gust,0.2677677057813014,0.6715788727472587,0.2649351862796572,0.0891427709241735,0.4191010149257992,0.3174451887214371,0.0891427709241735,0.10794043141901417,-0.7568942020534658,0.7780454217682543,-0.9590790658707895,-0.8313857370570334
g110,0.0018419052386123057,23.05696977694884,2.7347327166864455,1.381240922586992,0.0028129824318961524,45.907873288545204,2.5508329799997784,1.6712457433290249,4.789266583293738e-05,0.07643669466936806,4.319730979232561,0.031988494016273225,0.0010422834317872457,1.4310551518438883,2.9820141653384913,0.3857948115252657,0.002215636253845795,70.47274232607319,2.6545015370302063,1.8541404457954818,Gust,0.52749825031815,0.9780558410012313,0.2849763608753455,0.24859499411259425,0.6387939045853133,0.3721310648267955,0.24859499411259425,0.26342998603690304,-0.12054920198398741,0.2895574145942415,-0.9851793567445685,-0.5908594443880745
g111,0.001071901375997469,13.418061424736317,2.9698451711694935,1.1589068714002786,0.003972338137775913,64.8285584085029,2.400953789996883,1.8184143445028706,0.00010654804994836346,0.17005068771758808,3.9724544902962147,0.06820467620703442,0.0012552908541320477,1.7235143427233015,2.9012556350245853,0.43512966672102293,0.0025193869231690657,80.13413986523847,2.5987051289976106,1.9092036363964244,Gust,0.40855978026814344,0.7800238181732636,0.33194069634374723,0.21865622896080672,0.5694245061731539,0.3559993345110336,0.21865622896080672,0.24132175118242127,-0.5499431111374915,0.6013571156986689,-0.971005750728596,-0.5666893313941944
g112,0.0012313897891897533,15.414537381077333,2.909604451591243,1.2152286473043765,0.005348561699663693,87.28852693851147,2.271762989837704,1.9459042708365701,9.960499260598511e-05,0.1589695681991522,4.001718888070674,0.06407203256696413,0.0011281272870246007,1.5489187650847769,2.947641895593904,0.406355994575739,0.0032823622503919177,104.40209609821574,2.4838134905897844,2.0228492476396864,Gust,0.36392830207703136,0.7361720920513114,0.31990745306298835,0.19285002447262897,0.5752701471341246,0.3652651129118084,0.19285002447262897,0.21474793414680046,-0.6031627650718236,0.6549438971561551,-0.9791957649460036,-0.7011058582984725
g113,0.0010719781930464438,13.419023020555382,2.9698140488798366,1.158935835199236,0.002459081014110744,40.13220215028734,2.6092271630726045,1.6141819615421464,0.00011059425160319063,0.17650842555869223,3.9562674419967507,0.07059504172074757,0.0009907946538375858,1.3603610597190052,3.004016345022013,0.3729784412115561,0.0017318829381033059,55.08600061225185,2.7614814660251303,1.7488544723868298,Gust,0.49381608107163466,0.8636124619186656,0.3319344795839622,0.2602593868359206,0.5661911004046217,0.3765260584904233,0.2602593868359206,0.28157023275765564,-0.3452264548335697,0.44213995434873277,-0.9562184124804757,-0.5024562670856209
g114,0.0006127997929822895,7.6710278085522985,3.2126813893812782,0.938070579036377,0.008554816145745114,139.61459949856027,2.0677893195316557,2.148030414229306,0.00019862312923601405,0.3170025142606784,3.701970178051417,0.11958660406466644,0.0005024860798001972,0.6899133875656707,3.298875963987855,0.22786444646798254,0.00466163920008187,148.27275803700405,2.331461342793752,2.173980557130859,Gust,0.17897189486112144,0.38908141970094634,0.3804478740730264,0.15210574361333862,0.5153945484359702,0.4354250483021066,0.15210574361333862,0.16601236382354467,-0.8609528083790758,0.8637329824994525,-0.9707902924364068,-0.9062632095632726
g115,0.0008246085578462305,10.322449927119113,3.0837521618456,1.0539404087169777,0.0069098934389634215,112.76946092388305,2.160528649990883,2.056025700264989,0.0003344601214771957,0.5337983538776043,3.475655655535944,0.18576826733486698,0.000718536484657627,0.9865505934349219,3.143551174478302,0.29809963013631385,0.003917293895558985,124.59736693604464,2.4070138441106317,2.0989805348061705,Gust,0.25851226641124947,0.5426122152058397,0.35469391940915695,0.170630670488772,0.4701876231790431,0.4043985102264238,0.170630670488772,0.1890117710592005,-0.7773360080306256,0.791442619085717,-0.9414670687129969,-0.8404879816341236
g116,0.0010082271125248653,12.620986994586264,2.996441627572436,1.1342085782648699,0.009795582925879717,159.863913350357,2.008969714401829,2.2064586296145223,0.0003618579195756591,0.5775252396427519,3.4414619168208347,0.19797631647394248,0.0008504833040392315,1.1677135764458648,3.0703342071548816,0.3360018976141552,0.005477050377281557,174.20854135019448,2.2614532643826872,2.2435552740400446,Gust,0.23197267668704863,0.520443522214414,0.33725340894982736,0.140356371707414,0.4633573333100262,0.3897732270915227,0.140356371707414,0.15736160178159406,-0.8052856255843601,0.8163491122963588,-0.954706956853378,-0.8649645282001431
g117,0.0036339057387428627,45.48923203758316,2.4396263420914033,1.667352372068338,0.01930913114781918,315.12502033240906,1.7142372676894195,2.49985887028525,0.0028781587167882143,4.59354131199399,2.540885260309432,0.7476868499801905,0.0038107015110307647,5.2320931746452395,2.41899506769458,0.7946339377536906,0.011645255751507148,370.40064968818785,1.933850969071516,2.569842659112292,Gust,0.3676786126635431,0.944876183665998,0.2260280809732076,0.08148278489016417,0.2834647610326072,0.25966650894010607,0.08148278489016417,0.10425393133220578,-0.6699202816381182,0.6839814893904349,-0.8305608753622028,-0.715427750714662
g118,0.0011815779967037066,14.790993362737,2.927537604667024,1.1984094509953445,0.0010239155529564435,16.710301824249157,2.989735859730336,1.2482259626293153,0.0020234241106104967,3.2293848805343526,2.693913079153233,0.6262772084116223,0.0014982105026446607,2.057043020131119,2.8244271625053465,0.48530155036301864,0.0011565623519401028,36.78677872815885,2.9368309484464583,1.5773398704771038,Gust,0.7932073489923448,1.251157577121072,0.32348964788507467,0.33626700675452637,0.3140324731343762,0.34065264364834874,0.33626700675452637,0.3294230862278551,0.08074295045537193,-0.10080567971710963,0.1995012759809716,0.12661436826979447
g119,0.00014993911754436945,1.8769378734204165,3.8240850465940923,0.4589304835371748,6.964363082438528e-05,1.1365840550539679,4.1571185890744875,0.32971998300767014,0.014069228761159399,22.454489102810403,1.8517297087854832,1.3702259773707153,0.00022928471661851728,0.31480791591722423,3.6396248910839786,0.11886231012575714,0.000809944941170613,25.761918743813684,3.0915445022623165,1.4275172477346978,Vis,0.3624879010142074,0.5174577307929289,0.5025773738780681,0.5694547987049104,0.14580411441630572,0.5034905489487095,0.14580411441630572,0.1948196382493395,-0.8043195327245046,-0.9127343496279919,10.900263962512566,-0.753991526936502
g120,0.0012616994090687832,15.793953202723028,2.899044100002988,1.225152938665962,0.0009547550629462587,15.581602627282944,3.020108029484538,1.2196265032075801,0.0030381061632058543,4.848817436476543,2.517397054132485,0.7670680656156332,0.0014199154952378315,1.9495439749615429,2.847737501116691,0.4697548754808477,0.0012001125078387243,38.1719785368263,2.920778037554557,1.5929755078747787,Olf,0.8258610750260046,1.3155764654235604,0.31779799486458893,0.342333928102338,0.2787729296412393,0.3453089455224128,0.31779799486458893,0.32426098244915325,0.1121211424514763,-0.19198845449547944,0.7356131042714136,0.02896624529722679
g121,0.0008370107652561313,10.47770075947625,3.077268955751594,1.0598548978632556,0.0008190074480685194,13.366201552478238,3.0867121482094944,1.157341955130489,0.0009087324918583143,1.4503370570058696,3.0415639429315497,0.38922582800920996,0.0010200825048012718,1.4005732790921461,2.9913647004291484,0.38031496763474837,0.0008392714541946799,26.694707143570184,3.076097547603268,1.4423967770796002,Gust,0.7403372279585122,1.0678600315594033,0.3533988818213815,0.35563827721584546,0.3834766539127352,0.37399885897565177,0.35563827721584546,0.3572350913710169,0.055035545194056554,-0.008818247822299754,-0.25762065213346325,0.05709441719953994
g122,0.0014132522156766586,17.69109123584041,2.8497803246793163,1.2716346573911053,0.0011641119704814463,18.998307358257204,2.9340052445506077,1.30099323886012,0.002102677791062857,3.3558737545363195,2.6772272721781785,0.639075284191459,0.0014167422155503067,1.9451870619505711,2.8487091646533185,0.4691128839763959,0.0013201513886672961,41.99005521934069,2.879376262788742,1.6333680029546331,Gust,0.7698600648970693,1.2574647967554502,0.3079574252706557,0.32513466877219344,0.31069943899945346,0.345503037887264,0.32513466877219344,0.31768757943297055,0.13248373677123773,-0.1043538718168355,0.0920406475486642,-0.06664777720015874
g123,0.0012210124855956289,15.284634294686082,2.91327989475139,1.211778010025044,0.0009672171843438692,15.784984448491947,3.0144759956111944,1.224920943204689,0.002641422002249299,4.2157095155898805,2.578162208773576,0.7173133957435347,0.001329800176427571,1.8258156422350549,2.8762136134392153,0.45114382482615784,0.0011667123396926584,37.109619388604386,2.9330362084358006,1.5810346113737337,Gust,0.8109553687614401,1.2821485062911864,0.3206416325684838,0.34120891441993356,0.29091093021474473,0.3509971243766187,0.34120891441993356,0.3275059251864991,0.10707919417664419,-0.15800020300935802,0.5522088397042652,-0.008740408984327836
g124,0.0004061228164448041,5.083845416256057,3.39134260959396,0.7841781705815049,0.0006522583576562532,10.644856396950052,3.1855803467313417,1.0661341372333684,0.0004151772376505454,0.6626228712902704,3.381766463925088,0.2207937504271764,0.0005397799422932983,0.7411178607686986,3.26778325664292,0.24082817062851658,0.0005386161499665895,17.13176388198731,3.2687206279566268,1.2584400548926247,Gust,0.6620873950809127,0.8331972978093387,0.41613592598721105,0.3753874617188355,0.4514330084932132,0.4292141976622327,0.3753874617188355,0.39274869707398197,-0.20237082574527532,0.22996482781223337,-0.47151708309844614,-0.12842891103108106
g125,0.0007138830137757401,8.936387566444715,3.14637295096888,0.9972285227163281,0.0004652135054548115,7.592284409022524,3.33234768497187,0.9341086439635833,0.000664384394188996,1.0603574931256374,3.1775805766464384,0.3139425814476187,0.0008676299962499679,1.191255984851206,3.0616654411957382,0.3406931152669645,0.0005904663796403404,18.78096413722031,3.2288048247533236,1.2962474555761292,Olf,0.7622780655999163,0.9881010029753852,0.3672025878850492,0.40470462623948217,0.4106463367315981,0.388041618132323,0.3672025878850492,0.38613822473176124,0.2790507729444621,-0.19971910540202487,-0.22850354289310726,0.278020224316205
g126,0.0008911208572190865,11.155050890668527,3.0500633908024786,1.0847567814837769,0.0007303352885324386,11.9190719088494,3.136477713901989,1.1112313155675082,0.0008024233048802446,1.2806675945888704,3.095596465994372,0.35806199182833365,0.000916177977823779,1.2579123635520486,3.0380201510998313,0.3537070816259898,0.0008052706950693245,25.613244998070005,3.094058104666356,1.4250978320423267,Gust,0.7327313445588115,1.0442138506002214,0.34796449817000513,0.3655790807649216,0.3942697934973909,0.3833184088121127,0.3655790807649216,0.3602132363075404,0.17069597297651545,-0.07878881996232996,-0.316773305450841,-0.010468106968507303
g127,0.0005198154019630372,6.507049201773299,3.2841508558031824,0.875469262274887,0.0015253433191220436,24.893602968071754,2.816632395495208,1.4131924845902755,0.0005923606146611867,0.945407540999254,3.2274138241711166,0.2890105950019987,0.0010706160247517824,1.4699558019841972,2.9703662600713274,0.3926891819535471,0.0010630737890831646,33.81318800936821,2.973436589179712,1.541743795518724,Gust,0.5618847487146083,0.8662823251273446,0.39472408927466723,0.3016891313163403,0.4206006599059054,0.369804364900694,0.3016891313163403,0.32587676179753283,-0.48276294002192977,0.45726150963174117,-0.6179849758572518,-0.12417636129091872
g128,0.001716438304415765,21.486374694676545,2.7653718019667584,1.351919443118664,0.000521851094186095,8.51660985711707,3.2824534007609176,0.9784822653423219,0.00027378196774452326,0.4369560205202591,3.5625951578551334,0.15744347631957467,0.0011758612564841783,1.614457505152777,2.9296439186201737,0.4173815872910745,0.0010079474793559101,32.05978547587343,2.996562096447881,1.5193000311184692,Olf,0.5982540936244356,0.9089274630603567,0.2910965993064123,0.39473811082543847,0.48755401902290385,0.36166996934442336,0.2910965993064123,0.3248659209213719,0.8017871981554153,-0.4740417201894202,-0.8137338590579343,0.01478446989789858
g129,0.0002769252763593415,3.4665506094662373,3.5576374006406883,0.6499722592444245,0.0031733358305564246,51.78884075468085,2.498483964434744,1.7225421249793034,0.00018059837405842325,0.28823500499724347,3.7432861615880446,0.10999509599253075,0.00033742834162946167,0.46328911305725085,3.4718184412175277,0.16533014143676344,0.001760605941573888,55.999593183640656,2.7543378366029416,1.7558717560456405,Gust,0.22462543086988507,0.3944134497540137,0.4493537509235307,0.23813813960932023,0.5236475255710503,0.4699707661595857,0.23813813960932023,0.25459840937090744,-0.8336266091999535,0.8304872336287022,-0.9296783773402135,-0.8333346726124484
g130,0.0009479175462962033,11.866031844535872,3.0232294372522377,1.1094446219818912,0.0022267768598133084,36.34099835215319,2.6523233002415623,1.572185925103016,0.00041223447371871344,0.6579262200550666,3.3848556914650265,0.2195651999561666,0.0011701502861977495,1.60661634294951,2.931758356451165,0.41607711386820107,0.0015867274748204052,50.46904079161263,2.79949765794001,1.711546074549151,Gust,0.5360904131882374,0.9175434422957601,0.34260434487975105,0.26886795437372035,0.4520500898760047,0.36209233390116324,0.26886795437372035,0.2915590344595533,-0.36804427969009934,0.4253521835713796,-0.8218793908059456,-0.35864252274273833
g131,0.0010274444170650808,12.86154921282068,2.9882416629609367,1.14181177118343,0.0007135318385011735,11.64483960433915,3.1465866428560636,1.1019133248316908,0.001114679730148956,1.779028849317734,2.9528498958217173,0.44389305524605327,0.0010307877707133662,1.415271609189452,2.9868307421476255,0.3829659763875163,0.0008709203687763479,27.701364169669297,3.060021551706087,1.4579025391479292,Olf,0.7565435397644865,1.1029667475986074,0.33561544430142015,0.36759836609656976,0.36575578804713654,0.37309318880092046,0.33561544430142015,0.3529109606126955,0.24804626823035586,-0.16782415677714185,-0.12244119017604813,0.02939970380771371
g132,0.0018870420174685243,23.62199197467099,2.7242184293603207,1.3913231854195194,0.0009554434867806952,15.592837704260944,3.0197949953392857,1.2199206653440373,0.0026505200048137995,4.2302299276828235,2.576668913421426,0.7185207814349508,0.0016121920657675543,2.213539706298852,2.792583220242828,0.506983670395463,0.0014355300685884105,45.65990489159158,2.842987706044837,1.6689438492220061,Olf,0.77544548916085,1.2941749795419504,0.2828761041353059,0.3422713987027661,0.290612640513223,0.3342917318440735,0.2828761041353059,0.30636957668831943,0.3906630361095659,-0.32395634073426427,0.2659752186715715,-0.023213716482790324
g133,0.0007401511562017606,9.26521217333364,3.130679577519263,1.0113679303023937,0.0006302583135894995,10.285815677780631,3.2004814162480733,1.0525329530068155,0.0015730974431607907,2.510663519284622,2.8032443745473574,0.5453892063606081,0.0008058325904107403,1.1064081466339464,3.0937551718153404,0.32354252575587694,0.0007283649793082205,23.16710489685657,3.1376509431963266,1.3832246271297186,Gust,0.8029325016957657,1.1106360102684576,0.36406779497525094,0.3783639898196564,0.3358716889486741,0.3944516268118858,0.3783639898196564,0.36881026464848626,0.07496156653668154,-0.12113838442105376,0.4807506010162801,-0.03781235749685287
g134,0.0002564558305282554,3.210314086552701,3.5909874210991135,0.6243144951156332,0.0001329548036509244,2.169822395583086,3.8762959637428644,0.5010349294798814,0.00040213960346400753,0.6418148071285561,3.3956231535740753,0.215324168143931,0.000550980170744852,0.7564957744326819,3.2588640299263334,0.2446471093556125,0.00021311267171927314,6.7784747493749204,3.6713907242491506,0.89089444623516,Olf,0.8558875727856314,0.7625054851964104,0.4560155058362227,0.5133597355480475,0.45420091894945613,0.427432558503399,0.4560155058362227,0.47100998544486206,0.27304950859946564,-0.3663256206112144,0.29378865623405687,1.248594363877886
g135,0.0003633997888814063,4.549038557217443,3.4396153281379793,0.7442177424981804,0.00011146029488375226,1.8190320125028367,3.952879808395283,0.45010000768231334,0.0002662428585409074,0.4249236022312882,3.574722030890543,0.15379158012079525,0.02036176735314549,27.95670657586876,1.691184528946226,1.461749165354426,0.0010923941925875774,34.745782083633074,2.961620616935432,1.553224803455307,Thermo,0.46846680298748894,0.7276342579955785,0.4257785293646365,0.5286575613464485,0.48997639402923837,0.11428442624962744,0.11428442624962744,0.18134678987883332,-0.6481184252412708,-0.8963757398760914,-0.8329126385371693,15.209505246772746
g136,0.0002010243158832807,2.5164223862269077,3.696751405019989,0.5461010361940829,0.0001093616762386451,1.784782556214688,3.9611348377790905,0.4447912898785619,0.020329754193999766,32.44628769362363,1.6918678723408391,1.5243479210980273,0.0004014667955765708,0.5512139103266317,3.3963503673463635,0.190671690572332,0.0011717043280113925,37.26839956105836,2.931181965518348,1.5828402997908695,Vis,0.3685184537395911,0.583305859795642,0.47714214173586533,0.5303065253289609,0.11387128919916116,0.4548958185298121,0.11387128919916116,0.1633466433340006,-0.818649922092985,-0.9052751970081371,10.88652911727899,-0.702243522979691
g137,0.0010138850697177767,12.691813302727127,2.994011271809323,1.1364609686028395,0.0008206606646552557,13.393182047173774,3.085836381854264,1.158156818450649,0.001140556715140263,1.8203285173638601,2.9428831138118667,0.4502996987337513,0.001068961709291418,1.4676844268571168,2.971037850737872,0.3922896203379226,0.0009234854160507142,29.37330062832507,3.0345699582036096,1.4824919887170882,Gust,0.7521730161479913,1.115090470568566,0.33676793894945084,0.3554633405669579,0.3637648969440674,0.36993851691501584,0.3554633405669579,0.3486229790274268,0.161457238613059,-0.09737467652031179,-0.15319159432731827,0.006744065421595051
g138,9.874162026750458e-05,1.2360476025086222,4.0054997462500666,0.3494810448703615,7.576281390429052e-05,1.2364491229180212,4.120543897855235,0.349559022836293,0.04791720707136958,76.47586248590585,1.3195085033985232,1.8891664196423266,0.00019639402399621158,0.2696489949467985,3.7068717291287405,0.10368367321786426,0.00248830753978253,79.14559791786293,2.604095944314563,1.903879673259298,Vis,0.1321476769169711,0.2515932759506582,0.5388154406035245,0.5621489072673387,0.03949151907486018,0.5169232829485632,0.03949151907486018,0.05706538178745155,-0.9580589541528743,-0.9691024174142446,12.191199251281201,-0.9314180692536881
g139,0.0007981646117428341,9.991424609796798,3.0979075309133073,1.0410539854241003,0.0006437767922443554,10.506437249427881,3.191264682741384,1.0609408733750056,0.0013005212396400277,2.0756318984654842,2.885882550336678,0.4879343564767973,0.0009205307547147034,1.2638887262232879,3.035961696769912,0.35485507676763517,0.000749425907908303,23.836989852839395,3.125271296695378,1.3950989598814494,Gust,0.7890336448467278,1.100780017237139,0.357521491870329,0.3765229228915656,0.35237888342631174,0.3829072271079819,0.3765229228915656,0.3667946545285529,0.1266702548233836,-0.12749268744638634,0.18980444401677576,0.06827999322465166
g140,0.0012335001130373891,15.440954415002036,2.9088608060236116,1.2159270251953695,0.0008094865663563298,13.210820762935302,3.091790353546093,1.1526191618486432,0.0008735607020218136,1.3942028804268145,3.0587069108626004,0.37916094895953617,0.0013355746328865916,1.8337439709532901,2.8743318379462792,0.45236060913474935,0.001002337047967591,31.881334484705164,2.998986216699161,1.5169494350110422,Olf,0.7338338508623669,1.1131888454576448,0.3197589078913401,0.35665266218124353,0.38690100715938963,0.3506212347381017,0.3197589078913401,0.3397590850757978,0.30192987521878417,-0.1796721729256146,-0.4024210854451887,0.15893477103962217
g141,0.0007295810355046034,9.132895402446625,3.1369264628491034,1.0057335596380321,0.011367206648795137,185.51281250833665,1.9443462446899635,2.2707086710537796,0.0002651852248491311,0.42323561885921324,3.5764506752556846,0.15327680415993034,0.0006187411630667716,0.8495316168906772,3.208490989956465,0.26706175977890273,0.006158764710852698,195.89182915809175,2.2105063872875537,2.294227693663851,Gust,0.16695025400653682,0.38302189620601107,0.36531562686449875,0.12744766247993677,0.49032169531941705,0.4173704103585474,0.12744766247993677,0.14057711845915732,-0.8746971151852834,0.8744363047768338,-0.9704817481555983,-0.9126346995638955
g142,0.00019658357976978948,2.4608332515582245,3.706452758522505,0.5391806748004246,0.0025818771590507966,42.136235235709,2.588064424339615,1.6348422388725963,6.0446234036158146e-05,0.0964721895217084,4.218630744496215,0.039997620883190775,0.00015385939412471703,0.2112489481332365,3.81287597925895,0.08323341291114005,0.0014116033401437435,44.898867439952056,2.8502873223731524,1.6618019694011479,Gust,0.18557920799813307,0.3083958933312028,0.4790800127916182,0.2560320737253856,0.6185988649370234,0.5380979126598551,0.2560320737253856,0.2703612246800002,-0.8526949966381587,0.8575274199899307,-0.9706442429473736,-0.9052156340710005
g143,0.0009060886362611585,11.342417548717183,3.042829315799458,1.0914002346757083,0.012458217567472063,203.31811070114406,1.904544088940945,2.310306864082117,0.0003157441371880641,0.5039276429521503,3.5006647034051213,0.1772269419587226,0.000753161890603707,1.0340912757988896,3.1231116624802815,0.30837043712476897,0.006796294800121325,216.169748707459,2.167727791115023,2.336799328815408,Gust,0.1818452732225289,0.42493591241466,0.34651947252900944,0.11949707645474067,0.47518324672631906,0.4003156635716343,0.11949707645474067,0.13357957142750004,-0.8589799586527507,0.8616389795324881,-0.9681507487704463,-0.9036302076785394
g144,0.00022382248558682424,2.8018098745758655,3.6500962837147646,0.5799903943581521,0.00227783863343382,37.174326497639946,2.642477045251298,1.5817713836213534,6.773439639710031e-05,0.1081040966497721,4.169190728567536,0.0445805604619404,0.00017862778488263978,0.2452559486438644,3.7480509848824406,0.09525862505371585,0.0012677856309999042,40.32445756521395,2.896954174459071,1.6162071616268974,Gust,0.22164595772596216,0.3582257842223526,0.467822657691027,0.26690113886202427,0.6087230908154742,0.5251489483468856,0.26690113886202427,0.2833464981949279,-0.8132572111382205,0.8247042322848448,-0.963372846506354,-0.8774730646995164
g145,8.482858805984075e-05,1.0618842653330867,4.07145775648792,0.31426428445000915,0.0007736101585932965,12.625317788242597,3.1114778354266908,1.1343466402749691,2.31224015744102e-05,0.036903352912758675,4.635967041765463,0.015738278806850498,6.397334878743098e-05,0.08783540788514274,4.1940009080583005,0.036563190532536004,0.0004341895377126618,13.810266626026634,3.362320644571365,1.1705628771012073,Gust,0.23613024233811983,0.27640529584191487,0.5519907278355421,0.3605852888283578,0.7019628956141255,0.6142286265808141,0.3605852888283578,0.3778259700265625,-0.7933428409028013,0.8095049658020544,-0.9634914206781516,-0.8718703222775586
g146,0.0003557210899224684,4.452916603649459,3.4488903844636445,0.7366288556820879,0.0029120324936957103,47.524370297114,2.5358037831404907,1.6859599082383894,0.00023170930171746815,0.36980804554107916,3.6350565297069592,0.13665971270161525,0.0003311019701582355,0.45460300502725737,3.480038233743261,0.16274448043423834,0.0016598645876240562,52.795312938558354,2.7799273401599947,1.7307444382389745,Gust,0.27340180667872754,0.473188656313695,0.42763124643028344,0.24559287223575793,0.5020283699611913,0.4716126914863745,0.24559287223575793,0.2646866312873966,-0.7733140251139243,0.7817249116169461,-0.9042999240449807,-0.8265320549177437
g147,0.0002622705370672061,3.2831025830072855,3.581250492762593,0.6317584761477909,0.0026908521376871417,43.91470688705415,2.5701101658990226,1.6523885698246834,0.0001285668178564224,0.20519264129885018,3.890871101761331,0.08105647128122336,0.0002455408376102483,0.33712757003887084,3.60987626521896,0.12617284355290825,0.0015007415433618684,47.73408626971094,2.8236940949135025,1.6878328277569257,Gust,0.23034601690186007,0.3887855690700111,0.4540705286131591,0.25244566305078153,0.5531280082431496,0.497548182144192,0.25244566305078153,0.26933467746237294,-0.815146006903916,0.820952274558088,-0.9412697292485157,-0.8577194629048882
g148,0.0005224718910315691,6.5403031319331815,3.2819370687842597,0.877388805535503,0.007133647398119321,116.42112553730732,2.146688360711323,2.0697462389806582,0.00020353384293512414,0.3248400133244581,3.69136336524869,0.12216343636682403,0.0004416665568460473,0.6064081825496229,3.3549054834510628,0.20585590763318887,0.003894619591109662,123.87616533442502,2.4095349557361665,2.0964795540544507,Gust,0.1841967168059084,0.3861646507075448,0.3942818794545159,0.1678660360497579,0.5132758094869294,0.44661709320669996,0.1678660360497579,0.1820885722939115,-0.8581007111267264,0.8601943742879606,-0.9641732264540661,-0.9013824437786607
g149,0.0009689106060938328,12.128822967082598,3.0137162896538134,1.1182257922117478,0.014014956521146149,228.72409042510515,1.8534082451902667,2.3612065406460268,0.0003620219185456764,0.5777869819988994,3.441265133197401,0.19804836846324247,0.0008236493337065458,1.1308705351790873,3.0842576480312665,0.32855706418377534,0.007625018126135421,242.52895153798931,2.117759119521435,2.3865505990035167,Gust,0.17643861972434888,0.4210796935904985,0.3407040684517959,0.10928255623441865,0.4633180252600722,0.3925544712822261,0.10928255623441865,0.1230183326284631,-0.8655921486580634,0.8666465077325607,-0.967451605468869,-0.9060653736494316
g150,0.00037538063993774085,4.69901485074064,3.425528128493325,0.7557997886787453,0.005059389121719686,82.56923046646529,2.2959019172802977,1.922046403056171,0.00012702875208757175,0.20273788833176448,3.8960979649187983,0.0801709922159107,0.00031452705963753237,0.4318456528823319,3.502341983668687,0.1558962053222106,0.002763264856463581,87.89116528953713,2.5585774861938213,1.9488585994779073,Gust,0.18429429009864084,0.35916351209341235,0.42296457392626324,0.1976718391602176,0.5541720880019801,0.4760679246045187,0.1976718391602176,0.21190521673857832,-0.8563082136426616,0.8594630593952186,-0.968485103683075,-0.9010170208988474
g151,0.0014527318922686627,18.18529782741912,2.837814528866309,1.2829685454577504,0.003148272684379337,51.37981020907078,2.501927658578947,1.7191639204866436,0.0011473381994989672,1.8311517664003518,2.9403085463875978,0.45196315072983717,0.0014717338349870225,2.0206905554371817,2.832170725334167,0.48010623770313055,0.002308078254370408,73.41304503675957,2.636749470516568,1.8716490765521194,Gust,0.567268888551487,1.061728291414138,0.30556722586610224,0.23882602663510344,0.3632506202824365,0.34219944083190496,0.23882602663510344,0.2613063199939395,-0.3341873296733597,0.38537812121899134,-0.6591904034841685,-0.44545308819787177
g152,0.0011609937386402693,14.53331962029889,2.9351701220762547,1.1912642785691907,0.0010176663577018314,16.608314957693892,2.992394581846597,1.2457177977850213,0.0006824216550236684,1.0891449614177748,3.1659471996858635,0.3199685758154388,0.0009821888707038408,1.3485453194763732,3.0078049907755755,0.3707989451062851,0.001055756935599156,33.58046085060236,2.976436056465366,1.53883077677885,Gust,0.6859837265268983,1.055612870749037,0.3250142634519687,0.33679809353876283,0.40832253887321535,0.37728285051376576,0.33679809353876283,0.3356437478101663,0.1633779888791468,-0.0209028607283886,-0.5568022549500456,-0.19085117833176396
g153,0.0004470400265348887,5.596047052163737,3.3496535888160692,0.8192837449746323,0.0004712404333448673,7.690643872188234,3.32675745239019,0.9390519536384858,0.0005303236766990738,0.8463965880117219,3.2754589822261657,0.2663249889360736,0.0005081807007315314,0.6977321021043927,3.293981831396318,0.22986916072719593,0.0004662689581759052,14.830616752701015,3.3313634957771985,1.1994978350820014,Gust,0.7325421939254827,0.8786827757198361,0.4078084336752152,0.40358796247579654,0.43019780747297487,0.43444743235504346,0.40358796247579654,0.4081508984412256,0.014248053070075595,0.026525442777802784,-0.22018323676036036,-0.05210905983202614
g154,0.00045537922950316827,5.70043719492066,3.3416267811068274,0.8261031407824673,0.0004267391936981366,6.964383641153589,3.369837466680446,0.9011521716495864,0.0005238225326433939,0.8360207620988567,3.2808158231568934,0.26387758798395117,0.000509831519192914,0.6999986758518708,3.29257331790033,0.2304485831015388,0.0004464676783656991,14.200797445777791,3.3502099750311722,1.1818663719721725,Gust,0.7436610850877539,0.8789080286095527,0.40620505757663267,0.41219330942587484,0.43126785063625483,0.43416607805383134,0.41219330942587484,0.4119955723838095,0.07900162921967843,-0.029175308179929065,-0.19557263542809206,-0.006842799008229901
g155,0.0005648482345607548,7.070770200231529,3.2480682235295717,0.9069149817790099,0.0004340418592878838,7.083563143578264,3.3624683838161555,0.9076028350931618,0.00044941074361104874,0.7172595468032337,3.3473565485846546,0.23483593943917705,0.0005376595214616198,0.738206522966804,3.2694926580240233,0.24010137536716214,0.0004907824485156159,15.610317339936191,3.309110976130047,1.220377929722114,Gust,0.7235901657683194,0.8830534684676229,0.38751648791468474,0.4107213156070279,0.4445595367707531,0.42955565511538546,0.4107213156070279,0.40265576771907496,0.21757964313367908,-0.1016892089276171,-0.37213997865252596,-0.04717010199513813
g156,0.001024722618490067,12.827477738258658,2.989393677171734,1.1407429679432857,0.0012103092577195836,19.752247085983605,2.9171036443988037,1.3170651296845115,0.0010801890139573653,1.7239816662759546,2.966500243614405,0.4352041802370836,0.00114644893617631,1.5740743893700735,2.940645283974965,0.41062109362746063,0.0011279652445629175,35.87719053381272,2.947704281463292,1.5667578271826033,Gust,0.7064527198434404,1.106840328349149,0.3358455621910879,0.32175852937869587,0.36848248117109594,0.36386752121069477,0.32175852937869587,0.33088771779662707,-0.03895510870582953,0.08984090954602977,-0.34341510819567594,-0.11603616012808202
g157,0.0007385189384983372,9.244780072122184,3.131638362621298,1.0105026397026649,0.0007255902312150282,11.841632573429258,3.1393085723146466,1.1086202396643416,0.0007909471134138213,1.262351593008459,3.1018525540321487,0.3545600997219057,0.0008155493093305122,1.119749201710793,3.088549775203695,0.32628448038333785,0.0007378391292529544,23.468449184148717,3.1320383163058843,1.3886064445414157,Gust,0.731810647810282,1.0161969817333858,0.36425931483868434,0.36614455223025905,0.39551946365192187,0.3934118350524364,0.36614455223025905,0.3682829654475718,0.05886106882659195,-0.0011548390233985016,-0.26501484612134174,-0.038675522765764796
g158,0.0007985510626502355,9.996262202255647,3.097697307512398,1.0412450869039815,0.0007801140808094021,12.731461798809441,3.1078418825948266,1.1377167730243358,0.0009263605635894967,1.4784714594888366,3.033219941252336,0.3941839222091443,0.0008969418174136347,1.2315011153089204,3.0472357272584856,0.34859710823789203,0.000799746194540313,25.437527209743735,3.0970478172141944,1.422220831699183,Gust,0.739687507654747,1.05199898233423,0.35747949918922955,0.3598589976205253,0.38180991747857596,0.38515924455686845,0.3598589976205253,0.3614245875115414,0.05630134895882102,-0.009230433003490723,-0.2058199413668526,-0.02457957167367888
g159,0.0007054168960296059,8.830408704498607,3.151554141778212,0.9925715742328105,0.0006915325915008285,11.28581189329352,3.160187346415562,1.0894038615996904,0.0007491987367576512,1.1957211838652113,3.1254029629910725,0.34157719188166497,0.0007709689373640851,1.058540351000889,3.1129631189254643,0.31355938435039654,0.0007033180150271981,22.370436103970093,3.1528482576598416,1.3686668166190394,Gust,0.730736128833562,1.0001342912391515,0.36823754447137846,0.37031514265346893,0.4002237202137311,0.3982884651185703,0.37031514265346893,0.37241734004904237,0.06104410926473169,-0.0013124571863118103,-0.26963762085823834,-0.04661811972444946
g160,0.0011611578497128384,14.535373962705311,2.935108737166113,1.1913217119189365,0.0010319211888449608,16.84095380194976,2.9863534694940865,1.2514180686416028,0.0011052988038982763,1.7640568910216492,2.9565202995570785,0.4415469776321538,0.0012140833594077804,1.6669364524668824,2.9157514930612467,0.4260126674814868,0.0010943416821355813,34.80772588368643,2.9608470583206237,1.553976740237609,Gust,0.7304391287112987,1.1350854161767832,0.3250020016535926,0.33559136534671774,0.3664889609141843,0.35889492054552496,0.33559136534671774,0.33385122283161117,0.12249286168549735,-0.042214508085101764,-0.30749039287942215,-0.035097872266502794
g161,0.0015829642611007353,19.815546620459006,2.800528889905583,1.3183878200333656,0.0015420008218644584,25.165453412827958,2.811915394530588,1.4177282648919676,0.001922670717635622,3.068582465346453,2.7160950877451637,0.6094431230554752,0.001772138911180201,2.433146725050416,2.7515022381889342,0.5356923646020005,0.001587143565771887,50.48227539650641,2.7993837868955924,1.71165773345979,Gust,0.7433371120713688,1.272338716444625,0.2981193207342561,0.3007468978808795,0.31846338809872793,0.32608569687756106,0.3007468978808795,0.30201368061154427,0.05509413535410748,-0.013188724435420253,-0.1694251268857801,-0.028908186601479632
g162,0.0005026854462538356,6.292616416205514,3.2987036874173183,0.8628833707402368,0.0004948891114423158,8.076590298738594,3.3054921005599,0.957922732601652,0.0005838277621422604,0.9317891083790475,3.233715256568297,0.28595971314240204,0.0005599782570363719,0.7688501469109387,3.251828834776183,0.24769104199602582,0.0005052261949819014,16.06972958378934,3.2965141393608874,1.2322266411382639,Gust,0.7382662800750848,0.9097113785625625,0.3976310559321512,0.3993401521273093,0.42185938771632,0.42602725963973903,0.3993401521273093,0.4012534796268041,0.052561602336514,-0.005079204479495537,-0.207699862961735,-0.03602713813922795
g163,0.0009718365599540325,12.165450057504579,3.0124067666005363,1.119435709940371,0.0010049596882368839,16.400942112025945,2.9978513582366184,1.2405727622468472,0.0010552297541746958,1.6841466876628144,2.9766529711330487,0.4288062461846395,0.0010713810647506796,1.471006201902683,2.9700560330729786,0.3928738354258481,0.0009973059393615581,31.721310013273076,3.001171594116676,1.5148306825343356,Gust,0.7263166970155017,1.1002468178760767,0.34044248775368724,0.33788809907471157,0.37051051538201535,0.36974239623615074,0.33788809907471157,0.34207686386226793,0.03086507387918997,0.02349713889905008,-0.2745468036263889,-0.06568140689149438
g164,0.0009501502471793498,11.8939807941911,3.022207713873512,1.110387018986376,0.0009315036555224325,15.202139658126098,3.0308154359857755,1.2095723713547724,0.0010273887638111746,1.6397124670426346,2.9882651878886812,0.42155662354501855,0.0010476660241143334,1.4384454511089797,2.979777139648048,0.38711304471440405,0.0009486649608613048,30.17418641011552,3.0228871394227954,1.4937951279979562,Gust,0.7326744123659297,1.0944654676009913,0.3424002529288594,0.34447276090907436,0.3728300864334189,0.37168421302046134,0.34447276090907436,0.3464940082390124,0.05954234530753291,-0.0026674464264997582,-0.25746894569306433,-0.03951336828014151
g165,0.0006584847554934909,8.24291216926752,3.1814542742289817,0.9658088261747951,0.0006381270459268687,10.414233389526498,3.195092847475783,1.0574467484255923,0.0006948423036207427,1.1089683165787054,3.158113747933578,0.3240700553021253,0.0007226561196213652,0.9922068522401344,3.141068314661477,0.29933442953069883,0.0006526331614375865,20.758302965845317,3.185330862056371,1.3376250196424198,Gust,0.7319134965942754,0.9790258052584697,0.3742101751176586,0.3772876089359945,0.40675778613912994,0.4039025524022636,0.3772876089359945,0.378912114398276,0.06737353999233982,-0.006867354250872198,-0.27002037882289376,-0.03695889511659914
g166,0.0012360902231177578,15.473377412988091,2.907949828271153,1.2167826484381756,0.0012068216833056068,19.695329871547507,2.9183568949756187,1.3158723531939454,0.0012896485121213325,2.0582790253456467,2.8895286382370227,0.48547710620377094,0.0013697935392180081,1.8807265293463251,2.863344886201963,0.45950203216690766,0.001229530468761323,39.10767561989141,2.9102607042695174,1.6032274938264368,Gust,0.7308805035497213,1.1717677179926238,0.3195769376726003,0.32200886950059593,0.35310719914091554,0.34842656202869654,0.32200886950059593,0.32395383867071353,0.06353228722613416,-0.003050841712043229,-0.28083979711331886,-0.031057393565036635
g167,0.0013502403990560772,16.902309315383974,2.86958890178422,1.2529090565798504,0.0013222742308087356,21.579515446798567,2.878678465417398,1.3537146177909176,0.0014473445406080459,2.3099618868104415,2.8394280724001937,0.5198229930375887,0.0014931647390756635,2.0501151867508858,2.8258922741511543,0.4843162406666864,0.0013469297054805817,42.841793142220865,2.8706550686305277,1.6418883086114857,Gust,0.7323645720086287,1.202460828422222,0.3119142410095407,0.31408299810969526,0.34309947842577476,0.3409453035798852,0.31408299810969526,0.3160773255558862,0.06048683446608521,-0.002885305677225449,-0.26325043525602443,-0.03585058728047831
g168,0.0005151676688150504,6.448868878226801,3.288051399649585,0.8720903294945572,0.0005094676078721473,8.314511360473443,3.292883422521671,0.9691600767291709,0.000538839699692983,0.8599881607100008,3.2685404137718,0.2695101798336795,0.0005680891683393571,0.7799864281299373,3.2455834904991723,0.25041669095454117,0.0005157141887458534,16.403321201439358,3.2875909189257597,1.240632135743508,Gust,0.7291793368434629,0.9046433180081402,0.39550323323841186,0.3968215352956214,0.4288158051006788,0.42477973557987536,0.3968215352956214,0.3993100599504557,0.05676603230137796,0.0034049084554091218,-0.2836197430096644,-0.041947768878522876
g169,0.0004370469917385131,5.470954242582707,3.35947186373946,0.8109683288495453,0.0004382460313360934,7.152175231405044,3.3582820071048824,0.9112735062798165,0.00048400970095117485,0.772479482718075,3.315145932856354,0.2485812167217358,0.0004964697667654332,0.6816529897689398,3.304107192470518,0.2257363837470034,0.00044258099540659887,14.07717372089769,3.3540072377945163,1.1783199388510366,Gust,0.7337801103280455,0.8646277347318494,0.40976966009444926,0.40988507577150896,0.4381253809705688,0.43647000004620634,0.40988507577150896,0.4126771894458559,0.04465495486134165,0.005754823108523651,-0.25018767173726875,-0.024381623502833728
g170,0.0012657334633499806,15.844451494215058,2.8976577375642436,1.226456873618468,0.0014784601223837863,24.128469197303392,2.830190384650158,1.4001660325872562,0.0013704326226853807,2.187210465805867,2.8631423113692405,0.5034107428336757,0.001413152692785829,1.940258647194943,2.8498109092867576,0.4683855358913158,0.0013864762171010765,44.09964903733394,2.8580875753728496,1.654173162238442,Gust,0.7099106449199207,1.174315136413917,0.3175210652957273,0.3043973755578036,0.3478364604660029,0.3457231142957176,0.3043973755578036,0.3130850699353323,-0.03425435356338838,0.08307744249777661,-0.32230861858224724,-0.11355454130697493
g171,0.0008712689023998611,10.906544120241461,3.059847786164306,1.0757857256051782,0.0007543050490122754,12.310258399880336,3.1224529847073317,1.1241864867709062,0.0008032975129010542,1.2820628305900827,3.0951235771181644,0.35832759740162035,0.0009081331834590537,1.2468668608892808,3.041850454304896,0.3515773388658583,0.0008094484706014239,25.746127504419487,3.091810792631967,1.427260910648548,Gust,0.7304786809982169,1.0425836674508653,0.34991895705708836,0.36277760396438546,0.39417533269194216,0.3840835220217208,0.36277760396438546,0.35992571786983296,0.13870149484342692,-0.05347063731639187,-0.3195630690924491,-0.024225072465197763
g172,0.00034135354380563537,4.273063661358944,3.466795582832713,0.7220630145725042,0.00034142627897407304,5.572076872856872,3.466703053788163,0.8177026346872929,0.0004133294875088904,0.6596738620641891,3.3837036093811506,0.22002275441259472,0.00038064574495253367,0.5226266078198287,3.4194790194623264,0.18259341479681698,0.00034669483168754304,11.027322511485682,3.4600526312366235,1.0801689566907005,Gust,0.7395850464029822,0.7988768079571525,0.4312078572256671,0.43154246699506066,0.4518199584285097,0.45951582804523466,0.43154246699506066,0.43395157941064344,0.04157991817889488,0.00026374033383910403,-0.18259300672862752,-0.04511385128963183
g173,0.0011250300994879484,14.083126785390139,2.9488358577295624,1.1784913816450182,0.0010621878370010262,17.33490549985675,2.9737986755390637,1.263278675900302,0.0012045809237777921,1.922511154349356,2.919164018410448,0.4657561774089436,0.0013479605492364554,1.8507498341016535,2.8703228177898117,0.45495910772119563,0.0011064005376850631,35.1912819021488,2.956087621449095,1.5586039661745112,Gust,0.742269265798099,1.1569038216423597,0.3277440303418411,0.33308351200336,0.3590269448186109,0.34982042234412664,0.33308351200336,0.33324422720510666,0.07570166211651638,-0.02487919935276663,-0.2535212378082942,0.0596130827609953
g174,0.001264117401706725,15.824221634564786,2.898212589835329,1.2259349809118878,0.001228401989176633,20.047520463362652,2.9106594886128585,1.3232009404326492,0.0012840230342791856,2.0493007627095805,2.891427184986089,0.48420026239201186,0.0014404800823402978,1.9777791530532292,2.8414927420730534,0.4738924851666884,0.0012544044443974704,39.898842162950345,2.9015624155906234,1.611711013401982,Gust,0.7314553095481499,1.178894578210109,0.31763189850637946,0.3204712921933787,0.35348643888226244,0.3440615383644654,0.3204712921933787,0.3222102675282414,0.06608114253598714,-0.0053443329629163025,-0.29817401562703144,-0.0012597761294329002
g175,0.0014762418011740942,18.47959486709731,2.830842501084061,1.2895799202626317,0.0013635783655691386,22.253598926088344,2.8653198975532788,1.3664901775607494,0.0017979711777738024,2.8695619997269888,2.745217274226717,0.5876618094977462,0.0016138858810951866,2.2158653147436915,2.7921271775002725,0.5072978515538764,0.0014405128156420965,45.818391127128166,2.841482873327909,1.6704164854687706,Gust,0.7480283093997119,1.2495188196186129,0.30417454485147694,0.3114145887992343,0.3242806219773,0.3342006360984381,0.3114145887992343,0.31040228449831603,0.08412262664850013,-0.03854179296487438,-0.14422930030444248,-0.025602492532360473
g176,0.0003323642380889518,4.160535532397498,3.478385710525191,0.7126947726924855,0.00034842663237233813,5.686322640316558,3.457888655373458,0.8251873291109297,0.00038095708452045413,0.6080075068946448,3.4191239444592134,0.20628807189707818,0.0003788283167413022,0.5201312788858079,3.42155756457076,0.1818810953354094,0.0003450457775984326,10.974871048073346,3.4621232815245278,1.0782708453925123,Gust,0.7308653814993771,0.7880708327774544,0.4335230159282036,0.42978176756716097,0.4588952641696153,0.45993102293558324,0.42978176756716097,0.4342417589607621,0.01899676386151789,0.025650175724149033,-0.24301312726384755,-0.045131903940156995
g177,0.000385942073035647,4.831222870260229,3.413477873604105,0.7657596405420329,0.0003262039698774949,5.323648788400716,3.4865107566014206,0.8009677414791527,0.0005307149705701189,0.8470210930299098,3.275138660668005,0.26647185512307253,0.000471761976153453,0.6477291932586909,3.3262770650991764,0.2168858362824792,0.0003662569907203894,11.649536103843424,3.436214076025953,1.1020745989319838,Gust,0.7748263542171646,0.8539164435658129,0.42055750359755,0.43549910809187375,0.4301338223933741,0.4408984908197529,0.43549910809187375,0.4292127758798766,0.11473905930103552,-0.09537260755188921,-0.006503802757814486,0.12025388687346095
g178,0.0009713211371919314,12.158997995368598,3.0126371599101227,1.1192228207635087,0.0009260416969088837,15.113000493552981,3.033369457417398,1.2071764203979198,0.0012217057643938594,1.9498423999725996,2.9130333766240284,0.46979881372372156,0.0011185662630284,1.535791479137993,2.951338283136903,0.4041135381753772,0.0009669989259765068,30.75733483853475,3.0145740078285193,1.5018440481163566,Gust,0.7505959043777488,1.127277991530236,0.3404885094274641,0.34498293345425896,0.35780233288502755,0.3660034761132489,0.34498293345425896,0.3450684825007807,0.06260746627639638,-0.02732004873349505,-0.1337755783320913,0.006037506261814056
g179,0.0004974728111621624,6.227364650127949,3.303230649291309,0.858979967204962,0.0008743127326276537,14.268783796483309,3.0583331964326606,1.1838044456018322,0.00020580508557650637,0.3284649165801042,3.686543895633794,0.12335008961806443,0.0004637338834292444,0.6367066219483526,3.3337311696142296,0.2139708395295104,0.0006747194019933088,21.460800019201173,3.170876800602431,1.3514252211033866,Gust,0.5761653602909352,0.7786443994232896,0.39853532855594825,0.3499695064379668,0.5123131076671922,0.44238746793851597,0.3499695064379668,0.3692881871928352,-0.22003368815771848,0.316141844948009,-0.7908699820044923,-0.40225251591555977
g180,4.900988920617727e-05,0.613505793082927,4.309716270409321,0.20777052902063764,2.6325973674458107e-05,0.4296398903671563,4.579615540829929,0.1552266575198612,0.003755547609563284,5.9938539848630015,2.4253267279258583,0.8447165610258094,5.8493735738605155e-05,0.08031189916910489,4.232890633840651,0.03354915968348797,0.0002235907879895204,7.111752193582675,3.6505460915433092,0.9091146749030344,Vis,0.4155163647642109,0.37775202486950626,0.5995834970089604,0.6538496837834052,0.2603816381370924,0.621996952303636,0.2603816381370924,0.31745289070691274,-0.7682975276079966,-0.8805019581741605,10.50731486384589,-0.7726480214173049
g181,0.001356266938648504,16.977749538001973,2.8676548244756512,1.2547353256397968,0.0015718746441782257,25.652994192988643,2.8035820912979545,1.4257460046739903,0.0008501399577134749,1.3568233725107057,3.070509570411238,0.37232703639863046,0.0015389927920852428,2.1130371035330384,2.8127634139116267,0.4931842969637966,0.0014493907959149768,46.100773045667665,2.838814500615182,1.673028035084578,Gust,0.6774310357945542,1.1333611147206735,0.31152790394483193,0.29908229848975904,0.38925861966307573,0.33832277897580726,0.29908229848975904,0.3081183688596051,-0.010076844696383399,0.10154847853158597,-0.5978384796082878,-0.07650334725263427
g182,0.0005115180042661214,6.403182377403308,3.2911390746593545,0.869418448358868,0.0004383496260787968,7.153865897605964,3.358179358580819,0.9113635645592753,0.0007085342492560857,1.1308206618127128,3.14963915129133,0.32854689933286985,0.0006618520539082009,0.90872287001596,3.1792390784116846,0.2807428771837452,0.0004903463440925535,15.596446166551852,3.3094970574640854,1.2200151015646783,Gust,0.7782489330166381,0.9494754510568962,0.3961200044991903,0.4098645714569671,0.40506496301522943,0.41152726355502434,0.4098645714569671,0.4039706210268221,0.10355540878710057,-0.09200541526136256,-0.009287039328389948,0.173914784453143
g183,4.956368923304162e-05,0.620438261819215,4.304836365972662,0.20963248920222693,5.756136929193452e-05,0.9394015468443714,4.239868875903914,0.28766773766255777,7.102631069449421e-05,0.11335799186841278,4.148580737099281,0.0466348309066844,5.3862843200192605e-05,0.07395368371386445,4.268710717618977,0.0309855519955373,5.492807782881401e-05,1.7470973715010873,4.260205590649785,0.4388740533616452,Gust,0.7304371034103242,0.32056989229942817,0.5986087231735169,0.5859843876597307,0.6046061904349977,0.6291521089063368,0.5859843876597307,0.5935028902463374,-0.04545591910139074,0.06437062211987929,-0.11344558336784599,-0.14716685616280278
g184,0.0003649236517625883,4.56811427276408,3.4377979866453137,0.745708139591302,0.0003270098527822113,5.336800797405688,3.4854391605545048,0.8018700549322029,0.0005585614262750835,0.8914640363350333,3.2529290587889537,0.27679808817714846,0.0004363962195423493,0.5991720094316456,3.3601190193227195,0.2038951796494761,0.0003582651133315199,11.395338459735655,3.4457954787189955,1.093258389852424,Gust,0.7761099668121362,0.8484887326654542,0.4254155105883244,0.4352850539434253,0.4256973955968404,0.4476585108048931,0.4352850539434253,0.43122922329568747,0.07753057908772769,-0.07291868411267435,0.06893749075598224,0.05937813090266071
g185,0.00025516064124913505,3.194100907156673,3.593186313384313,0.6226388750788107,0.00026094476033718973,4.258618488702936,3.583451417510143,0.7208716640134438,0.00032265156686228473,0.5149519007122064,3.4912662201825055,0.1803988443321307,0.00028816679866753187,0.39565301457052127,3.5403560566648564,0.14477745798024674,0.0002629358125376532,8.363199389385134,3.5801502561816525,0.971424271786971,Gust,0.7410095590619085,0.7198346712988989,0.4564547403938647,0.45486326185164017,0.4733058748111154,0.4836613363641715,0.45486326185164017,0.45796901808934426,0.026591518751571622,0.008003329664995226,-0.15865998906520812,-0.04683000863543806
g186,0.00038265481236379755,4.790072941170018,3.4171928193678776,0.762684034841099,0.00038274546984830185,6.246406067924286,3.4170899397472145,0.8601226670042788,0.0004645424048838329,0.7414096781945974,3.3329746351671337,0.24090095379917045,0.00043130575546451765,0.5921828022527827,3.365214745461533,0.2019929286353259,0.0003889060808005496,12.369935712023079,3.4101552652049034,1.1261293190061314,Gust,0.7405268539877807,0.8339290017870125,0.42129957385274064,0.42163211606714246,0.4416867114757126,0.4486763955969367,0.42163211606714246,0.42400000269790195,0.040873364172796994,-0.000390963431197531,-0.1810264858183547,-0.03546408987662232
g187,0.00111010059123579,13.896239201089621,2.9546376656516093,1.1730766375147654,0.0009764238348394377,15.935236984579625,3.010361627403981,1.22879127835739,0.001275231642867592,2.035269702016677,2.8944109191391707,0.48219728680949353,0.0014725790229384772,2.0218509984945294,2.831921390096349,0.48027304632763623,0.0010654448786382598,33.88860525484713,2.9724690134187206,1.5426836079625545,Gust,0.7627919019318529,1.17674656339685,0.32890295684011334,0.3403870584738121,0.3540824476816345,0.3421496354577969,0.3403870584738121,0.3366055993300404,0.10222858896857917,-0.06915556156031685,-0.17936091945282143,0.20207171730400048
g188,0.0010561680514505612,13.221111668058125,2.9762669734260823,1.152933546635161,0.001033086129218695,16.859965628849103,2.985863469071508,1.251880618762184,0.0012038152131665235,1.9212890802137714,2.9194401722366696,0.46557453531304893,0.001099345403680287,1.5094012392530338,2.9588658346204513,0.39957010813066973,0.0010535917607649961,33.51159313465224,2.977327633864411,1.5379650077881122,Gust,0.7329533682272115,1.1272566326738864,0.3332234683523731,0.33549348646456223,0.3590821072767804,0.36750712445849004,0.33549348646456223,0.3373922171499486,0.060470557731083854,-0.004063799104314643,-0.21660788851386217,-0.09250929292426192
g189,0.0012338812668842214,15.445725698856682,2.908726628944247,1.216053042309717,0.001295056936521544,21.1353292040316,2.8877111372909665,1.3450859853359274,0.0014348245032507357,2.289979907188174,2.843201214955366,0.5171932456022696,0.0013859297801577007,1.9028815881565233,2.858258772919206,0.4628293208268325,0.0012819007965947518,40.773418637289275,2.8921455822463598,1.620900018347638,Gust,0.7307782113013893,1.1845184161064761,0.31973210566437466,0.31588729823909084,0.3438531736441793,0.3474105974301095,0.31588729823909084,0.32038557202415713,0.018248708099906738,0.02612143115557887,-0.23258009589216977,-0.05970493688755338
g190,0.0012726511583506287,15.93104720023317,2.8952906225290778,1.2286838204372128,0.0010807827098441025,17.638373824655755,2.966261611289005,1.2704080180079325,0.0018976346110113939,3.028624839174184,2.7217874069053822,0.6051568261219133,0.00137944252017142,1.8939745801953598,2.8602963910587698,0.4614947120873135,0.0012101594663123433,38.4915421449967,2.91715739727814,1.5965040932702341,Gust,0.772519495327359,1.2333305364211842,0.31704822779824865,0.3315779634578142,0.3196004439268486,0.347817617050033,0.3315779634578142,0.3254210555082482,0.11250403418427482,-0.0928898959289479,0.07512407616581511,-0.008624326107918414
g191,0.0005415739764663603,6.779423037405898,3.2663422115944716,0.8909473886397526,0.0005386166855655454,8.790224308429702,3.2687201960951704,0.9907926422420841,0.0007311710953199924,1.166949068130708,3.1359809848847817,0.3358487038026368,0.0005765614096736232,0.7916188154818846,3.239154428358388,0.25324561473327123,0.0005510713781176075,17.52792732378674,3.258792144253188,1.2678268385207723,Gust,0.7457202908962746,0.9454441988278144,0.3911667654285347,0.3919948668216425,0.4023367081024441,0.42349551339015395,0.3919948668216425,0.3937857426464664,0.039640083541067864,-0.007262494580703676,-0.09030036671612927,-0.09005900629074802
g192,0.0008063172520722361,10.093479361440252,3.0934940473395494,1.0450677797364905,0.0009524059237511495,15.543264675618762,3.0211779115885276,1.2186212180761828,0.0009668243946446926,1.5430517338529293,3.0146523996791554,0.4053551952124058,0.0008206231167691765,1.1267155393240793,3.085856252689398,0.327709404353325,0.0008899263927319725,28.30588877362585,3.050645912588791,1.4669548969726542,Gust,0.7096525818671238,1.0410283301192647,0.3566398868375459,0.3425476398861475,0.37810100187398293,0.39287379679652484,0.3425476398861475,0.3515139070768749,-0.04152115886101318,0.08699629720451797,-0.2551343360506866,-0.1980214422739288
g193,0.00021291158352449986,2.6652272025596897,3.671800707945462,0.5641009011489301,0.00019860315891109527,3.2412035534290746,3.7020138458656398,0.6274891166025034,0.00022329368879472206,0.3563767273163764,3.6511235497725125,0.13238032955430448,0.0001882287558783322,0.2584380818209501,3.7253140259697592,0.09983185207744937,0.00020502632986235886,6.521272473932049,3.688190360339892,0.8762913221949216,Gust,0.7213183644766912,0.632085023330758,0.4721581739143603,0.47854642092323824,0.50523779977211,0.5206071805862015,0.47854642092323824,0.4790610708547923,0.09857993045622421,-0.016106885002263985,-0.2532717249289422,-0.20152600837270623
g194,8.276827304155566e-05,1.0360932419341937,4.082136101005619,0.3087976624320472,7.985666111530881e-05,1.3032607094018398,4.097688846598459,0.362343099165415,0.00012151826307050943,0.19394314786053302,3.9153584431444766,0.07698364743129625,8.402711326827478e-05,0.11536922651734126,4.0755805511168255,0.047418657962539315,8.327144373340912e-05,2.648614810828544,4.079503900403496,0.5621280167322502,Gust,0.753105507566667,0.42334170535858523,0.5541237554340973,0.557583550248159,0.5580194195381231,0.590573846650437,0.557583550248159,0.5576990532134831,0.05147649505932181,-0.025961278848085613,0.0005320515483903523,-0.12239810793799516
g195,0.0007260369692276612,9.088530780791864,3.1390412642075214,1.0038279233969973,0.0006065863320635053,9.899488939276406,3.2171073789610123,1.037406134999746,0.0009039647651645111,1.4427277652025599,3.043848496691158,0.3878750688325191,0.0006657803970834719,0.914116485195607,3.1766689954958154,0.28196836360714117,0.0006710760524489003,21.344916000242172,3.173228258189451,1.3491787263850612,Gust,0.7479808837445017,1.0091598960907793,0.36573806403680487,0.3816850699047265,0.3839329995767612,0.41101388268582334,0.3816850699047265,0.3763028968421611,0.14453286785640115,-0.08189669060197242,-0.07641937462267906,-0.13713476865116703
g196,0.00022483758230049236,2.8145168552375632,3.648131091431498,0.581439538256293,0.00022347510779529786,3.647113759219261,3.6507708426208865,0.6671833039392686,0.0003609691235596604,0.5761067212012181,3.4425299438196033,0.19758562105936475,0.0002739629617617059,0.37615114649882225,3.562308145776118,0.13866613628716623,0.000233083099925208,7.413674159321092,3.6324892127127084,0.9249856888612753,Gust,0.7692839983911074,0.7115766891817547,0.4674301053277158,0.46831049531016733,0.4635706745316547,0.48804632430332756,0.46831049531016733,0.46860927774467004,0.020436025623861313,-0.02618730878923857,0.06179507893241093,0.022235974825519065
g197,0.0004158022236318325,5.205012235423279,3.381113191428925,0.7927426422040597,0.00038345833374778975,6.258040006763929,3.4162818180830725,0.860819357729091,0.00036321024436090194,0.5796835499999995,3.439841909487547,0.1985700956547667,0.00035333387249703594,0.48512740693843037,3.451814725521111,0.17176371274873067,0.0003938768457840055,12.528040833851861,3.4046395475216,1.131234905492241,Gust,0.7067394586161722,0.799488344675303,0.414092572616563,0.42147069162445394,0.46303373255468094,0.46597497097022966,0.42147069162445394,0.4220518327915696,0.11679312131035213,-0.011142976850430924,-0.36773696839315284,-0.21978619902509305
g198,0.00032795654054127235,4.105359974495648,3.4841837020787807,0.7080263692290869,0.0003976576996178193,6.489773657762811,3.4004906030428748,0.8744686934444695,0.00023663913053752133,0.37767605233788404,3.6259134371992547,0.139147109283072,0.000304461163163109,0.4180251770229487,3.5164680963490293,0.15168394180971922,0.0003581224058904421,11.390799364157292,3.4459685053370492,1.09309932479771,Gust,0.6654881472640407,0.727444644435202,0.4346811800967691,0.41831635459780797,0.5002020130176826,0.47888965302483033,0.41831635459780797,0.42915233958969207,-0.031223342464732535,0.12783654829246585,-0.5469483591505427,-0.2605961564877865
g199,0.00018944228986478344,2.3714385845273593,3.7225230631417254,0.5278152528028688,0.00018392479476434908,3.0016526505541767,3.7353597175389117,0.6022393885244527,0.0002740346987933503,0.4373593792741871,3.5621944409218895,0.1575653672451291,0.00019151332313743278,0.2629477926676952,3.7178010055174826,0.1013853981998593,0.00019094174077255145,6.073283948752543,3.7190991201142727,0.8496210926789582,Gust,0.7508531180768402,0.6379406466218478,0.48229009870083106,0.4852073471051081,0.4874739747542065,0.5191064348529416,0.4852073471051081,0.4856991550734283,0.049561976040369236,-0.021635169027397188,-0.016010444412735383,-0.1276865310096041
g200,0.0004503861456679584,5.637933771471503,3.346414976323206,0.8220329150162493,0.00045408595904286207,7.410682851579509,3.342861925912675,0.9248312569910182,0.0006230078817078603,0.9943205792057451,3.20550645832499,0.2997949707206066,0.00046316578305907513,0.6359266201401101,3.3342635311959916,0.21376381939462202,0.0004614892866708728,14.678589741140453,3.3358383755902334,1.195306996155494,Gust,0.7436659132119485,0.8889090688646065,0.40716151225243724,0.4068048737139313,0.4162246055574078,0.4424938085744101,0.4068048737139313,0.4091260670853725,0.03241785404897779,-0.0006031975732376865,-0.0744118157950487,-0.12713036917807805
g201,0.0005869704847330805,7.3476965278887025,3.23138373555905,0.9215666523413106,0.0005857477446953564,9.559403193428217,3.2322893741504637,1.0236393730154714,0.0008841661382582778,1.4111291566602113,3.0534661212044796,0.3822204747998787,0.0006040986844838111,0.8294274937962726,3.2188921092924643,0.2623152016508956,0.0006019808595977065,19.147205201224253,3.2204173164978895,1.304214809788861,Gust,0.752016046081629,0.9807904644985231,0.38418371725441075,0.38471771365269297,0.3858541455451698,0.4194480614928388,0.38471771365269297,0.3861009802807098,0.031486537031210855,-0.011703348017419159,0.007012718713941224,-0.1272343957967372
g202,0.0003901034653658081,4.883315179449186,3.4088201906344935,0.7696221149230672,0.0003713675004498664,6.06071760734182,3.4301961042541107,0.8488488422799849,0.0005476762756293212,0.8740913359043967,3.2614760707420523,0.2727907528872257,0.0004414687425563328,0.6061365835298449,3.355100039496473,0.20578247428707247,0.0003906076672832414,12.424058073278061,3.4082592350358563,1.127883822272591,Gust,0.7583418251270703,0.8553214763134929,0.4196271190886933,0.4242501071385186,0.42740468387087227,0.4466559562920441,0.4242501071385186,0.4237480962085465,0.05650651019270723,-0.0343368417372217,-0.03867535778750415,-0.01704245432647477
g203,0.0010955310019951808,13.713857082975675,2.960375327606508,1.1677265333853935,0.0029475776861957437,48.10446783871454,2.5305347396931603,1.6911210088118482,0.0010551315547127564,1.6839899613215592,2.9766933883680093,0.42878088714866625,0.0011720700585866038,1.609252190439407,2.9310464279233135,0.41651605672503134,0.002046934446069854,65.10684392614385,2.688896065364702,1.8202464235627367,Gust,0.5321533822707518,0.9686502908651499,0.3300490700115599,0.2445403668523145,0.3705185888317421,0.36195012429221224,0.2445403668523145,0.2687102981826189,-0.4338526884915456,0.4625119934808856,-0.6466011224487384,-0.5020327501990371
g204,0.0001527358805602094,1.9119477528527011,3.8160589240895115,0.4641835784530437,0.0001658819668982174,2.707193699778908,3.7802008211361646,0.5690452783811668,0.00016022707874538517,0.2557224176776347,3.7952640825706543,0.09889364752682092,0.00018845740855916656,0.2587520219517357,3.7247867827704972,0.09994018117579652,0.00016139724859463872,5.133562286049673,3.7921038704568795,0.7877127798733781,Gust,0.7251727831764238,0.5712278689244152,0.5009741346509314,0.49416447630842963,0.5340302529486566,0.5205018623607676,0.49416447630842963,0.50001398594732,0.001107298291945445,0.043922190581434484,-0.31934154062370196,0.015535714751926779
g205,0.0005280961511280307,6.610707619820688,3.2772869969039524,0.8814250379921701,0.0005693959343392876,9.292541648417174,3.2445856374103825,1.012522633030822,0.0006744096525413104,1.0763578054559315,3.1710762218208646,0.3173021948148603,0.0005436327543966374,0.7464077717865831,3.2646943836918596,0.2421456553834679,0.0005572887482872559,17.72568321677275,3.2539197245228113,1.2724376721317892,Gust,0.7284832800162103,0.926949569010757,0.39335301528090544,0.387173924804996,0.4093470746286805,0.4285971871095087,0.387173924804996,0.39256899240067494,0.002454843981895971,0.0377567743589241,-0.1702841790419238,-0.15160155452731447
g206,0.00042552161848330764,5.326679620174046,3.3710783698125804,0.8011758425651336,0.00044178356529149087,7.20990778555713,3.3547904432895397,0.9143382791110849,0.00047777277031454073,0.762525341422007,3.320778604700842,0.24613536995315083,0.0004655573869235096,0.6392102922459786,3.3320267771480827,0.21463467224257868,0.0004382114816666811,13.938192597372126,3.3583162465985903,1.1742980544758992,Gust,0.7277660259692708,0.8546142284093714,0.41208809042189665,0.40918762665213493,0.4392505220893989,0.44204701102939165,0.40918762665213493,0.4134476525807514,0.027244982520629374,0.023979716525587596,-0.2524718165660991,-0.07600833521263896
g207,7.546249159487546e-05,0.9446394697846511,4.122268853755729,0.2888390962547493,0.00022371722387838427,3.651065093695231,3.6503005765576257,0.6675524176957393,8.568097106228988e-05,0.13674682981541464,4.067115615018243,0.055663751708822214,8.700603422993325e-05,0.11945928499769835,4.0604506212187506,0.04900830280796451,0.0001525296614032835,4.851510940254238,3.816645690970415,0.7672680213451886,Gust,0.522507074990863,0.40090296956710153,0.5621403790858337,0.4682165584185511,0.5883333165423726,0.5875516030823157,0.4682165584185511,0.49282653602610393,-0.4766632071886414,0.48963184631281037,-0.6148869058266696,-0.5039311762215717
g208,1.1389997267190302e-05,0.1425799857906882,4.9434763419919925,0.05788661239318822,0.00014581025775837927,2.3796234066167496,3.8362119193279187,0.5288683092894005,4.347295341093664e-06,0.006938283364385487,5.361780754353646,0.0030028528617861913,1.0328565562650792e-05,0.01418112051751954,4.985959947321398,0.006115521680816538,7.995057028599439e-05,2.5429877890866237,4.097178428659854,0.549369655539094,Gust,0.19391052254974112,0.106528556978557,0.7261787497944011,0.5053528415152622,0.8469461069906001,0.7724245421437089,0.5053528415152622,0.520153480177299,-0.8493097820218429,0.8521617780885493,-0.9627235655795487,-0.8876575517749428
g209,4.830297289789735e-05,0.604656614735879,4.316026129958901,0.2053821107093279,0.00012790423223748925,2.0873970701158244,3.8931150814692903,0.48959248768444635,5.530326871799904e-05,0.08826401687392646,4.257249190964645,0.03673426959171142,5.205409895590353e-05,0.07147027786645554,4.283545058312897,0.029980128399200223,8.965232911296133e-05,2.851571632095961,4.047438418404637,0.5856379793450115,Gust,0.546209294581829,0.31988090757836646,0.6008439081653859,0.5167193988586245,0.6263130018984179,0.6321153077480725,0.5167193988586245,0.5408400525700555,-0.4300725798512653,0.4489720391794127,-0.5770877456473739,-0.4950561855147787
g210,0.00012498090447969528,1.5645109622768256,3.9031563332178933,0.40900455984402584,0.00012700139637964445,2.072662788915798,3.896191500532783,0.48751490098242106,0.00012973018171643735,0.20704937001943402,3.88695897023651,0.08172503371666945,0.00013178952032114082,0.18094701140092634,3.8801191194333695,0.07223041143869866,0.00012654937990282174,4.025156126569051,3.897739975129559,0.7011495593968232,Gust,0.722187657830149,0.5063615580894327,0.5183720727981378,0.5173339217143234,0.5523465496099513,0.5515299080003142,0.5173339217143234,0.5210756772981303,0.044773977523859615,0.019334159843259126,-0.2971324595930125,-0.09426324256179634
g211,0.00010657306834682597,1.3340816695655675,3.972352526188357,0.36811604794805486,0.00030724917953225907,5.014306609966468,3.512509266751655,0.7791855647060095,5.013493173977434e-05,0.08001535105667985,4.299859563364736,0.03342992847938173,0.00010605431313531194,0.14561257193478327,3.9744716603199617,0.05903777093091077,0.00020667102796925982,6.573585386618246,3.684720398266811,0.8793015261303965,Gust,0.48205960069444065,0.4238757425764312,0.5321941956071846,0.44069237935033995,0.634824536637109,0.5703770779311335,0.44069237935033995,0.46449642336186925,-0.45451900404391327,0.5099142563123288,-0.8336869376767614,-0.5537246258831535
g212,0.00037860397581827984,4.739364569293227,3.4218148285624923,0.7588638123760874,0.0024987668934207414,40.7798757006265,2.6022742565541073,1.6209671435760198,0.0002465054777526949,0.393422742493301,3.6081734237878824,0.14408289451399658,0.0003710623612518065,0.5094686219987302,3.43055309495147,0.17882408957876417,0.001459328994999458,46.41687734394776,2.8358467882709615,1.675932949959623,Gust,0.31504878154880545,0.5280006338422744,0.42222283243056113,0.2588705253443713,0.4966583983550842,0.4617279039534127,0.2588705253443713,0.2797891417154949,-0.7255754146116912,0.7389735984945369,-0.8841974298896196,-0.7788804293383159
g213,0.00022785553372323684,2.8522955711474784,3.6423404177264005,0.5857196013999973,0.00021763514725867334,3.551805603261549,3.662270964387031,0.6581837061037134,0.0002988370071228465,0.47694386336806305,3.5245656202827154,0.16936398868175379,0.00026989352454680356,0.3705638092027613,3.5688075335725036,0.1368992597511478,0.00022798496230255907,7.251517695957496,3.642093795850748,0.916533835381373,Gust,0.7556769024467317,0.6926034497086186,0.4662734029187675,0.47060767509054185,0.4799575181731881,0.48934459422900983,0.47060767509054185,0.47047528365437485,0.057275419358488844,-0.03041254570324075,-0.10129592577579842,0.0295879520727631
g214,0.00012831876551207323,1.6062943066801325,3.8917098237760497,0.4160234553329445,0.00012869782605238938,2.1003485211749946,3.8904287857072952,0.4914105171617902,0.00015165796118560247,0.24204610605222154,3.8191347838861427,0.09413771760578596,0.00015112612594155494,0.20749617091775494,3.820660447602312,0.08188576223768934,0.00013066756976653002,4.15614339156402,3.8838321827689244,0.7123249865128394,Gust,0.7412115182884033,0.5279834847679481,0.5160856022215324,0.516182804165625,0.5387984887569703,0.5396528808282776,0.516182804165625,0.5186340555518896,0.03886285086695972,0.0003884139675208161,-0.20423096822200734,0.005888921965129112
g215,0.0004243345917381458,5.311820419378109,3.3722915620988063,0.8001546340570972,0.0004118551420156715,6.721475917695759,3.385255506420905,0.8877003212744573,0.0005852256668432401,0.9340201642818113,3.2326766340877096,0.28646099776697775,0.0004957749948741345,0.6806990679621866,3.30471538040749,0.22548995923175805,0.0004290812423810079,13.647787076412719,3.3674604695600046,1.1657720183354812,Gust,0.7568154514012118,0.8822742762874689,0.4123304287941588,0.41527310369805914,0.4216519201250748,0.43659148719737656,0.41527310369805914,0.4156276157718776,0.04616901417117602,-0.025083754710520927,-0.06487308239733763,0.004894494159866454
g216,0.0002536596571706436,3.1753115884621166,3.595748597133837,0.6206888908616165,0.00029664686208062034,4.841276789155724,3.5277602397889574,0.7665077857902686,0.0002956212172413442,0.4718114627171853,3.5292643976303206,0.16785218096225082,0.0002698741189134029,0.3705371652681022,3.568838760933307,0.13689081692915275,0.0002785160176354298,8.858758972930115,3.5551498216575297,0.9938222491065312,Gust,0.7119133238182812,0.7075153006459904,0.4569665633589326,0.4437388016060995,0.48089611139288574,0.48935083197703466,0.4437388016060995,0.45236675124060977,-0.03654216505389736,0.08180869860069492,-0.27226931107381086,-0.15727673966383834
g217,0.0003143573908029519,3.935125818071352,3.502576323188804,0.6932982292240086,0.00031422860187274614,5.128210782563217,3.5027542855455063,0.7873336946352785,0.0003415397276200928,0.5450974052816681,3.4665587709958166,0.18895586320609575,0.0003467488199674403,0.4760861298152956,3.4599850069618303,0.16911169936519024,0.0003170519594734763,10.08447167497286,3.498869557032515,1.0447149979365677,Gust,0.7306920326003672,0.7633649253303592,0.438355154875577,0.4387437960187556,0.4683704963994379,0.46760700632665897,0.4387437960187556,0.44155617176053075,0.04889342520756294,0.00665997090535846,-0.2614112425413926,-0.04881474012159328
g218,0.00028167940454255,3.5260627860636413,3.55024490447388,0.6557205742435107,0.0002952252884316685,4.818076707204831,3.529846442952661,0.7647794428127543,0.000321036787038963,0.5123747121141848,3.493445198352503,0.17965940706587202,0.00032165907595354236,0.4416379112842137,3.4926041886590293,0.1588561945874332,0.00029232710446172556,9.298048211614105,3.5341309136651993,1.0127549207004758,Gust,0.7306004455538486,0.7399191963006202,0.4478770802354966,0.44415552621327026,0.4737411314715041,0.4741227742612005,0.44415552621327026,0.4486205017734106,0.019345411305516428,0.025768203080592304,-0.2470348848765058,-0.04301634472749232
g219,0.00041132639551612446,5.148983819070846,3.385813419123344,0.7888033502088231,0.0006275877683843028,10.24223238003182,3.2023255286616865,1.0508525580359511,0.002929904621794286,4.67612777638368,2.533146517007097,0.7540521633805286,0.0025229811244061096,3.4640530838095884,2.5980859984569147,0.64972935032659,0.0007396650736739485,23.52652699834728,3.1309648872254594,1.3896360556569443,Gust,0.9360860659178337,1.3008189483974848,0.4150314555468778,0.37873235615832956,0.2819189265622308,0.2954403966746541,0.37873235615832956,0.35517505271509264,-0.41183145762196566,-0.1383734305203915,1.715329095648429,1.966003414224257
g220,0.0005731730559318463,7.174980314154853,3.241714232616702,0.9124867155263038,0.0004710538910226809,7.687599501490153,3.326929403552281,0.938899791721986,0.0008117598545693983,1.29556872789276,3.090572429904397,0.3608902998019989,0.0006273135309063901,0.8613014779344736,3.2025153441079883,0.26981672219003583,0.0005350815410953278,17.01933857761909,3.2715800299721214,1.2557388456129583,Gust,0.7719599537518611,0.9693801011837948,0.38624726140156224,0.40362231017582967,0.39326622898247077,0.41617675927406833,0.40362231017582967,0.39614442563036273,0.13319113905153596,-0.10583555348270468,0.040156650290617664,0.019634426986037352
g221,0.0012094161224174347,15.139471020421446,2.917424245863577,1.2078892963912082,0.001186182423126801,19.35849714542939,2.925848515272584,1.308745715435996,0.0014584207177716058,2.3276394655634833,2.836117174588773,0.5221362663571874,0.0013927082643224822,1.9121884469147683,2.8561398469857133,0.46421947462698493,0.0012178902557108229,38.73743536339415,2.9143918439299066,1.5991998345033496,Gust,0.7439306802166235,1.1896938206843886,0.3214694776792822,0.3235053404961549,0.3424381178191704,0.34698733636300844,0.3235053404961549,0.3250064273071178,0.050518658242968355,-0.010743529255415635,-0.1789594271701437,-0.00544088652086943
g222,0.00029749572700578733,3.7240515106584455,3.526519266294538,0.6743146244776239,0.00022446677700147877,3.6632978006641332,3.6488479272588497,0.6686931506154206,0.00036312960841062056,0.5795548550233505,3.4399383374837917,0.1985347127484628,0.0004591244653425327,0.6303778909152974,3.338069563443008,0.2122882773599775,0.00027029686705989085,8.59733245057395,3.56815898645883,0.982150538978935,Olf,0.7929688198771545,0.7788147538358373,0.4431378211728217,0.4679263878738402,0.4630529943023163,0.44325407359586744,0.4431378211728217,0.45505125142064967,0.1643471439410777,-0.15650362683078198,-0.07887792900888885,0.477320137177224
g223,0.0005470325701947054,6.8477537136973226,3.2619868143082535,0.8947453651083115,0.0003835236432944138,6.259105858564833,3.41620785656492,0.8608831297075206,0.0003796729207787137,0.6059579815628271,3.420590375579277,0.20573417816923348,0.0006021284149488101,0.8267223137247163,3.2203108768643305,0.2616725337877766,0.00045713840403587165,14.54020121716897,3.339952291301971,1.191456637820133,Olf,0.7306668605423595,0.8705578810283917,0.3902967632855267,0.421455917615319,0.4591881876696289,0.41973146407286516,0.3902967632855267,0.40825524616718656,0.26597592681397,-0.14781516079717336,-0.43052368900344906,0.14562852090109185
g224,0.0004296446855047559,5.378292173148534,3.3668905548384154,0.8047044092750637,0.00029002868114329607,4.733268076258593,3.537559050788613,0.7584022489991503,0.000717063043220156,1.144432616979369,3.1444426594601222,0.33131240425483016,0.0005767068293593984,0.7918184767104539,3.239044904892502,0.2532940105961464,0.000378775128833934,12.04770052282094,3.4216185442687426,1.1155339800080835,Olf,0.8148415754671482,0.9089834657569249,0.41125156328955587,0.4456961400550182,0.4040269500092563,0.42347363578777497,0.41125156328955587,0.42490093002227336,0.19995293142588094,-0.22227669446029866,0.29797367411561926,0.3241960660310228
g225,0.0007882662789426276,9.867517279803813,3.103327051070083,1.0361303394096866,0.0018360485318623353,29.964312039993313,2.7361158431371044,1.4908614353692058,0.00059778597907785,0.9540664226082488,3.2234542747203347,0.29093932216778373,0.0007676509937710521,1.0539848144476545,3.1148361829568145,0.31259722844043786,0.001315354402637278,41.8374774846839,2.8809572169027473,1.631823889173433,Gust,0.5473086891297474,0.8931113936741177,0.3586040553750154,0.28560573673811834,0.41980972941641215,0.39866261461956354,0.28560573673811834,0.3087298927662755,-0.3660639674858833,0.41770556629925976,-0.6884182652601106,-0.49245011034015007
g226,0.0013006708601120977,16.281797826883242,2.885832589132023,1.2375889201845856,0.0013716326189083358,22.38504434058404,2.862762195124799,1.3689381977148123,0.0014675618603161578,2.342228729064588,2.833403583121569,0.5240361679904808,0.0014483068865816036,1.9885253552765418,2.8391394039802504,0.4754569448308938,0.001351813308894805,42.99712591601707,2.869083281826975,1.643424307404771,Gust,0.7272809611097814,1.1952312098005187,0.3151589605779847,0.3109036809651785,0.3418960707367639,0.3435914528477114,0.3109036809651785,0.31571500413873477,0.01785557182167599,0.03059006417760735,-0.2556641415925971,-0.06820199639358246
g227,0.0022314551416237503,27.9333554628461,2.651411839052798,1.461398802624627,0.00290441131988078,47.39999274045433,2.5369418791085923,1.684845296504312,0.0026597459116411244,4.2449544749792345,2.575159849838316,0.7197417229678775,0.0026276979877258577,3.607829337147602,2.580424551352366,0.6634963854959672,0.002615262607171816,83.18365774631394,2.58248469549511,1.9252277917437826,Gust,0.7032104900326333,1.3538403788565898,0.26833279489619655,0.24582020991958536,0.2903112010658056,0.2919124758399232,0.24582020991958536,0.25764919241779644,-0.09738997048860988,0.1279751026046064,-0.3027220665160313,-0.12616411645506045
g228,0.0005383833154605662,6.739482342935368,3.268908406587529,0.8887119137675253,0.0004430702469186211,7.2309064297118955,3.353527411779684,0.9154476645859666,0.0007734550026325317,1.2344341842015205,3.111564946660816,0.34916756693593326,0.0005818634073084854,0.7988984582345504,3.235178953460284,0.25500664957511504,0.0005031471151820399,16.003600292595145,3.298305012151963,1.2305408873583288,Gust,0.7721426393213257,0.9501530885576661,0.39167936967485706,0.4089353327629556,0.39745953980236015,0.4227014017503802,0.4089353327629556,0.40147052659220045,0.1319663974949191,-0.10557500255840627,0.0539761230439054,0.005785615758049812
g229,0.0005192939707936708,6.500521926395171,3.284586718868337,0.8750914849739337,0.0005159937839216208,8.421018553600852,3.28735552936213,0.9740978590874689,0.0004886175390954808,0.7798335923963873,3.3110309470434,0.25037939934127057,0.0005266057911910454,0.7230297513053053,3.278514368354191,0.2362927764127249,0.0005163786918624496,16.424457052068934,3.287031686163894,1.2411592543187329,Gust,0.7152412886275629,0.8877283444509555,0.39481115407629674,0.3957173239966113,0.4373034016560649,0.43135776564745554,0.3957173239966113,0.3989021423390678,0.06386517083346623,0.014955915986438972,-0.35122196189217963,-0.11304543423206265
g230,0.0018215683049159523,22.80239204093789,2.7395545387639926,1.3766206040303781,0.0016695317292161162,27.24675782080702,2.7774053225653947,1.4509686064443508,0.0018449818088434485,2.9445909669141437,2.734007911306308,0.5960019758541873,0.0021742633609954736,2.985263594646785,2.662687852276382,0.6004570519340291,0.0017599672078025773,55.97927697857658,2.7544954237590105,1.7557169340890195,Gust,0.7412101176745509,1.3013551553193239,0.28593953260572785,0.293853419607363,0.32204152204642367,0.308344788070376,0.293853419607363,0.2928853322322516,0.09492208517128896,-0.0364775663391806,-0.2812404625485684,0.07446515151027949
g231,0.0008812980534766632,11.03208903342087,3.0548771886104147,1.0803410368928736,0.0007226772890622636,11.794093357496143,3.1410555926538075,1.1070095154058905,0.0007481555542703687,1.1940562646155084,3.126008094953832,0.34124776047603367,0.0008722201673733707,1.1975582898036379,3.0593738753420285,0.34194040347474297,0.0007928572001712566,25.21840896584716,3.1008050249495125,1.4186063334899062,Gust,0.7258443845891533,1.0296874411062562,0.3489260670312807,0.3664935241699161,0.4003445969259588,0.38758387178392906,0.3664935241699161,0.36141263842029964,0.1759222086877887,-0.07417354311076453,-0.3530041970190649,-0.04319301317363043
g232,0.0012240965993841016,15.323241231090185,2.91218430820488,1.2128063988426347,0.0012467523386509617,20.346998166783692,2.90421980811337,1.329336812791515,0.0012581239071995233,2.0079657558904387,2.9002765846480476,0.4782728877332765,0.0013487077633034309,1.8517757590156108,2.870082142321759,0.45511537305539196,0.0012428032095404158,39.529841685852006,2.905597633500274,1.607774907341615,Gust,0.7242013593680418,1.1643527734546248,0.32042278625420373,0.31918494895838384,0.3552541299020002,0.3497723467819643,0.31918494895838384,0.3229298119223672,0.041962314968998216,0.018933663869069643,-0.30591363530596255,-0.056163844181050575
g233,0.003472402716391919,43.467537203794045,2.4593699125857955,1.6480430770895778,0.0038386964080703483,62.647525379708085,2.4158162335661304,1.8037815229177214,0.0037436066843048385,5.974796268150522,2.426709785835264,0.8435315265104759,0.0038442651043386422,5.278175988256956,2.4151866704791116,0.7978334855688057,0.003689961123003828,117.36659343938275,2.4329782093746943,2.073229148906522,Gust,0.7170503969971597,1.4866097842895052,0.22997191146947563,0.22162504142631845,0.26065790761746677,0.258905771509937,0.22162504142631845,0.22837990924721588,-0.0044956101868108365,0.0566380779730633,-0.3044039879518048,-0.09391518185572242
