Acronym,Olf_Mean_Score,Olf_Mean_Drive,Olf_Scaled_Distance,Olf_Scaled_Drive,Gust_Mean_Score,Gust_Mean_Drive,Gust_Scaled_Distance,Gust_Scaled_Drive,Vis_Mean_Score,Vis_Mean_Drive,Vis_Scaled_Distance,Vis_Scaled_Drive,Thermo_Mean_Score,Thermo_Mean_Drive,Thermo_Scaled_Distance,Thermo_Scaled_Drive,All_Mean_Score,All_Mean_Drive,All_Scaled_Distance,All_Scaled_Drive,Primary_Modality,Integration_Index,Integration_Drive,Olf_Normalized_Distance,Gust_Normalized_Distance,Vis_Normalized_Distance,Thermo_Normalized_Distance,Primary_Distance,Final_Score,Olf_Enrichment,Gust_Enrichment,Vis_Enrichment,Thermo_Enrichment
BAla1/2_A-Tdl,0.014083639706357197,176.2990018441794,1.8512850937344931,2.24870629062187,0.002260203041244249,36.91589627264232,2.645852544850218,1.5788213264880098,8.565254839470662e-05,0.13670146723795176,4.067259706001732,0.05564642057610619,0.0031411554550841592,4.312806439830551,2.50291056979415,0.7253239936539878,0.006963941890737258,221.59263096325952,2.1571448613633146,2.3475107827077326,Olf,0.399604312772714,0.9380754330504595,0.05316862530234998,0.1340278315319699,0.35850433613132116,0.14632123416917853,0.05316862530234998,0.06891984133058204,1.1186859479232303,-0.6644456171297168,-0.9901220771038851,-0.5931002513223693
BAla1/2_A|IA,0.003062194568243747,38.33255160527523,2.5139672180582964,1.5947521211401312,0.0009443041324012085,15.423319394508937,3.02488810931902,1.2154609389603357,4.831962043309309e-05,0.07711811421121656,4.315876476915127,0.03226332960953682,0.0008496522532120295,1.1665725436601164,3.0707587860247454,0.3357732351584533,0.0017497377699364296,55.67665583937719,2.757027033124384,1.753404217133792,Olf,0.5043004711224873,0.8842425727687274,0.13940676373947578,0.18335362482178982,0.3908580796847603,0.22021816194965532,0.13940676373947578,0.15379724723920624,0.8231090609931683,-0.44517561702381764,-0.9779465243480284,-0.5644205393309649
BAla1/2_A|T-S,0.0011094338381557357,13.8878927860335,2.95489859171617,1.172833232597073,0.0004238544113891424,6.922814101218863,3.3727832914112796,0.8988794658771099,2.0240715819983538e-05,0.03230418244869372,4.693774111128147,0.01380768691698401,0.0005947566171686476,0.8166008353725531,3.2256607166414613,0.2592595095647969,0.0006876871412506429,21.882204834595456,3.162609095625693,1.3594978689568333,Olf,0.5646883022105595,0.767692543480108,0.19678736817569822,0.2286269644421924,0.44003578842042074,0.24037632473446452,0.19678736817569822,0.2089700576372592,0.6772192300872256,-0.3676334143294866,-0.9765421634815948,-0.22576282615556648
BAla1/2_IA|SL,0.00023736775120510774,2.9713695095855384,3.6245782828147273,0.5989402971641513,0.00012878538538930103,2.1034516995634536,3.890133414697921,0.49184499065059284,0.00019838568719284574,0.31662355675978177,3.7024896616327796,0.11946162113374686,0.00020162779638473822,0.27683496443624556,3.6954495941580827,0.1061347667493028,0.00017944000616586987,5.7097809961979795,3.7460807220817,0.8267083452517161,Olf,0.7321955567573195,0.6053121771275026,0.28393613496704445,0.2959523228830628,0.3110349863037476,0.3015123004435427,0.28393613496704445,0.290767361472254,0.37122757032419584,-0.26579356907893414,-0.12143920392666718,0.0029621334375135996
BAla1/2_Tdl,0.0005317182354891271,6.656048871852894,3.2743184443110267,0.884004697066108,0.0018828063852297243,30.751876689957086,2.7251943372936167,1.5017693992974697,2.881407836113709e-05,0.045987269064374794,4.540395252007157,0.019526398672040774,0.0007860229376639855,1.0792094934126522,3.1045647796732814,0.3178982494322198,0.001193459521331488,37.97588196876794,2.923192306046571,1.5907959514384375,Gust,0.42668199642733645,0.6787639924682767,0.2383550707838673,0.1443529757141302,0.4200758305451404,0.2246175049427108,0.1443529757141302,0.1631675559544579,-0.5481581536544826,0.578971670783013,-0.9812291780418008,-0.4248429782661743
BAla1/2_Tdl|IClat,0.00024315659752964733,3.043834287876125,3.614113940506123,0.6067933503473643,0.00022867628738510105,3.7349698018608555,3.640778865377439,0.6753172135553397,0.0001673597927527996,0.26710622923346816,3.7763488680188204,0.10281302596156182,0.0002320588597101523,0.31861681438203915,3.634401844249662,0.12011860936216413,0.00023153385154042473,7.367407156016315,3.635385501852656,0.9225909021647423,Gust,0.6965866676565337,0.6426645221491729,0.2825743577777416,0.26350256853640786,0.32064665414777616,0.29356785149186854,0.26350256853640786,0.2747584455848666,0.08113589598707042,0.0034116590531033295,-0.42954811297015894,-0.11153833279746396
BAla1/2_Tdl|ICmed,0.00016679420054526887,2.087929802425676,3.777819051304185,0.48966741900641503,0.0001491593974123726,2.4362204379362815,3.82634937689771,0.5360810165993976,0.00015901227264564148,0.2537835871424438,3.798569352592427,0.09822258033774316,0.00015719845706323713,0.2158334815478246,3.8035517182069913,0.08487409878789542,0.00015714393832920865,5.00032011763542,3.8037023640363974,0.778174420652652,Gust,0.7227472947587414,0.5624234573771552,0.3038781224179511,0.2876517871058132,0.3235383169140746,0.3155801703873559,0.2876517871058132,0.29746697041555825,0.09368370133931968,-0.03478248287353138,-0.20069026756212907,-0.11242433886511637
BAla1/2_Tdl|Mac,3.506749489327315e-05,0.4389749010739934,4.4550952451980965,0.15805321893999033,1.287874807717697e-05,0.21034859234453146,4.89012631828541,0.08291046943084157,7.424666693947102e-05,0.11849768043539577,4.129323031949769,0.048635087784322475,0.0195745907445839,26.875913092313695,1.708307309157253,1.4452291018663912,0.0008913593502634179,28.363054525381955,3.0499471749665976,1.4678012315749995,Thermo,0.11084514424723795,0.16269863924020433,0.39201546010272864,0.42608639967548795,0.3665809470711993,0.042915538620473495,0.042915538620473495,0.05276222403083234,-0.958461852048376,-0.9849450327411339,-0.9325793382259202,18.965555077566687
BAla1/2_Tdl|V,0.00024257580552216793,3.036563933526498,3.615152515991579,0.6060118354910271,0.0004452689444735433,7.272577670086383,3.351377592943726,0.9176408533817938,4.2217375901085025e-05,0.0673789319381317,4.374508754277403,0.028318626392139973,0.00020806011937447586,0.2856665439011553,3.6818111545843593,0.10912834267654273,0.0003322332457779941,10.571661880655771,3.478556909603632,1.0633957352498171,Gust,0.539310706300661,0.5735007050546896,0.28270951279883644,0.2258413338660366,0.3984881911159557,0.2997374621057419,0.2258413338660366,0.24510813832065032,-0.25502743426999874,0.3495189412565202,-0.9006065660380421,-0.4497906675188981
BAla1/2_V-L|V-L*,0.00030174019683489224,3.7771837839791815,3.5203668292516967,0.6791719494333821,0.0002766069173576464,4.517820781202438,3.558136961728608,0.7417675904891543,0.00030789800184426565,0.491405210943448,3.511593128104038,0.17359565617452774,0.0003078751902622443,0.4227126362300615,3.511625305354671,0.15311718883865924,0.00028974772976536075,9.219772761133779,3.5379799566411263,1.0094412392739536,Gust,0.7305304856650711,0.7374275987771525,0.27037457742801624,0.25274796438159125,0.28619266585875697,0.27759032656789184,0.25274796438159125,0.26290257344987644,0.07288708981069524,-0.02938350484152643,-0.16073061157221571,-0.05736870314533043
BAla1/2_V|IA,0.0005120090389801338,6.409329149953315,3.2907223710967672,0.8697788881868179,0.0004633883979662773,7.5685227039832075,3.3340548430708528,0.9329059518167251,0.0004940694743949335,0.7885348811343139,3.3062119768676084,0.2524974144522427,0.0005165177236371231,0.70917883455377,3.2869147707948567,0.2327875061359038,0.0004869540062268595,15.49487647813867,3.312512055932888,1.2173490676798695,Gust,0.7270099769591704,0.8850249176452094,0.24048979580078952,0.2235870378064094,0.2594653896842617,0.24834762108911704,0.2235870378064094,0.23355025061195556,0.08335350892770092,-0.03238742643361764,-0.19859093447310516,-0.05892528201457465
BAla3/4_10-NA,0.00019704728618895228,2.466637928513305,3.705429539823897,0.5399084843272456,0.00018305296662998695,2.9898041039675767,3.737423226001896,0.6009515727157035,0.00020999179021577685,0.33514689718437984,3.67779768192975,0.12552905081437554,0.0002019080217566635,0.277219713871899,3.6948464241483614,0.10626561324957769,0.00019092137191861473,6.0751180544503205,3.719145451276071,0.8497336908349978,Gust,0.7326153563660266,0.622527950727301,0.2944577133209001,0.27607938243372526,0.3078216955180796,0.3014338069141562,0.27607938243372526,0.2864602950260847,0.06317831511048863,-0.025288243023869703,-0.13141638931306995,-0.06192937326795136
BAla3/4_11-NA,0.00012060188095126926,1.5096943457479886,3.918645915125599,0.3996208322228325,0.00012555832518203763,2.0507441251982206,3.901154482512853,0.48440578362584524,0.00012413439922845628,0.19811850116861623,3.906107849773353,0.07849977452948183,0.00012342509484617438,0.16946265522379741,3.908596526855456,0.06798635792012958,0.00012338870772057671,3.926228679668751,3.908724580697514,0.6925145682852808,Gust,0.7163686488638732,0.49609572560107507,0.3222046263813554,0.2973865495462897,0.3375328392752628,0.3292501765906638,0.2973865495462897,0.3103246539052402,0.0053551988123453935,0.03293915835145958,-0.20671132224113642,-0.11403772837629764
BAla3/4_4-NA,1.5521112618243777e-05,0.1942932877551756,4.809077121936875,0.07711099146052147,1.8455577258643767e-05,0.30143494336542864,4.733872342741218,0.11442246330689634,2.4749553957593104e-05,0.039500288116318595,4.606432606071797,0.016824614040080583,1.7559919360784614e-05,0.024109769282357276,4.755477458074006,0.010346509021301357,1.755299851282565e-05,0.5585364126781122,4.755648659223236,0.19271695331830738,Gust,0.7380479334838019,0.1422343491438711,0.438080891732685,0.40575228852365763,0.4286696016351016,0.4394590268153628,0.40575228852365763,0.4200533526989674,-0.09136931976048134,0.06624243129163829,0.11072254084449087,-0.11481636638425828
BAla3/4_N-S|Vm-Vm*,0.0006853396986669206,8.579082347912511,3.1640941100811935,0.9813239067480182,0.0006596382428703175,10.773871420800896,3.1806941731907044,1.0709192886919163,0.0007177992252525224,1.145607563503026,3.143997014147723,0.3315502914461136,0.0006987753836399443,0.9594186017376434,3.155662402062505,0.29212722670647123,0.0006747337991881046,21.470029490165487,3.1708675337049343,1.3516036423972213,Gust,0.7270017777628469,0.9826182508535191,0.22401102701755662,0.2036294469879912,0.23835554546462914,0.23126709404684767,0.2036294469879912,0.21486786775073602,0.045818091601455335,-0.00660980713511349,-0.16029467222058952,-0.0818065929604385
BAla3/4_S-T|VL-IC,8.995421541203254e-05,1.1260468685278233,4.045978475213788,0.3275728342788338,9.303355724452959e-05,1.5195170904749016,4.0313603683108585,0.4013173086230315,0.00011260070898904843,0.17971073154652129,3.9484588710889903,0.07177553010781092,9.257151014635054e-05,0.1271006834309393,4.0335226467474925,0.0519627131227647,9.277173017414925e-05,2.951996454141429,4.032584339140747,0.5968165462527611,Gust,0.7323670898865844,0.43708879717529675,0.33877504912460316,0.3143308925316006,0.3430441894462039,0.34550743723830174,0.3143308925316006,0.3267439190189792,-0.0023251101533605634,0.01828871235490233,-0.04262450038811418,-0.11592078160965902
BAla3/4_S-V|Vpd-Vpd*,0.000419663022668206,5.253341717760603,3.377099294606231,0.7961121616221128,0.0004241661636684718,6.9279059511971495,3.3724639776955616,0.8991584894693508,0.0004494808298464397,0.7173714044349178,3.34728882503227,0.234864227283144,0.00044116725050798443,0.6057226349474627,3.355396733351607,0.20567052941409583,0.0004243970968644328,13.504315622226251,3.3722275945769455,1.1614972416872746,Gust,0.7248527345834546,0.8419144518481606,0.25173045676623057,0.22858541055170672,0.2648109253318386,0.25725952130589336,0.22858541055170672,0.24079959668053882,0.017574890102707776,0.014998684757307418,-0.1644921903691405,-0.07888203083800938
BAla3/4_SM-V|SL*-IC*,0.000516933252032326,6.470970448940657,3.28656552984829,0.8733770185818905,0.0006755984279153986,11.034549123142202,3.170311369039108,1.080429823983761,0.0006769377310753601,1.080392618796275,3.16945127793197,0.3181453042348199,0.0006137465960426593,0.8426740763665712,3.212010902835887,0.265448526020563,0.0006088340589398889,19.373099755467265,3.2155010598672713,1.3090571116843663,Gust,0.7099892794757368,0.9294165155173724,0.2399488452637381,0.2022782807667738,0.24166803608942286,0.23860000621099864,0.2022782807667738,0.218590784550767,-0.128770915392713,0.12369980915539881,-0.12537823682069205,-0.10929620240520274
BAla3/4_S|L-Vlat,0.0008439791539711451,10.564931049410795,3.073668279669134,1.063143047832995,0.0008112934605209302,13.250856090688355,3.090822024129164,1.153840954470446,0.0008591006971771485,1.371124712694729,3.0659559280202773,0.37495439691819415,0.0008572012108284204,1.1769372624674213,3.066917223666112,0.33784591321343466,0.0008289797110791176,26.378134406537523,3.0814560979658956,1.4374038512285632,Gust,0.7247869271676547,1.041811520430903,0.21224346155119606,0.19193393484433777,0.2281996686992649,0.2197182402310233,0.19193393484433777,0.2031991327385961,0.04824306615746164,-0.005574998314158341,-0.1820099662393889,-0.08323216840893481
BAla3/4_T-S,0.00027656323414359006,3.46201856500946,3.5582055532053385,0.6495313729098072,0.000936280278512974,15.292265788952406,3.028594123884994,1.2119814864700502,0.00023058198988771265,0.36800885586078935,3.6371746153566438,0.13608890881613292,0.00025222671821200824,0.3463072841050873,3.5982089090726563,0.12914419551975118,0.0006033304321581478,19.197974351272265,3.2194447674744118,1.3053078163685503,Gust,0.46414545545564023,0.6058526909381879,0.2752987197804722,0.18383590702838562,0.3025352127380487,0.2888578838623276,0.18383590702838562,0.20421221641609058,-0.5348438064756791,0.554082318237947,-0.7026941821437738,-0.6347066522023267
BAla3/4_T-V|Vm-Vm*-Lm*,0.0011445360281560758,14.327302000457756,2.9413705315019882,1.1854657145781642,0.0016722669121429774,27.31313547603125,2.7766944029414695,1.4519879670173597,0.0008653537205699842,1.381104538029695,3.062806334240371,0.376778462726519,0.0010183032048029692,1.3981303001944765,2.992122888992556,0.37987277639338785,0.0013887803166595554,44.19098967610705,2.857366447116041,1.6550518524213929,Gust,0.6353390408093699,1.0515190564071786,0.1950268940558828,0.1510549367718431,0.22778979631182208,0.20998487946703331,0.1510549367718431,0.16947853312275613,-0.15628996680545934,0.21655885228170246,-0.5109749871712325,-0.35362110509272954
BAla3/4_Tdl,0.0003039035467780574,3.8042645985677224,3.5172642299251913,0.6816269184921805,0.001650776006502549,26.962124514206135,2.782311851816048,1.4465701652762304,3.6083916692594554e-05,0.05758993104138091,4.442686316476311,0.024317307389311704,0.0005131383470405669,0.7045389504866981,3.2897655282795495,0.23160692975861197,0.0009735836010851962,30.979430186530944,3.0116267494697406,1.5048707211660004,Gust,0.35016098998127404,0.5269470215173205,0.26997082066378003,0.1517859634827321,0.4073604781920777,0.24871860441519733,0.1517859634827321,0.1686791713444287,-0.6843750639250976,0.6919497775338834,-0.9712708436457707,-0.5411018347253708
BAla3/4_Tdl-S|Vlat,0.00015289886456536315,1.913987986629216,3.815595736827906,0.46448775699080214,0.0004398309155682908,7.183758343976894,3.356714246500704,0.9129527967272151,0.00010193576307629641,0.16268947786976906,3.9916734174072346,0.06546374219664414,0.0001434515382501155,0.19695896201740856,3.8432947873674776,0.07807926078660314,0.00029348424158180144,9.33866856713292,3.532415211429935,1.0144646131120225,Gust,0.4924704668999668,0.4995938616727719,0.30879419139931163,0.22653581927818994,0.3486679144436045,0.32075213470384556,0.22653581927818994,0.24724637385240522,-0.47061474760550565,0.5028551074682764,-0.7294373655821778,-0.5723198443680203
BAla3/4_Tdl|IC*,7.08680677929039e-05,0.8871264726315711,4.149549401921888,0.27580100696165477,0.00020863045891089666,3.407561285391675,3.680622284569635,0.6441983597058765,3.4639299753186755e-05,0.055284322406086064,4.460430883458893,0.023369486189309483,9.052310086985454e-05,0.1242882174943103,4.0432405729024525,0.05087765929516229,0.00013883504208178139,4.417731039042284,3.857500900623356,0.7338174408671044,Gust,0.4920129549058389,0.36104768744246474,0.35225325170118305,0.2686875919043026,0.40966966742139677,0.346772079561238,0.2686875919043026,0.2891674887382382,-0.4813570944926968,0.5068129494631793,-0.8056607080980841,-0.429542120111937
BAla3/4_Tdl|Vpv,0.00025941360930312565,3.247339561256527,3.5860072421128377,0.6281169828378561,0.0003717525241532083,6.07183397699435,3.4297460728224713,0.8495320563430281,0.00010931459799412994,0.17446609839863136,3.961321834031988,0.06984048514862012,0.00018188750696795957,0.2497315470670085,3.740197127252518,0.09681673288921008,0.0003045172568535005,9.689739113078385,3.516388089638135,1.0289671062253325,Gust,0.5964504429777794,0.6137278863176633,0.27891669257434726,0.23603981601731922,0.3447181111324448,0.30733552067549846,0.23603981601731922,0.2541035065963568,-0.12818847801218802,0.23295593387067073,-0.7183682118970599,-0.4736446638047173
BAla3/4_T|SL,0.0002186027516780497,2.736469245505826,3.660344373651821,0.5724614119736727,0.0007384080818700783,12.060419201183988,3.1317035580186285,1.1159571167429785,8.261792108192476e-05,0.13185820204675192,4.082925732134817,0.05379202232403118,0.00014961063784439262,0.20541540576035106,3.82503752260036,0.081136737649526,0.00046875223620371974,14.915696156002362,3.3290566465113463,1.2018256395073288,Gust,0.42548229605365895,0.5113555325537352,0.28859055520828975,0.1972540532686564,0.36054303444660046,0.31837622554819034,0.1972540532686564,0.21683563823649815,-0.5270270099437026,0.5766704865560224,-0.8629659034366904,-0.7212662857091077
BAla3/4_T|SM,0.0005866691481748276,7.343924396852492,3.231606749171454,0.9213703603539336,0.0008875091655122249,14.495687200311169,3.0518271527009033,1.1902108410261092,0.0005012733581275556,0.8000322795715789,3.2999253759601395,0.2552802932778148,0.0005782344710346208,0.7939159287305343,3.23789602098748,0.2538020861194689,0.0007324963659382845,23.308034364156214,3.135194524997837,1.3857498416358214,Gust,0.6425252529629959,0.8903792675404877,0.23279678432474593,0.1868593372399438,0.2586472828733824,0.24196856606900932,0.1868593372399438,0.20557377543857536,-0.18022611621716503,0.22387610620877232,-0.4630311236730255,-0.3042533589652252
BAla3/4_T|VLm-SLl,0.0017299126911459071,21.655047067764464,2.7619758149498623,1.355164968799431,0.0011584837056626677,18.92151436458835,2.936110069907027,1.2993223489062737,0.00011914391895677455,0.19015369465501217,3.923928115269652,0.07560304914922689,0.00046877245043914996,0.643624574452953,3.329037918618607,0.21580262593951013,0.0013055164779477379,41.54153432829702,2.8842176419023913,1.6288131493724503,Olf,0.5672235531850537,0.9239011820615788,0.17168136256641137,0.17180049463769104,0.33985187953068585,0.25382931694312666,0.17168136256641137,0.17378481902526888,0.36790043480642315,-0.09596756300431039,-0.9277769464330351,-0.6808177771820776
BAla3/4_V,0.0004174931159708035,5.226178825722518,3.379350680147421,0.7942215901513789,0.00036485847548295696,5.959233480063135,3.4378755596565886,0.8425614071807573,0.0004208690381317944,0.6717069848583439,3.375853021576238,0.22316015706768863,0.00042366872642783947,0.5816971613854236,3.372973591714759,0.19912333521145623,0.0003915949581391471,12.460551567987661,3.4071629073493463,1.1290628561751452,Gust,0.7341272168644054,0.8288757722688358,0.2520234408242729,0.23709774678878642,0.2685281270572021,0.25954688577397517,0.23709774678878642,0.24611588391992836,0.09902951400270366,-0.052131138205684754,-0.1506617631055361,-0.03964289129545649
BAla3/4_V-L|Vm,0.0004598844963656425,5.7568341255051125,3.3373512301781574,0.8297432574980028,0.0004502614975451293,7.354121039404597,3.34653518757909,0.9219007632878164,0.0004052503472126593,0.6467795541514042,3.392276603310363,0.2166354663079932,0.0004263872445732058,0.5854296867990115,3.3701957947413854,0.20014698599582378,0.00045078517101483997,14.343984141692209,3.346030377936589,1.185938140974977,Gust,0.7063505299910866,0.8376880344143189,0.24655784239059206,0.2252111674425341,0.27066540987083787,0.25918539716405614,0.2252111674425341,0.23721532909417342,0.049887798198509754,0.01443146595599414,-0.2907633374910135,-0.16180583088837094
BAla3/4_Vm|IC-SM-IC*-SM*,0.0007832846169673491,9.805156835197277,3.106080401987323,1.033631074982927,0.0008410725434231239,13.737237851729883,3.075166543698045,1.1684160928743257,0.0009848070189779393,1.5717520022887912,3.006648864294027,0.41022908663540275,0.000835153245141934,1.1466654055798755,3.0782338264956857,0.3317643575082263,0.0008248311039030975,26.246125726196567,3.0836349698959005,1.4353047563243746,Gust,0.7300426858826824,1.0478337393672355,0.21646141309828085,0.18989660889398685,0.22048174394440198,0.22119092634346454,0.18989660889398685,0.20301228973211977,-0.023323942924439237,0.03497099872449912,-0.058639997951379516,-0.10330772490223503
BAla3/4_Vpv|S,0.00011907998055551272,1.4906431965939084,3.924161241293869,0.3963115160353855,0.00012127583875201165,1.9807982743366062,3.916225709500067,0.47433258612761475,0.00012762665818433666,0.20369214646220132,3.8940585989115526,0.08051542696455544,0.00012129579777237718,0.16653913034147386,3.9161542411909007,0.06689931133067098,0.00012071508830975773,3.841154110016491,3.9182384399741235,0.6849489078969253,Gust,0.721824933127886,0.49441319963871666,0.32292236335382996,0.2993478436745521,0.3359648100109396,0.3302336997478539,0.2993478436745521,0.3117756303674776,0.01497999903718928,0.02013300069344144,-0.16606195116422615,-0.10975243186278008
BAlc_A,0.03608112344683308,451.6635033074564,1.442719948413948,2.6557754802448876,0.0017477353644210288,28.545761707088666,2.757524325727921,1.4704951908268113,0.00012172496045469119,0.19427303688568714,3.9146203543053177,0.07710362734357647,0.022441661237758266,30.812400879442098,1.6489449976778203,1.5025964465153046,0.01645009232973508,523.4419379321702,1.7838316601081576,2.7196974135372507,Olf,0.3194337836587377,0.8687632352130866,0.0,0.14856023876821234,0.33864061405494816,0.03519042419923452,0.0,0.010545162939069186,1.3110788416585235,-0.8895224168531822,-0.9940229344936233,0.23775880337106858
BAlc_A-T|SL,0.007537138172161373,94.34989563911607,2.122793523033705,1.9793202220450468,0.0036746137603286978,60.01746654744862,2.4347883028761075,1.7854541717215886,0.00022407958920981806,0.3576310243788696,3.6495976984087717,0.13278175385484384,0.0050633217981798685,6.951940828900961,2.295564470170551,0.9004731397774095,0.005119611968548663,162.90605283921843,2.2907629542331454,2.2145949918019467,Olf,0.599434822630868,1.3275053561100085,0.08850137482633012,0.10656098634271217,0.3041518906545663,0.11933824943576081,0.08850137482633012,0.09700841128597629,0.5265024583017217,-0.26554277233898793,-0.9652089934777524,-0.11697525807735892
BAlc_A-T|SL-Mc,0.00474978544909361,59.45781425175381,2.323326007205628,1.781452441955901,0.0007469781592485329,12.200394275006289,3.126692095670818,1.1205869030923916,0.0002151869620954504,0.34343839150433886,3.6671840435410235,0.12821775499456936,0.009151720000961896,12.565311561320684,2.038497275642734,1.1324297728715536,0.0027089252920300235,86.19800279239536,2.5672029718114975,1.9405065378434028,Olf,0.6006295057141359,1.1655254826599322,0.11459766971100845,0.19660188661460049,0.3064404896833477,0.08588481000285841,0.11459766971100845,0.12294116405662489,0.839129783461155,-0.7145631306094883,-0.936125428202664,2.0513176471222647
BAlc_A|A-T,0.0026871093749609946,33.63723515576173,2.570714655706931,1.539543218087842,0.0007477984016459406,12.213791294083148,3.1262154668667343,1.1210274430395888,1.7542067888047623e-05,0.027997140349324004,4.7559191878413385,0.01199190655396885,0.0011841641713402182,1.6258574072501193,2.926588082918202,0.41927113876571137,0.0015131036343738998,48.14695764577749,2.8201313252949705,1.6914966387796366,Olf,0.5147046397651407,0.8706211681270192,0.14679159155400107,0.19653986052504566,0.44812303799614545,0.2014565074599308,0.14679159155400107,0.16163067202095519,0.8521928595228095,-0.4913147148340739,-0.990730521276519,-0.2971557603766541
BAlc_IC-V|T*,0.0008324275018019364,10.42032746755664,3.079653579448157,1.0576785570896765,0.00047887415195224897,7.8214515238360836,3.319778603202005,0.9455400519034663,0.000280160212944867,0.4471356998600077,3.552593539610716,0.16050925740595096,0.0006603981628086686,0.9067266775363021,3.1801941429332774,0.2802884429436757,0.000619552008163311,19.714144899756555,3.207922230297527,1.3162670099016425,Olf,0.6714916054237138,0.8838622476451252,0.21302235853963944,0.22172919932702145,0.29152825442182545,0.23445953215203436,0.21302235853963944,0.21928092271417762,0.3909964877737127,-0.2102951774728383,-0.641111341109358,-0.04976334007480529
BAlc_T-A|*,0.0026164065120791915,32.752176718207316,2.582294778439769,1.5283017862403028,0.0020642044026885887,33.714650509112715,2.6852472997780215,1.5405127973405814,2.3937365771643925e-05,0.0382040357715437,4.620923625836165,0.01628271276273508,0.0005863097348175451,0.8050032659044895,3.2318728941885078,0.25647799203836097,0.0021172783184687212,67.3717960936747,2.674222049555137,1.8348769887537204,Gust,0.5438866477534212,0.997965094453153,0.1482985708291285,0.13915446797569048,0.430555390496254,0.2411847464613141,0.13915446797569048,0.14498950689675708,0.2728127117440602,-0.008995187493947671,-0.9910729225691061,-0.754397547433514
BAlc_T-A|T,0.00048730992100337166,6.1001455911202065,3.3121947459602907,0.8512672541798983,0.0008654737554958092,14.13578284851305,3.062746096571781,1.1800048883250915,7.337065275834035e-06,0.01170995618023112,5.134477557918683,0.005056023882361465,0.00029505677001450125,0.40511294522991026,3.530094414644729,0.1477112349305192,0.0006434812510018675,20.475573406879423,3.1914641018609875,1.3319447685041657,Gust,0.505713761211919,0.6735827986067804,0.24328410330975378,0.1882802740036822,0.4973867315936975,0.2799938041106,0.1882802740036822,0.20650086466467427,-0.2273791338531539,0.3541876962110864,-0.9910822103162119,-0.5971780984069897
BAlc_Tdl,8.866364581412501e-05,1.1098915183012168,4.052254409753589,0.32426012628616474,0.0007118139057529884,11.626056522663559,3.147633531410727,1.1012677291879087,1.887816888554171e-05,0.03012955754132457,4.724040109992133,0.01289184857594227,0.0002119345326820843,0.29098611337250174,3.673798271389276,0.11092157075741138,0.0004024462423321963,12.805839431010485,3.395292122211284,1.1400628180142143,Gust,0.2969628128722046,0.33855626128851335,0.33959176786772294,0.19932710036056234,0.44397445419118325,0.29869470554887356,0.19932710036056234,0.21402904857592855,-0.7776489636094573,0.7616670099866926,-0.9637066462131236,-0.5423414177571197
BAlc_Tdl|IC,0.00012543665517228598,1.570216049446676,3.9015755317106615,0.4099696311674097,0.00016718739853982065,2.7306717803508906,3.7767964572590644,0.5717870420580649,0.00011269362167511423,0.17985902019348232,3.9481006599554243,0.07183011712829757,0.00012715969913156894,0.17459026690764415,3.89565050491076,0.06988639779604498,0.0001457571020745457,4.637990988012044,3.8363702718971595,0.7511243773426484,Gust,0.6696441330454139,0.5029860324748942,0.31998317203080334,0.2812032178945616,0.34299757364023553,0.3275654460212133,0.2812032178945616,0.29840961357135126,-0.11770783042801664,0.1605270858594249,-0.392339567307131,-0.22983502663008493
BAlc_Tdl|SLl-SLl*,0.00013235679362551514,1.6568423426041985,3.878253758989576,0.4243657840796454,0.001995507919649294,32.592630851631924,2.6999465440576307,1.5262440175244436,7.843076250368895e-05,0.12517549695588756,4.105513557222154,0.051220265927648,0.00022965608134755224,0.31531779969018925,3.638922047981748,0.11903069729483481,0.001066445792781174,33.93430512629696,2.9720612143448886,1.5432521091814264,Gust,0.19251621417794823,0.2971010535817418,0.3169481931311199,0.14106735413419302,0.3634825010707576,0.29415608820582756,0.14106735413419302,0.15166175325915124,-0.8750657674444344,0.8588846972782134,-0.9432461516588195,-0.813336468764854
BAlc_Tdm|SLl,4.596616288832688e-05,0.5754044270360759,4.337561738835026,0.19739206154375682,0.0004988742742649552,8.148113521569513,3.302008890124802,0.9613315452531757,1.8600951920007397e-05,0.029687119264331804,4.730464806464875,0.012705280026032518,3.3313586282346995e-05,0.04573955396566243,4.477378598979666,0.019423535047810928,0.0002706928392049062,8.613446143500116,3.567523231117646,0.9828790976396721,Gust,0.21355974633425406,0.2099034107691689,0.37672023721878284,0.21941673771067183,0.44481053206848853,0.40326863170812144,0.21941673771067183,0.23141973700500043,-0.828940671321886,0.8321600174644815,-0.946933878844142,-0.8932479530607059
BAlp1-3_L|IC,7.3467008882348e-05,0.9196600171892324,4.133907635642524,0.28322431946763643,6.764177782448443e-05,1.1047931572073042,4.169784979969922,0.3232094231658547,7.34160325298254e-05,0.11717198791760133,4.134209082957104,0.048120037622119576,7.33426052959449e-05,0.10069939707133234,4.134643661053419,0.041668728582755735,7.054324806503163e-05,2.2446861534293063,4.151544541570725,0.5111726954582396,Gust,0.7270415093786154,0.3716437680590939,0.3502177104419747,0.33234477940917506,0.3672167933204268,0.35866682046372883,0.33234477940917506,0.3426794371731728,0.07283511698409538,-0.02519125445864401,-0.1781260869511698,-0.07776146063179053
BAlp1-3_T|SL,0.00021065082659933601,2.6369270473704884,3.67643683028924,0.560734589687597,0.0011947240930699806,19.513428612111994,2.9227323777767724,1.312038254365244,0.00010097000662234872,0.16114813056926858,3.9958076109548655,0.06488762730545117,0.0002230132191752823,0.30619714992766256,3.651669391306119,0.1160087318117847,0.0006981261213773375,22.21437318222688,3.156066111324534,1.3657569616539187,Gust,0.34004109872850513,0.4644134978369034,0.29068474705737163,0.17005958866852014,0.34920591772209986,0.2958149637329658,0.17005958866852014,0.18710176184207808,-0.6950323267958244,0.7069548791795054,-0.8879384343791213,-0.7219854298414887
BAlp1-3_V,0.00019719019171642363,2.468426819906191,3.705114688558373,0.5401325357834523,0.0001910070758186225,3.119718569345561,3.71895054182902,0.6148675490537882,0.00020518736760640404,0.32747903869982087,3.6878493780309136,0.12302767216490144,0.00019685157789405032,0.2702772164485311,3.705861097499489,0.10389850870084413,0.0001944901748071827,6.188677362364553,3.7111023311016984,0.856648992320804,Gust,0.7243582217088088,0.6205207407061406,0.29441674015137176,0.27367543967364055,0.30912977299305994,0.30286720143383417,0.27367543967364055,0.2851044609461727,0.043809859496935,-0.0021866222006613613,-0.16735406204508022,-0.10273382229237424
BAlp1-3_V-L|L-V,0.0003660878297767049,4.582687453144792,3.436414707377321,0.7468433145468092,0.0003249960066669064,5.308159776890584,3.4881219739715315,0.7999026848697901,0.00034645076422268545,0.5529354196994061,3.4603584750821303,0.19115339555382743,0.00036693649589239404,0.503803808860257,3.43540908952321,0.17719118047956614,0.00034455204056491463,10.963645930775582,3.4627451724282943,1.0778635514183075,Gust,0.7271146562755817,0.7837303857015004,0.25944946802404606,0.24363656392993496,0.2795252442731968,0.267671929299014,0.24363656392993496,0.25317463231906207,0.0949795383435327,-0.040682166876051244,-0.20560610437110918,-0.05494315258546157
BAlp1-3_Vlat|L-Vm-L*-Vm-L*,0.0011453305317644946,14.337247596627943,2.941069161498537,1.1857474286580485,0.0011338865163629374,18.51976847175586,2.9454304087140755,1.2904746620993635,0.0011620648337611283,1.8546554746827608,2.934769640798106,0.45555370120783634,0.0011702160535915537,1.6067066415812032,2.9317339479509097,0.4160921584751008,0.0011415621517361228,36.32450766824343,2.9425004382206055,1.5719940878404568,Gust,0.7214903110130731,1.1341785033467233,0.19498767527039806,0.1730133969309939,0.2111277411743416,0.202126164607424,0.1730133969309939,0.1849223902650437,0.032627026453143665,0.008895119367985479,-0.1968130001684887,-0.09149983064842845
BAlp1-3_V|N,0.0014770569489524674,18.489798886986986,2.8306027595470304,1.2898073577054907,0.0014863192597636848,24.276052469720263,2.8278878942796384,1.4027092482304189,0.0015214306401317183,2.428203301650223,2.817747841439471,0.5350665688424098,0.0015356524111346096,2.108450760487819,2.8137070737411394,0.4925439923032412,0.0014865616118814452,47.30239049006759,2.827817086068931,1.6839686245601093,Gust,0.7217833159411049,1.2154604577757773,0.18061213002105864,0.1577170017816782,0.1958991092815634,0.18676673729860774,0.1577170017816782,0.1699212215785768,0.02247380843322315,0.015385221467545241,-0.19261482184730871,-0.08463523873906877
BAlp1-3_V|V-L,9.363691852787645e-05,1.1721469461319574,4.028552882182277,0.33688920201052547,7.53600122698189e-05,1.2308550804029523,4.1228590337421345,0.34847135879771574,0.00011190344181352269,0.1785978931343822,3.951156551792344,0.07136566041352561,9.443905485725402e-05,0.12966482231900978,4.024848363376817,0.05294960506726084,8.546041744510532e-05,2.719350483103251,4.068234985050822,0.5704671048730434,Gust,0.75425526566878,0.4302778177413171,0.33650736957049737,0.3262380713834917,0.34339525212530114,0.3443786093693948,0.3262380713834917,0.3326754923426162,0.1308741651681536,-0.10180235734528446,0.036058495468727025,-0.017878738097503042
BAlp1-3_V|Vm-L-Vm*-L*,0.0010355108063737483,12.962524274186581,2.984845364121287,1.144963941155796,0.0010041564715321527,16.400887649534653,2.9981986080451257,1.2405714029643269,0.0010883158500041056,1.7369520966065524,2.9632450454088106,0.4372671962550269,0.00107582916204201,1.4771134394836798,2.9682566872557388,0.39394589556997206,0.0010243085792143117,32.59349899059939,2.9895691893603478,1.5262552409112946,Gust,0.7276647384035475,1.1106021206147605,0.20068449141114508,0.17988038656592995,0.21483338796144466,0.20687905129723294,0.17988038656592995,0.19124607607012056,0.0408215567722893,-0.003936983028634132,-0.1614088795062135,-0.06886796841456624
BAlp4_A|SL,0.008081022152899953,101.1582353100016,2.0925337026261355,2.009273382280536,0.0012793799214051412,20.896112256310168,2.893000469045278,1.3403670109352739,0.00014249604556754126,0.22742368872579583,3.8461971846219196,0.08899450071719776,0.006664308802225625,9.150095985455785,2.176244887287091,1.0064701492203338,0.0042071829230838015,133.87256061252657,2.3760086048850413,2.1299236028468562,Olf,0.49800784711312046,1.0607186679691838,0.08456351308899519,0.1661904267173012,0.32973636484876223,0.10381059548332669,0.08456351308899519,0.09930541668257745,1.013282485228784,-0.6854412795628809,-0.9727845892728466,0.4296832935331895
BAlp4_T-Mac|Mac-SL,0.00010185894829368624,1.2750703147403644,3.992000808017564,0.35699482377635294,4.527387648216925e-05,0.7394582245832704,4.344152308752021,0.2404140030457662,0.00018408661898067187,0.2938022438931523,3.734977776296275,0.11186790001947101,0.001597866879108253,2.1938712250156316,2.796459405023648,0.5043174016607734,0.00014400713216112024,4.582306945366846,3.841615995295117,0.7468137126639155,Thermo,0.8529246925128361,0.6369758562382396,0.33175066538868914,0.3550360717897659,0.31526282711471043,0.18452221192515747,0.18452221192515747,0.26275646086493143,-0.25917896321869965,-0.6750432360995281,0.026384304765933723,9.006933757317451
BAlp4_Tdl-S|V,0.00011165589899062478,1.397708543564641,3.952118323504567,0.3797963907668132,8.384283480841024e-05,1.3694050209257644,4.076534041010201,0.37463930441986,4.527357822530078e-05,0.07225663084758005,4.344155169822158,0.030298740601584263,8.403397717128769e-05,0.115378650656178,4.075545076455067,0.047422327450727955,9.31103774143088e-05,2.9627722093233064,4.031001908311281,0.5979991086508206,Olf,0.6693421695016339,0.4002660207443836,0.3265605582552608,0.32020956844116205,0.3945381273942498,0.3509760261402342,0.3265605582552608,0.3262328744042239,0.23737175083801756,-0.08304450180498603,-0.6153754446431884,-0.1981008479501394
BAlp4_Tdl|SL-V,0.0008757910148835431,10.963151924312193,3.057599514238909,1.0778456180297775,0.002262992044659666,36.96144906542632,2.6453169725729717,1.579342781971988,0.0002496498727540317,0.3984411969154346,3.6026686492281033,0.14564420943328146,0.0006142768277346618,0.8434020844796908,3.2116358664848805,0.2656200742450831,0.001526448032978977,48.57157640939105,2.8163179761280652,1.6952327299806775,Gust,0.47456634685405513,0.804500403734357,0.21015235275736907,0.13395813483351834,0.29804477882610897,0.23855120085535386,0.13395813483351834,0.1540718870124402,-0.41672846807308184,0.48736344266819115,-0.8725395914389248,-0.6477258795465696
BAlp4_Tdl|V,0.00014629024361835415,1.8312612696145574,3.8347846338861533,0.4519799480356443,0.000119924783748877,1.958731492970408,3.9210910523697478,0.4711055544095631,0.0001255479131416883,0.2003744693741345,3.90119049827786,0.07931674989189802,0.0001377439507618161,0.1891224443959735,3.8609274616169125,0.07522657639126776,0.0001316525546493889,4.189184288943554,3.8805707059186845,0.715099094524191,Gust,0.7231204007941969,0.5171027438399003,0.3112913385234377,0.2999809950702801,0.336892919737,0.32304676277230465,0.2999809950702801,0.3077500429958069,0.1461229324167752,-0.0727676739223746,-0.2459519872367279,-0.0707454720052879
BAlp4_V|L,0.00015587306823587876,1.9512190681767305,3.8072289129866776,0.4700014482560136,0.00015059758068481597,2.459710285325099,3.822182002035534,0.5390397326793062,0.0001464139108399423,0.23367660170054794,3.8344176558713987,0.09120132784614791,0.00015441301008808358,0.21200906285093873,3.811316108108538,0.08350586729845007,0.00015268326698268642,4.858381555389082,3.8162085531265357,0.7677776537920896,Gust,0.7167319548068088,0.5502907786593897,0.3077053747763567,0.28710946577694013,0.328203435871467,0.3165905892693993,0.28710946577694013,0.29864838636318836,0.05093656280834347,0.0020449263874815445,-0.24323433258075405,-0.10353029413907171
BAlv_3-NA,1.8010954043494795e-05,0.22546112271646784,4.744463257801075,0.08829953798097406,1.7861946939277334e-05,0.29173917935921667,4.748071180769515,0.11117483223491197,2.7345773663540862e-05,0.043643854767011214,4.563109769223488,0.018552320220393544,1.9038867394891708e-05,0.026140364933186316,4.720358868160525,0.011206771639763996,1.8460182291385755e-05,0.5874030005118948,4.733763991173475,0.20068719687457282,Gust,0.755115257246468,0.15154196429401562,0.4296723665050179,0.40760005431450347,0.42303178424954024,0.4348888691069958,0.40760005431450347,0.41844069458404576,0.004729524886955926,-0.01665701875991106,0.1694356355870908,-0.08546597667913226
BAlv_IC|SL,0.00011630581512202435,1.455916193697501,3.934398566900585,0.39021354274774545,8.086658382855238e-05,1.320793913671746,4.092230897700973,0.365636576850174,0.00016973580826293332,0.2708983499876416,3.7702265246552464,0.10411081585308955,0.00011316965890468613,0.15538194167613406,3.9462699892439654,0.0627255753469066,0.00010116647290080033,3.2191171677034665,3.994963386826328,0.6252215861973602,Olf,0.778613494213882,0.4868059638870725,0.32425459772456805,0.3222522788910746,0.31984992299241827,0.33415281262929436,0.32425459772456805,0.3235365606690483,0.18900830600388918,-0.1841386927923831,0.33024181142222986,-0.0037696286531092218
BAlv_S-S*|N*,3.7389381409432335e-05,0.46804027648327395,4.427251708378564,0.16673797084877437,8.482607531544612e-05,1.3854642881271815,4.071470621103494,0.3775729192871494,3.217574938709792e-05,0.051352496021808275,4.492471315902184,0.021748350101394504,3.5344121822326294e-05,0.048527479262054,4.451682792278269,0.020579816714089632,6.0774639998813085e-05,1.933849044762232,4.216277597893018,0.4674377643425225,Gust,0.5579224616233509,0.2607940281376959,0.3883920414308093,0.3195506402901643,0.41383924910650605,0.39992470789573575,0.3195506402901643,0.3405208353001639,-0.37324236978899294,0.40328054575170225,-0.5865207853219461,-0.4898300704330954
BAlv_T-S|V-V*,0.0005853393625419613,7.3272781403002725,3.232592268993243,0.920503070816607,0.0009400944014566108,15.354561858990825,3.0268285332009164,1.2136389138066805,0.0004890661979116546,0.7805496518670008,3.3106323517635046,0.25055408878319846,0.000530781015743742,0.7287623346161577,3.275084617968242,0.23773529179364938,0.0007555519764608297,24.0416638909836,3.1217356534322462,1.3986631821528077,Gust,0.6251177732111306,0.8743292138997572,0.23292503494703443,0.18360614188421165,0.26004063517259485,0.24680810414766494,0.18360614188421165,0.2029145805239183,-0.20769886838218124,0.2557922344918969,-0.4925142456738008,-0.38135110895458973
BAlv_Tvmot,0.0001387038374404359,1.7362946370793768,3.85791152025019,0.43716285926457366,0.002040300670986041,33.324230859215014,2.690305827396476,1.5356008143038042,6.046706159271147e-05,0.09650543030196751,4.218481128314215,0.04001078680637326,0.0001121424669702294,0.15397160715012498,3.950229890416426,0.06219512336934688,0.0010853043558325375,34.534384602591345,2.9644484535599864,1.5506487985736335,Gust,0.1750052216901479,0.27137163675794024,0.31430095588699125,0.13981275946875504,0.37818353596691356,0.3346681343694975,0.13981275946875504,0.14989373037653272,-0.8713773288251095,0.867183501172749,-0.9570145403646696,-0.910454149576385
BAlv_T|T*,8.126928591368444e-05,1.0173289210675018,4.090073550888373,0.30477671475138146,0.0007398765080947371,12.08440300671134,3.1308407612071507,1.1167539121646122,4.3541612623606814e-05,0.06949241374727648,4.361095480328393,0.02917770832841528,6.951670050688515e-05,0.0954464297959533,4.157910842879061,0.039591144276579594,0.00040846121352173723,12.997235814261678,3.3888491756527146,1.1460422793110756,Gust,0.24883552520969268,0.2851760324848848,0.3445133618100414,0.19714177320534965,0.39674265470679093,0.36169469517721825,0.19714177320534965,0.210672079209125,-0.7994126282193941,0.8021882893921176,-0.9176136397918001,-0.8522550631402963
BAlv_V-L|V*-L*,0.0004533197582973951,5.674656734366792,3.343595350504956,0.8244289356240765,0.0004267390905075533,6.969929565259868,3.3698375716979996,0.9014544833090181,0.0004643784657591813,0.7411480313516534,3.3331279267122804,0.24083569614098424,0.00046299611409615843,0.6356936646540257,3.334422653041182,0.2137019715800839,0.0004410107951913268,14.032963502988018,3.3555507786298326,1.1770446030837616,Gust,0.727997685448098,0.8568857467141535,0.24737042099109371,0.22824362320646793,0.2629680968249441,0.2545300593587381,0.22824362320646793,0.23901172101309487,0.05864779775289333,-0.016502958052926946,-0.16863337751505353,-0.0689553529816436
BAlv_V-S,6.954869142882028e-05,0.8706105193059722,4.1577110306796445,0.2719833722545094,7.906812305106967e-05,1.2914196537931208,4.101998565033705,0.3601046337710557,7.613768547685677e-05,0.12151574602106341,4.118400323812693,0.04980537543307846,6.838188130668186e-05,0.09388832303407418,4.165058948813568,0.03897298637974007,7.459926851005101e-05,2.373748723989823,4.12726542519901,0.5281127333069121,Gust,0.706196415496365,0.3729513192393291,0.35331536526189217,0.3235233942821944,0.36515952044467814,0.36262491394503593,0.3235233942821944,0.3381054271948361,-0.04210138464233539,0.07472114279563036,-0.1960965078630335,-0.18900544411664572
BAmas1/2_A-Tdl|T-T*,0.001240132003309267,15.523972417425405,2.9065320844411113,1.218114461360834,0.0018570451999556524,30.33111925087567,2.731177525292687,1.4959759095895506,2.880644410875744e-05,0.04597508479757688,4.54051033300414,0.019521339728387533,0.0005885402388278867,0.8080657479106885,3.230223838108982,0.2572142189687909,0.0014579862246846082,46.393121669464236,2.836246578992958,1.6757153155610292,Gust,0.5218802317362949,0.8745226972090485,0.19049319273771906,0.14513159788608881,0.4200908066107156,0.24097014654793655,0.14513159788608881,0.162136351051006,-0.13062887880009444,0.28476456490737573,-0.9845189430183419,-0.6447289927796392
BAmas1/2_T-S,1.3535726326281976e-05,0.1694402221523978,4.868518402966685,0.06797802704054023,0.0007321522132796414,11.958242099496381,3.135398619830206,1.112546089631005,3.1597572530954526e-06,0.005042972575940342,5.500346143129326,0.0021846312625944326,9.299358342642228e-06,0.012768019004447777,5.031546970106192,0.005509978821397364,0.0003724977289575842,11.85287773543033,3.4288763695462894,1.109000376281718,Gust,0.06156080625491392,0.06827095730090547,0.44581628285638475,0.1977349101385557,0.5449990400340164,0.4753853328420942,0.1977349101385557,0.20163193194258297,-0.9635073416070041,0.9480006487854916,-0.9934694265324993,-0.9784114620242198
BAmas1/2_T-S|S*,0.00027574803847669376,3.451813945651252,3.5594875666392873,0.6485370056030445,0.001208611120722841,19.740245434766162,2.9177134136614202,1.316813891413385,0.00010787669186316311,0.17217120021360832,3.96707237602425,0.06899104673169297,0.00019839385502170908,0.2723947629448066,3.7024717814620063,0.10462187292443882,0.0007306367017301367,23.24885984905295,3.1362985152711,1.384691323437021,Gust,0.3741569667550177,0.5180919054691869,0.27546555459906336,0.16940644577194305,0.3454664579162414,0.3024261327903336,0.16940644577194305,0.18771035482565535,-0.6179976308709147,0.6523574063576674,-0.8854342224685642,-0.7633382058826467
BAmas1/2_Tdl|T,0.000834990110862432,10.452406207775923,3.0783186674972476,1.0588967437039902,0.002461256149636916,40.19969669201974,2.608843185558006,1.6148940188130614,9.064543849426792e-05,0.14467011983685163,4.042654041014659,0.05868034626000607,0.0007235330015493542,0.9934108111272633,3.1405416545958262,0.2995968092977439,0.001605893299530011,51.09952479104495,2.794283313684014,1.7168337620410188,Gust,0.4413927943161275,0.7577980516035547,0.21284863977252863,0.1292116185499647,0.35530227791123875,0.22929935557097608,0.1292116185499647,0.14864280894536333,-0.4720740922055603,0.5357207013116295,-0.9560649363330334,-0.6060906406652995
BAmas1/2_Tdm|SM-IA-SM*-IA*,0.0010272672506505824,12.85933144364399,2.9883165565798517,1.1417422809728148,0.005828957948562938,95.20437017387847,2.2344090776945627,1.98319480072068,0.0005651879431055086,0.9020399571963916,3.247807110560729,0.27921963615956025,0.0008489154820039142,1.1655609567913743,3.0711355454358262,0.33557041287562217,0.0033990306223674743,108.15715440373302,2.4686449226485965,2.03805220560848,Gust,0.3348212587827238,0.6823832049467379,0.2011362150427265,0.08048463581679025,0.2518648723908249,0.22026719153572336,0.08048463581679025,0.09745542898960854,-0.6945699499901213,0.7103422472238728,-0.8711765661420187,-0.7826602886372378
BAmas1/2_Tin|Tdm,0.0003378734081665749,4.229499323429185,3.47124598610803,0.7184601111463211,0.0028222130140349083,46.095205158232154,2.5494102096593276,1.6729766931305365,0.0001566347299129104,0.249989028941005,3.805111934669744,0.09690620125502306,0.0002720067801920572,0.3734653092036946,3.5654202687688135,0.1378176945453143,0.001569129539465545,49.929701945793646,2.804341201481853,1.7069711345764158,Gust,0.25917434682521634,0.44240312885334104,0.2639822364915614,0.1214773082145071,0.3243897358345648,0.28459093414707276,0.1214773082145071,0.13549876994670854,-0.7828476094976241,0.7900459241127169,-0.9228257661005596,-0.8494652924124005
BAmas1/2_Tvlat|Tvmed,0.0001190584408395817,1.4903735624298837,3.924239805514315,0.39626449726980084,0.0015974649296183136,26.091394695455918,2.7965686671953067,1.4328313635768706,4.461970302833554e-05,0.07121304603322351,4.350473314807156,0.02987585319900318,8.705857221691553e-05,0.11953141965382501,4.060188454673429,0.04903628656247997,0.0008537978523183123,27.167847660768697,3.068644941465995,1.4497536632881134,Gust,0.18349324310475204,0.26602000137973064,0.32293258730867996,0.15364127415616186,0.3953603391936674,0.3489775921603184,0.15364127415616186,0.16418658126225658,-0.8596268284312398,0.8587416688490614,-0.9596703679683525,-0.9116143472608254
BAmas1/2_Tvlat|Tvmid,7.993193083596494e-05,1.0005879102046091,4.09727969065128,0.3011576399829089,0.0006674215926345075,10.900996872499412,3.1755997463707644,1.0755833410642082,1.880034039610068e-05,0.030005343272176684,4.725834264295019,0.012839477664009667,5.5632466035227673e-05,0.07638337586636759,4.254671680738131,0.03196698171039465,0.00036977333636828945,11.76618756323897,3.4320644069985993,1.1060612208772185,Gust,0.24670861009765305,0.2728748264855318,0.34545113281013423,0.20296648375233114,0.4442079364618989,0.37428666683949513,0.20296648375233114,0.2165318837550913,-0.7820335359109886,0.7961119772705755,-0.960698534024898,-0.8693696777492355
BAmas1/2_Tv|Tdm,6.804772497590457e-05,0.8518214212483735,4.167186383504261,0.26759910356308236,0.0008086322667874622,13.20739081343962,3.092248932502182,1.1525143270920708,3.306389387347283e-05,0.052769974622062635,4.480645988561795,0.022333490211840605,5.6376406488304785e-05,0.07740480610844247,4.248902602421767,0.03237890852358058,0.00043641504863855006,13.886726847678663,3.360100281314035,1.1727992196961372,Gust,0.20547612276106605,0.24098223644036595,0.35454844030441535,0.19211962556586576,0.4123003601297054,0.37353590783115626,0.19211962556586576,0.20367909374956583,-0.8429676710250678,0.8415788117631885,-0.9415071041986209,-0.8879739138623921
BAmas1/2_Tv|Tin*,5.581143086860353e-05,0.6986474916131791,4.253276835310677,0.23010326213495347,0.0012147082900676516,19.839830501674953,2.9155280041975735,1.3188941823584552,2.4177816685892303e-05,0.03858779543068412,4.616582901562372,0.01644321484265925,4.486325993280395e-05,0.06159725588773983,4.348109162459422,0.025959787254313717,0.0006337557282134444,20.166107271751798,3.1980781015764967,1.3256409928399493,Gust,0.13103881592368186,0.17371042604164097,0.3657518212746989,0.16912204751074456,0.4299905103416509,0.386446153549838,0.16912204751074456,0.17691459712101623,-0.911451605298115,0.9019246696373705,-0.9705931654327249,-0.9387092868073373
BAmas1/2_Tv|Tv*,0.00015677332504491598,1.9624884829122582,3.8047278277290575,0.4716566706409868,0.001719186266412414,28.07946928931396,2.7646770665782876,1.4635864762301352,9.66181712736719e-05,0.15420260135278036,4.01494118232214,0.06228204879077327,0.00013346325448255754,0.1832450484045515,3.874638285892657,0.07307469572606212,0.0009346762736812185,29.74139902853637,3.029338781067422,1.4877236281782862,Gust,0.22173039245721457,0.32987354394384255,0.3073798960456458,0.14949106070080667,0.3516958650374154,0.32483102089332355,0.14949106070080667,0.16177456994295744,-0.8310212878910797,0.8287171605490764,-0.9201651889323972,-0.8761295119344167
BAmas1/2_T|S,9.912971708381047e-05,1.2409057984551395,4.003796128915185,0.35042360036772285,0.00013948434678369632,2.278197836018112,3.8554745239499235,0.5156351592705904,0.00010981009862300337,0.17525691740231336,3.9593577144503547,0.07013281606604439,9.693380110485246e-05,0.1330901089169624,4.013524752281028,0.05426444847708584,0.00011977794901268119,3.8113343375835154,3.92162312409368,0.6822655368906165,Gust,0.6722885222295524,0.4586792895643447,0.3332856494770517,0.2914419881257266,0.34446251043013104,0.3429050112362276,0.2914419881257266,0.30922548964685465,-0.15192675619300655,0.17765681271647665,-0.2798127326599362,-0.2859131265215357
BAmas1/2_T|S-N-S*-N*,0.00020988800529455118,2.627378050277192,3.678012377753547,0.5595928207012419,0.0011311591081758113,18.475221713835527,2.946476302787173,1.2894824105575535,0.00013626457590900135,0.21747826315076613,3.8656170278952207,0.08546121606494848,0.00017929019715719018,0.2461654406968221,3.7464434527836357,0.09557570300702381,0.0006658744005904528,21.18812342678821,3.176607680499708,1.3461205730813224,Gust,0.3508651074610264,0.4723067395296766,0.2908897809270867,0.17314950435649357,0.3322635661586498,0.3081483862502648,0.17314950435649357,0.19063906520253834,-0.6813219050065458,0.6949311832178243,-0.8413934116581036,-0.7655946883577309
BAmas1/2_T|SM,0.00035725296321535726,4.472092593529842,3.447024159074341,0.7381534374910887,0.0028221931153229953,46.09488015257048,2.5494132717709403,1.6729736960387518,0.0002292184752648533,0.36583268652270584,3.6397503787793926,0.13539750185623398,0.00031898585985227573,0.43796758557717463,3.4962285667544943,0.1577490963642274,0.0015827476569972689,50.363030445653095,2.800588320434585,1.7106506394182466,Gust,0.27814650601934904,0.4758114983739506,0.26083012902365166,0.12147770670240268,0.3028704097117998,0.2755866719857841,0.12147770670240268,0.1362147060226864,-0.7722812271838597,0.7753071572264614,-0.887992713339332,-0.8249183065796265
BAmas1/2_T|SM-SL,0.00030524534913237817,3.8210612804391095,3.5153509430333036,0.6831426518288708,0.0006827185484626485,11.150842052040437,3.165758297207163,1.0846063755378625,0.00010099026407147196,0.16118046145806925,3.9957204878956243,0.06489971958786998,0.0005386066258539745,0.739506897297507,3.2687283074629256,0.24042615510275617,0.0004940479549087087,15.720605925195109,3.3062308932308384,1.2232520114523147,Gust,0.5628935126569892,0.688560621591121,0.2697218350735608,0.20168576676263025,0.34919457996276076,0.24598092567824997,0.20168576676263025,0.22162593321488291,-0.3702903708539543,0.38994226748217736,-0.8402854622181433,-0.04322618260860233
BAmas1/2_T|SM-SL-SM*-SL*,0.00034707735588028634,4.344714340909424,3.459573718517331,0.7279244984162642,0.002700749084148052,44.111334791390135,2.5685157623499353,1.6542856775512447,8.293070993605346e-05,0.13235741305794133,4.081284611546636,0.05398352757603237,0.00036843942038250975,0.5058673241851859,3.4336339084074576,0.17778670963856683,0.0015125470980765754,48.12924866079663,2.8202910930056855,1.6913401224705609,Gust,0.26967014818259144,0.4561039414537985,0.26246326594533004,0.12396360931932662,0.36032946721839126,0.2674409161040112,0.12396360931932662,0.13833609400012853,-0.7685087738747799,0.7776909986176428,-0.9575969300124739,-0.7883975669277656
BAmas1/2_T|T*,6.871740252473266e-05,0.8602044448046033,4.162933258609068,0.2695606777507905,0.001326188479898674,21.660636442185044,2.8773947486332307,1.3552721032082025,2.0746056823585728e-05,0.033110706690442825,4.68306441596957,0.014146862399215658,4.851822713801046e-05,0.06661552586048836,4.314095067738186,0.02800790106677339,0.0006947531676977118,22.107045796141193,3.1581694637736306,1.3637444250790516,Gust,0.13890785191395394,0.18943480864736115,0.3539949598949712,0.16415957628704633,0.438642082237917,0.3820197293236276,0.16415957628704633,0.17242189872032768,-0.9005276582420585,0.8945437510382512,-0.9769779054724831,-0.9395234731073053
BAmas1/2_T|Tpos-S,0.0002120640886724641,2.6546182620019056,3.673532867445153,0.5628420200450934,0.0023634250988005456,38.60182213870931,2.626458156533799,1.597715168919981,3.883178782042828e-05,0.06197553336140353,4.41081260283672,0.02611451123835594,0.000148185595633381,0.2034588228046321,3.829194006927781,0.08043123517219106,0.0012771563543891437,40.63911519666255,2.893755931142244,1.61950149246939,Gust,0.20152786113571675,0.32637467188345726,0.2903068398518314,0.13150394280290342,0.4032125924585352,0.31891712963732,0.13150394280290342,0.14298057357180988,-0.8327641921847215,0.8393643547063878,-0.9765240492131788,-0.8993730189033856
BAmas1/2_T|Tv-Tv*,0.00026910535395256594,3.3686608207782203,3.5700776600838444,0.6403483277531679,0.0013256859765403183,21.65242905483302,2.8775593374489565,1.3551147789116578,0.00011459328544070844,0.1828908835633707,3.940840825188533,0.07294468473617807,0.00020231760509039162,0.2777820717891077,3.6939663223938015,0.10645679037173301,0.0007870694677144948,25.044550462675225,3.103986934034968,1.4157168657708497,Gust,0.35386815992526516,0.5009771222654942,0.276843696412479,0.16418099505262757,0.34205281504078383,0.30131927487207655,0.16418099505262757,0.18184649648706117,-0.6541944453548805,0.6811794386995634,-0.8871133825085191,-0.7761332399965127
BAmd1_IA-SMal|SM-SM*,0.001460873778421048,18.28721795827468,2.8353873058103876,1.2852695883227634,0.001107858059617375,18.094645687730583,2.955515878090774,1.2809116041971031,0.001678920386297464,2.6795569365307528,2.774969897177706,0.565795527476719,0.0019155646270642048,2.630070232959153,2.717703191037637,0.5599150276508615,0.0013154925331037423,41.85897240336108,2.8809116123496565,1.632041754085653,Olf,0.7750571278240559,1.2649255944105604,0.18123476695039975,0.17432586949119552,0.19033220149290667,0.17427327199571568,0.18123476695039975,0.1783817584319964,0.1473723104368523,-0.14130373609817323,0.010870297558999407,0.2954921665345094
BAmd1_IA|IA-SL,0.0005566585118492889,6.968251251329398,3.2544111449801543,0.9013630196106216,0.00037485010991908266,6.122426845308377,3.4261423563090294,0.8526279972808293,0.0003632014846560202,0.5796695695110082,3.4398523836892454,0.19856625205198242,0.00047334355324058245,0.6499006985993196,3.324823532514718,0.2174578064271589,0.00045205791985353293,14.384483009739416,3.344805916747228,1.1870829065119863,Olf,0.7097744862349129,0.8425611600877922,0.23576443437978917,0.23557084636781875,0.2768566840639586,0.2532808778062999,0.23576443437978917,0.23813999702342414,0.27285050714292136,-0.1541176384265084,-0.3633366895074514,-0.06800984688905845
BAmd1_L*-IA*|L*,0.00010546205514457989,1.320174006299851,3.976903765684812,0.36552055693486807,9.449903602540375e-05,1.5434527554029194,4.024572617064115,0.4054236750287566,9.818907583669724e-05,0.15670976503536882,4.007936823143868,0.06322440194585308,0.00010445045009906383,0.14341046798601464,3.9810896800550353,0.05820216388643325,9.955740966023788e-05,3.1679167753887696,4.001926407268287,0.6199190384224006,Gust,0.7241933506214836,0.44894124554916653,0.32978601178042777,0.3134475685211775,0.35078435275376124,0.33868407310288423,0.3134475685211775,0.32325865827088374,0.09152473210486738,-0.03477511637089489,-0.2209341187064853,-0.06911940378178524
BAmd1_L|L*,0.00023026006792426353,2.882395530275931,3.6377813696755856,0.5890997783129945,0.00021213367750911555,3.4647793547563843,3.6733903770772263,0.6498000013254581,0.00022641006998650373,0.3613504716984599,3.6451042591242735,0.13396994616623248,0.00023835157169007148,0.3272567079304681,3.622781978167959,0.12295492893489407,0.00022134856979433146,7.043311490855627,3.6549232778330403,0.9054348878173348,Gust,0.7282772586035811,0.6594076379436495,0.28565431867943286,0.2677464676207237,0.3035671369320017,0.2920557002160253,0.2677464676207237,0.2780533083337217,0.07163119116273574,-0.025683361474129706,-0.19221437821610204,-0.04480718068868994
BAmd1_L|V*,0.0001350365896843827,1.6903880296691027,3.869548535363345,0.42981492200646754,0.0001126479422994181,1.8398788415763958,3.948276733117848,0.45329981203392933,0.00012880991160175146,0.2055806189163953,3.8900507144405547,0.0811962575835166,0.0001400287056160989,0.19225941281090378,3.8537829225577216,0.07637075984626766,0.00012373270833365425,3.9371747791768783,3.9075154773692335,0.6934785017969061,Gust,0.735898181685892,0.5103295685105999,0.3158153388520474,0.3035188036421567,0.33544324396416775,0.3221170081798073,0.3035188036421567,0.3113914615846361,0.1256600647965606,-0.07329215120285179,-0.17685045599608154,0.005122936108426408
BAmd1_Tdl*|SL*,0.0014479557848739815,18.125510515052497,2.8392446993571867,1.2816130365530336,0.0014610238934785027,23.862903252184385,2.8353426812899993,1.3955518400250315,0.0007788943787911372,1.243115428550655,3.1085214298547954,0.3508516225320365,0.0011465017133715715,1.5741468524591675,2.940625291530155,0.41063331933348957,0.001406865078065205,44.76644678403483,2.8517475502035547,1.6605471959757292,Gust,0.6627369246359226,1.1005059418737595,0.18173674886070823,0.1586871304913892,0.23373893029259146,0.20328323960663486,0.1586871304913892,0.1716605978387851,0.05818441703990112,0.05372470094994435,-0.5636265759779464,-0.2785153741607844
BAmd1_V*-IA*|IA*-SL**,0.0006135061563441774,7.679870065116412,3.2121810741966668,0.9385132239754186,0.0004707954470042158,7.6895020359198565,3.3271677448859687,0.9389948893084246,0.0005021427155963627,0.8014197740917948,3.29917283221461,0.25561492566199473,0.0005780670627766296,0.7936860771923124,3.238021774488495,0.25374643710674205,0.0005348012796616071,17.017376718832338,3.271807561425754,1.2556915591475193,Gust,0.7248830429007176,0.9102295183396002,0.23026882410638377,0.2226907852821631,0.2585493505928442,0.24198493100089966,0.2226907852821631,0.22871806251075777,0.18417945342145764,-0.10320199930150645,-0.25698184486762515,-0.03922181706167141
BAmd1_V*|SM*-SL*,0.0004072669333968678,5.098167472261991,3.390120848425937,0.7851993471006201,0.0003162013827863203,5.164517185048969,3.50003623380467,0.7898990676178512,0.00031721681226274637,0.5062780323713432,3.4986438020804087,0.17790514236933647,0.0003838338427562172,0.5270038661042862,3.415856734893504,0.18384013661479215,0.00035603520045581253,11.329040078503954,3.448507060897261,1.0909292643623538,Gust,0.7206576419727616,0.7861865112144534,0.2534250166762571,0.24518702613670493,0.28450750531299346,0.265127483623723,0.24518702613670493,0.25159767263291083,0.18057844222085093,-0.09542778494508139,-0.2950707084197177,-0.04191228023517714
BAmd1_VL-SL|SL*-VL*,0.00011431062890849251,1.4309404526765093,3.941913382063626,0.38577432067355266,0.0001312881046713704,2.1443286135974926,3.881774617972051,0.49752792782991406,6.152633267945395e-05,0.09819602695640851,4.2109389635113885,0.0406798681895761,8.97560259746046e-05,0.1232350236631321,4.046936379586061,0.05047063676088208,0.00011901619139782505,3.7870952102787934,3.924393947929947,0.6800720652274052,Gust,0.6464906692364801,0.4396602445779003,0.32523253819794506,0.29486455086876723,0.37720203634815525,0.34725303336505925,0.29486455086876723,0.3101399451779162,-0.014130537553837636,0.11743420187331154,-0.5932126003407124,-0.333434660035343
BAmd2_IA-M-SM,0.0016743172647021064,20.959103519540967,2.7761622442589355,1.3416146060665919,0.0012395022900041708,20.24479090263812,2.9067526661776846,1.3272524609949692,0.0011024677803308353,1.7595385774080134,2.957634093555986,0.440836469732436,0.0014442190412574615,1.9829127436464948,2.8403669330618513,0.47464054953803125,0.0014171936286608393,45.095101263987914,2.8485708085046544,1.6636547733926075,Olf,0.7065835427464978,1.1755110836908707,0.17352751354857754,0.1679800688950335,0.21410320674048347,0.19023611809888183,0.17352751354857754,0.1733544037093038,0.2197826823074857,-0.10883971831789344,-0.38427856036665164,-0.09400857752359187
BAmd2_IA-V|Vpd,0.0003497290302082825,4.37790800014728,3.4562683151593196,0.7306133684766979,0.0002856031749166743,4.664756655914041,3.544236967500143,0.7531812583717648,0.0003384850715945213,0.540222174264856,3.4704604792174667,0.18758337154927288,0.000336861399174595,0.4625107010667189,3.4725487505255193,0.16509905246172168,0.0003164868179837401,10.070610548242609,3.4996443727298217,1.0441715730395895,Gust,0.7336693622890453,0.766076692112305,0.26203311727839634,0.25093908862872133,0.2808398685842185,0.2725050990940997,0.25093908862872133,0.25837495281676476,0.13999685073884197,-0.08124697958130409,-0.15416597794036746,-0.054482594843114844
BAmd2_SM|N-ncc,0.0004960362567575839,6.209381862091435,3.3044865776054997,0.8578980295750274,0.000943256728159315,15.406212141026092,3.0253700878748235,1.2150083229092934,0.0005342718153801364,0.8526978173466976,3.272237734882076,0.26780458987428785,0.0005239951506200864,0.7194453418013786,3.280672731402502,0.23538837490572687,0.0007230759663434282,23.008277249047886,3.140816072740196,1.3803609977048823,Gust,0.6158065038575471,0.8500352800579591,0.2422810008187134,0.18341634710128626,0.25504415169382344,0.2475353132910198,0.18341634710128626,0.20380298828092128,-0.2995225666497941,0.3145418580194999,-0.42161548958585887,-0.3628314865155079
BAmd2_SM|S-N,0.00014179408984368798,1.774978416663286,3.84834186765403,0.44325960959905947,0.00015507900082997473,2.5329053205559777,3.8094470030035503,0.5481319987959944,0.00015883814379318343,0.2535056774939208,3.7990451940759744,0.09812630534544943,0.00015737337095560075,0.21607363832203982,3.8030687496838023,0.0849598740720913,0.00015000671342859325,4.773213621297836,3.823889301117492,0.7614176276241147,Gust,0.7214312822530196,0.5493104954269172,0.31305560914367153,0.28545219667429533,0.3236002405456712,0.31551731927845345,0.28545219667429533,0.29909175532081556,-0.028148547321502394,0.0489590493228936,-0.16541567348226968,-0.07120617785041192
BAmd2_Tdl*|SL*,0.00031985176127793816,4.00390434767723,3.4950512521201698,0.699308999328137,0.0005504793119109164,8.990978601440997,3.2592589972325543,0.9996080288056631,0.00018755496916994657,0.29933773079523474,3.7268714226421227,0.1137220498850852,0.0024523399208898574,3.367062711381774,2.6104193318823157,0.6401894284708034,0.0005229530696242153,16.640366675442532,3.2815372826115206,1.2465076082031865,Gust,0.7724784408569698,0.9629002537011481,0.26708013479081355,0.21385348038699523,0.31420790677962457,0.1603118869540619,0.21385348038699523,0.21762728310185864,-0.371392742010525,0.0676660361432173,-0.7174255558289236,3.1500910426015825
BAmd2_Tdl|SL*,0.00020057828633326052,2.510838988319755,3.6977160812942524,0.5454109126075648,0.0003644120699990706,5.9519423392948205,3.438407245635755,0.8421061613361894,0.0004221831496165565,0.6738043067880242,3.374499103430717,0.22370468098690827,0.0007787875806064292,1.0692753481726274,3.1085809822711656,0.3158182839163473,0.0003195429228187869,10.167855804093797,3.4954707953286333,1.0479697978390194,Gust,0.7756486169907445,0.8128563243419056,0.29345392239295365,0.23716693774383626,0.2683519349189501,0.22514015346892732,0.23716693774383626,0.25181344305169157,-0.35646323334392066,0.15384103918060585,0.03839838850280486,1.1515665133259865
BAmd2_V-L|S,0.0009219544709285737,11.541026067083884,3.0352905248014577,1.0983330705491379,0.0009635490335800389,15.737646365462775,3.0161261793939294,1.2236943878055704,0.0008051926745680636,1.2850875086106295,3.0941001843234237,0.35890283625663705,0.0008888476632317608,1.2203878416172076,3.0511726645107045,0.34642884055992546,0.0009353246000628575,29.762028774000125,3.0290376426188237,1.4880149740519746,Gust,0.7003985737289923,1.0422035655133866,0.20724917241058904,0.18221339106849918,0.23186222150126978,0.21766932202086178,0.18221339106849918,0.19550944663539613,0.013592509890960627,0.04542172001963282,-0.32137884290113417,-0.15855145369331197
BAmd2_V-L|V*-S*,0.0004064620608296085,5.088092077465038,3.390979984158378,0.7844812121647131,0.00040693894297007916,6.646533755530303,3.3904707462686354,0.8834646100563841,0.00041619414800110003,0.6642458602097556,3.380704029541012,0.2212174853230952,0.00041034557048577646,0.5634044682769711,3.3868502491900916,0.19407134885511418,0.00040737138539276486,12.962557483197777,3.390009478939546,1.1449649740974672,Gust,0.7199917671054511,0.8243653549742824,0.2535368203050424,0.23092872138507886,0.269159412980076,0.26135272459846953,0.23092872138507886,0.2430845869920328,0.026781040595333733,0.014497216147032144,-0.19401407481438346,-0.10740615567183928
BAmd2_Vm|T*,0.00032468351006037207,4.0643881789357375,3.4885397663087865,0.7045269864067598,0.0008549358111631318,13.96366660372743,3.0680664904996635,1.1750380233851314,0.00029368085567576163,0.4687146456585155,3.5321243616523486,0.16693742556970645,0.0003124978158392547,0.4290595011472967,3.5051530123614314,0.15505031170347167,0.0005879567362834347,18.70878334853889,3.2306546287713305,1.2946598154857036,Gust,0.5281205107946335,0.6837364030595958,0.2662327625828995,0.18897264346899856,0.28886449794239866,0.276748054717378,0.18897264346899856,0.21002835340125448,-0.4382482705646624,0.4597600558016181,-0.6104766604079885,-0.5344380445522067
BAmd2_Vpv|N,8.757814205794811e-05,1.0963031822813945,4.0576042675046615,0.3214540936121694,7.975475788732207e-05,1.3026344605736313,4.098243393576837,0.3622249999026101,9.554884669962208e-05,0.15249595933259683,4.0197745460837275,0.061639411421657395,8.92366857512963e-05,0.12252196953652982,4.049456562910182,0.05019484959083123,8.414423586219842e-05,2.677469585135154,4.0749756240096895,0.5655490895402628,Gust,0.736145402734058,0.41632636228549663,0.3402879716076785,0.32303471504358816,0.3523248548319026,0.34758099742265963,0.32303471504358816,0.3329035726949776,0.07245884753592033,-0.036159234631395885,-0.10301739576891744,-0.05903243702939899
BAmd2_V|IP-IP*,0.00037111827741078443,4.645658596628199,3.4304876551434,0.7517146120178694,0.00037585463110094273,6.1388336897716975,3.4249800930606087,0.8536272645113668,0.0004084426471680057,0.6518744648801371,3.388868916690416,0.21797703978739133,0.00038526322577307564,0.5289664089864328,3.414242442250159,0.18439794417485492,0.0003760277523583453,11.965203080042548,3.4247801000575198,1.1127793237163326,Gust,0.7257740556235095,0.8076263627875888,0.25867815107990105,0.23541959523965536,0.2702219505715831,0.2649174076501227,0.23541959523965536,0.24765004687742465,0.015609241640036495,0.015074661814099886,-0.14312189664057695,-0.092141490447844
BAmd2_V|S-N,0.0011944188724130537,14.951735444866607,2.9228433427961047,1.2028079383730885,0.0013449192382617913,21.966565918529838,2.871303793725522,1.3610960620592614,0.0012525759686391512,1.999111245948085,2.902195924387244,0.47699257533116124,0.0011934130622593565,1.6385561344820962,2.92320921262029,0.4213663380949087,0.0012726823964638832,40.49675385548077,2.8952799625979453,1.6180141247171076,Gust,0.7054810861746734,1.1414783621513886,0.19261585834837963,0.16336692986840137,0.20688876057996092,0.20101679817275223,0.16336692986840137,0.17781655745027852,-0.0356360367154415,0.07162861830778526,-0.22471379956735632,-0.1702993794521951
BAmv1/2_IA-L|IA-IC-Mv,0.0006859554834559366,8.586790741901414,3.163704067212259,0.9816732478021447,0.00043396291169495426,7.0879162367136885,3.3625473845431806,0.9078366447934533,0.0004502807636417895,0.7186480987722961,3.346516605087605,0.2351869619654116,0.0006077858069517016,0.8344899129446863,3.216249445092244,0.2635153281036836,0.0005442911689399431,17.31934499566899,3.264168711204631,1.2629099415014817,Olf,0.7153034860922847,0.9033638837766131,0.22396026878869701,0.22729491469900462,0.2647104324891203,0.23915158890873367,0.22396026878869701,0.22776792563726966,0.3037792733674003,-0.18599975462550095,-0.34390731337894076,-0.005270480376585715
BAmv1/2_L|N,0.000827918390393439,10.36388241094507,3.082012469874818,1.055526731163015,0.0008185813622346156,13.369889389377978,3.0869381472261797,1.15745342521372,0.0008449585522082369,1.348553849324346,3.0731645934815712,0.37080052244828826,0.0008499252543870104,1.1669473742733654,3.0706192655801674,0.335848364323876,0.0008250927753349956,26.25445211115956,3.0834972151046767,1.4354374559475807,Gust,0.7223943027231755,1.0369518400919815,0.21332933274598306,0.19142850652246457,0.22913776838111816,0.22020000545656052,0.19142850652246457,0.20329189728261335,0.03278362975437319,0.007737567615288041,-0.19196367602721828,-0.08704607226818206
BAmv1/2_L|V,0.0008469078391191141,10.601592330093071,3.0721638467004175,1.0645176006677228,0.000797398442871317,13.02390876741722,3.0983246162015394,1.1468690777908048,0.00084770990289575,1.352945005021617,3.0717527428989047,0.3716117766045124,0.0008553466096863273,1.1743908950993276,3.067857861172898,0.33733762085622676,0.0008225422837925124,26.173295470277743,3.0848417668369255,1.4341423111366234,Gust,0.7255167771055449,1.0404943074865405,0.21204768216638475,0.19291028466580756,0.22895403720514176,0.21984065009323608,0.19291028466580756,0.2037419538076874,0.060367581820134845,-0.014720485781164841,-0.18634329449353065,-0.07783477921177946
BAmv1/2_V-S,0.0003224014343642246,4.035821155371363,3.49160303333911,0.7020702979619279,0.0003112697144852885,5.083968246688217,3.5068631312848053,0.7841869387267734,0.00029725844129161925,0.47442447230142426,3.526865802348968,0.16862253063292792,0.00031131293911216445,0.42743266540100183,3.5068028269483578,0.15455563093925234,0.0003150504559937854,10.024905509722252,3.5016198860861967,1.042374875982772,Gust,0.7137865289319486,0.7440331445736132,0.2666314008387608,0.24607544444222165,0.2881801753259594,0.2769627533391163,0.24607544444222165,0.25766415122136926,0.05340889209302949,0.003692462955384132,-0.25542598911069686,-0.12412224211091835
BAmv1/2_V-S|V-L,0.0003243783232994795,4.060567851062883,3.488948174040539,0.7041992521651368,0.00030844887215223564,5.037895428862464,3.510816812013161,0.7808855871466239,0.0003290992743104791,0.5252424417995246,3.4826730740380683,0.1833388815628728,0.00033233953879039464,0.45630218675921186,3.4784179858617126,0.16325150164251181,0.0003169998104224317,10.086933967641777,3.4989409961362603,1.0448114609340498,Gust,0.7263730479003414,0.7589228853598742,0.26628591072318714,0.2465899566849293,0.28242915461466667,0.27326889203624255,0.2465899566849293,0.2575993411164696,0.05373170574708492,-0.011161902029712609,-0.18044366791898475,-0.07037766912675705
BAmv1/2_V-VL|Vpd,0.0002468634501511371,3.0902366689919347,3.6075432038645125,0.6117484378517272,0.0002541836448971361,4.151581472104924,3.594852395265534,0.7119405725701837,0.0002408394663770615,0.3843797883377902,3.618272341917717,0.1412552500576256,0.0002425867380944852,0.3330715914037282,3.6151329433519592,0.12485347343238785,0.00025002928702184425,7.955931913035084,3.6020091158029,0.952110783220352,Gust,0.7112285347227704,0.6771683572435603,0.2817192749630192,0.25752592733534885,0.3000753653787044,0.2910602930680723,0.25752592733534885,0.2703773150496276,0.015599969334254107,0.03199422882292379,-0.24043104967650297,-0.14063185514823626
BAmv1/2_Vpd|N,0.00028847287585819485,3.611103459992883,3.539895014343849,0.6638048666566075,0.0002953208898644053,4.823476094155332,3.529705830155736,0.7651822969966275,0.00040660119869545086,0.6489355131179395,3.3908313442903424,0.2172036715058501,0.00032230413952808915,0.4425235835720664,3.4917341152231582,0.15912292209223175,0.00029945128194248423,9.528539791409848,3.5236738219230754,1.0223681428372318,Gust,0.7486758291635668,0.7654223170490804,0.2729158778005307,0.24904807906627913,0.270477331087857,0.275001786534477,0.24904807906627913,0.26076128168631624,-0.00841090759096813,0.001808485519690359,0.07144300449638159,-0.04602069893692223
BAmv1/2_Vpos,0.0004857188695457997,6.08022880897432,3.3136150235298234,0.8500472928407975,0.0003988605237273869,6.514588934039409,3.3991789437388094,0.8759052286273674,0.0005528008657867922,0.8822701817957204,3.2574312846634785,0.2746819623649813,0.0004940636597934854,0.6783494048964553,3.3062170880196,0.22488237891342666,0.00044605124324412947,14.1933505600282,3.3506152448438526,1.1816535585416061,Gust,0.7492703187912731,0.8853779385093116,0.24346893113166837,0.2320619626653337,0.25311731429042017,0.2508595281466422,0.2320619626653337,0.23917476336590437,0.12357166978439953,-0.08945662121354599,-0.019701853510247527,-0.01588686745661038
BAmv1/2_V|L,0.000539312502945716,6.751113911874474,3.2681595104893746,0.8893641194118299,0.0005057147288313788,8.25983866600291,3.2960943965922467,0.966603420043159,0.0005370455239390967,0.8571246562067985,3.269988897928342,0.26884105596690205,0.0005446198386439786,0.7477630384581826,3.2639065420431295,0.24248255068622343,0.0005226150820172082,16.629611909787563,3.281818060401618,1.2462427520444797,Gust,0.7255834419910254,0.9042531055848015,0.23755357792923706,0.2186470550931326,0.2547514992962104,0.24535344523397506,0.2186470550931326,0.22939319535315295,0.06281402306569053,-0.016473262859557993,-0.18866249747625294,-0.07582002078255722
BAmv1/2_V|S,0.0007100636253707007,8.888576462390432,3.1487027338955285,0.995133776023234,0.0007294207618581373,11.913629303428955,3.137021878715712,1.1110483154610287,0.0006506779637600649,1.0384820301610636,3.186633900420209,0.30930688736713613,0.0006466541892194875,0.8878562017983562,3.1893279039200055,0.2759689109663607,0.0007139011720241574,22.716335293808687,3.1463619044435625,1.375047581629984,Gust,0.7021639239183292,0.9655088054917187,0.2220080702732629,0.19794615293408213,0.24390409667181093,0.23564815414063683,0.19794615293408213,0.21092879917996069,0.022974353756805847,0.037073129914283486,-0.28136685873438366,-0.19779403402655807
BAmv1/2_V|S*,0.0006895886030605441,8.632270133111891,3.161409924147549,0.9837286536972626,0.0006384599331656588,10.427966088394705,3.194866351206715,1.0579689429773396,0.0006888009251438411,1.0993262765295704,3.1619062776129248,0.3220799417192788,0.0006901758131412942,0.947611391442997,3.161040263776807,0.28950230603937654,0.0006639833780501056,21.127951089554358,3.1778427918325374,1.3449412028248826,Gust,0.7265841375478275,0.977212943907055,0.2236617204803193,0.20547374337813065,0.24068616747076063,0.23196694208256605,0.20547374337813065,0.2159355291496599,0.06979135278972569,-0.022523248376771745,-0.18082556173040001,-0.07803368252173337
BAmv3_Ador|Mc-LH,0.016833571007567244,210.72264187272674,1.773823744701167,2.3257673044746654,0.0006542970732744794,10.686634097792073,3.184225021669068,1.0676894467270275,0.00012823654251584014,0.20466552185528086,3.8919881964573113,0.08086648078900496,0.004295093121719327,5.897162856120637,2.3670274157105693,0.8386704806909162,0.007324293195543975,233.0590094822093,2.1352342789125993,2.36932536280207,Olf,0.22768516451714074,0.5394602350242235,0.043088192623893705,0.20408893395572608,0.33569537818696876,0.12863807987391151,0.043088192623893705,0.053131413320297534,1.4227731538413753,-0.9070658660788798,-0.985851123350627,-0.4677013150652716
BAmv3_Aven|Mc-LH,0.009285494353481777,116.23581831688487,2.032194969715444,2.0690603191975607,0.00048693000057470717,7.953027699386693,3.312533466125831,0.9519699281399769,7.792783094161222e-05,0.1243728181828131,4.108307406256546,0.05091033795292033,0.0022757648981686215,3.1246252051855175,2.642872605311904,0.6153844913793083,0.004099425956441407,130.44373393396558,2.387276953272885,2.1187398876446255,Olf,0.25588431644712273,0.5421523078791987,0.07671133206452196,0.22078635341155542,0.3638460786156418,0.16453519370104033,0.07671133206452196,0.08813620397637477,1.3858641451416986,-0.8765272860101718,-0.9846500511959589,-0.49648271190643195
BAmv3_Tdl|SL,0.002452717309020616,30.703115274320073,2.61035250388203,1.5011019398193821,0.004066681914226144,66.42111570505563,2.3907597955974986,1.8287959350811245,0.0001486950635943599,0.2373173214965984,3.827703446104856,0.09248109275927435,0.0012419289801281052,1.7051684897158883,2.905903238286676,0.432194320043334,0.003088862418820751,98.2876021668763,2.510201435059931,1.996895022446409,Gust,0.5160997959597451,1.0305971136376222,0.1519498629375275,0.10083133653550326,0.32732968218159064,0.19876468519793125,0.10083133653550326,0.11890241941495888,-0.1893025223209144,0.32652460847430737,-0.9623225467757456,-0.6465285032881447
BAmv3_Tdl|SLpv-Mac,0.0002702857453423849,3.383436960195975,3.5681768564398992,0.641814765188088,0.00032230497032956527,5.26420708039279,3.4917329957462844,0.7968661060718184,0.00034463103603652286,0.5500311335142904,3.4626456131134176,0.1903404213816895,0.008762524994270996,12.03094681713408,2.0573707301901596,1.114975972314098,0.0006762462483893786,21.518155623750026,3.1698951305715313,1.352532816231238,Thermo,0.760993990652897,1.0292693453128112,0.27659633532973427,0.2441064842496182,0.27982288098154806,0.08834090701574902,0.08834090701574902,0.16193276222442635,-0.5830918029529795,-0.5093768054534761,-0.5924833663196082,10.638389123128826
BAmv3_T|SL,0.0005743810923948462,7.190102514598685,3.240799863977155,0.9132893378099773,0.0017823965782672205,29.11188331283851,2.7489956599931222,1.4787379188071876,0.00011983433802879868,0.1912556034939627,3.9214187152205806,0.07600495650958015,0.001002826937485818,1.3768813851680282,2.9987740083011722,0.3760075094301845,0.0011747020226414908,37.379018360452235,2.9300722830943178,1.584093862372072,Gust,0.4795852473606335,0.7597080468281715,0.23399313032259733,0.14745036085039157,0.33952531875458714,0.21085042288014946,0.14745036085039157,0.16715669149113443,-0.50335905952504,0.520934471044188,-0.920567665611003,-0.25335409892477895
BApd_IC|S-N,0.00025416585546167236,3.1816481786692146,3.594882791099996,0.6213474908226311,0.00023191950422310313,3.7879412624759436,3.6346627241755898,0.680148813927554,0.00039319429763474544,0.6275380990250536,3.405392788117168,0.21153116375493328,0.0003159917881952702,0.43385672519210594,3.5003242020446166,0.15650575763085522,0.0002528926884243508,8.047045345662841,3.5970637249796518,0.9565067670959388,Gust,0.7777017211941234,0.7438769591043382,0.2800717121443123,0.26270664449936787,0.2723722845843974,0.27611965748542766,0.26270664449936787,0.2710660705572916,0.036304843889286065,-0.06680720771086796,0.22899805069722837,0.10941090154356742
BApd_T,5.678203474647901e-05,0.7107975109564243,4.245789041228732,0.2331986097291056,0.0003480728318515637,5.68507356263159,3.458329872156913,0.8251061906061103,3.9953549150589255e-06,0.006376586444434045,5.398444526722678,0.0027605242694490784,3.787558704220174e-05,0.05200318100894299,4.421640615743742,0.022017053023558813,0.00019903667635331096,6.333347041562355,3.701066886884607,0.8653022379301788,Gust,0.28883449281497,0.24992913302422168,0.3647773971897179,0.23975956875182655,0.5317380731539904,0.3960151692438811,0.23975956875182655,0.2550750527889968,-0.7119259044237687,0.7427181865854068,-0.9844610280299066,-0.8345377444011872
BApd_Tlat|Tmed,0.0004575321229439444,5.727387115012296,3.3395784081290905,0.8278464190721997,0.006328847028039793,103.36905850897395,2.1986754012833893,2.018571765806989,0.00012492609518958468,0.19938204792257716,3.9033468310628896,0.07895754412948179,0.0004686510489716445,0.6434578902380679,3.3291504056378636,0.21575858078056775,0.0033796880799096905,107.54167470272635,2.4711233798971097,2.0355965180776376,Gust,0.18279131937289747,0.3720893732502875,0.24684767619386938,0.07583443382687136,0.33717353410459233,0.2538439554414096,0.07583443382687136,0.08625934236802475,-0.8637276402202211,0.8602639291423532,-0.9714758301649156,-0.8798061931353488
BApv_S,0.0002444941522730242,3.0605777981537177,3.6117315219457726,0.6085878357189811,0.0002465807999182138,4.027404205064186,3.6080407411217736,0.7013438040607475,0.0003454518602744038,0.5513411689979484,3.4616124630205416,0.19070731781332861,0.0002401995215569069,0.32979394309763316,3.619427860176688,0.12378435050944166,0.0002505210748417546,7.971580601464631,3.601155731925487,0.9528689632249169,Gust,0.7422787922786996,0.707294423222448,0.2822643217377137,0.259242192727097,0.2796884319939182,0.29161921207027847,0.259242192727097,0.2708384102142502,0.004609690155320414,-0.00011069151024957617,0.0881533030815257,-0.1501401031508574
BApv_T,7.182949123015634e-06,0.08991615712190971,5.14369714921118,0.03739309069310134,7.284924522936407e-05,1.1898467223312035,4.137574937512679,0.34041371759107986,2.6723815357631022e-06,0.004265120931077911,5.573101375058772,0.0018483795000395445,5.565444828749997e-06,0.007641355749873746,5.254500040096454,0.0033059835634612817,3.974743886902379e-05,1.264763504812337,4.400690838996499,0.35502285804093886,Gust,0.2238748052086194,0.07948067318852253,0.4816266690770819,0.3281531255248518,0.5544670421618226,0.5043993306686111,0.3281531255248518,0.34062672595142784,-0.8179081409172949,0.822537936307969,-0.9480650324672772,-0.8785118459855185
BApv_T-S|N,6.7252397760930354e-06,0.08418655151713261,5.1722921624992795,0.03510401589594689,0.00014756177794685555,2.4101265192059915,3.8310261177299596,0.5327704920639689,1.9882338215127917e-06,0.0031732211791344156,5.701532324332719,0.001375930534730063,4.889146282330604e-06,0.006712797845639919,5.3107668797048655,0.002905589619049265,7.68925862019238e-05,2.4467220929452154,4.114115526160525,0.5374062679260895,Gust,0.12640482537213787,0.06793074545108968,0.48534788113945176,0.28826039477534654,0.5711804037820709,0.5117216158570354,0.28826039477534654,0.2958436311360913,-0.9120617101542359,0.9041795766981908,-0.9800698135082939,-0.9449509807723016
BApv_T-V,4.074108063161166e-05,0.5099968473465147,4.389967445134463,0.1789760405504931,4.0575555147329145e-05,0.6627205422213269,4.391735518820008,0.22081926234648075,4.3112834026871915e-05,0.06880808310688757,4.36539341773893,0.028899729595770213,4.2672627639008577e-05,0.05858951774835877,4.369850603724841,0.02472758925227847,4.0865299078867435e-05,1.300333816689562,4.388645307656284,0.3617908639422067,Gust,0.7255339592644645,0.2624915579417004,0.38354005382294687,0.36122831284548035,0.39730196679293206,0.38927547601508944,0.36122831284548035,0.3731536782279713,0.026100441332187713,0.008522476405569412,-0.16758947130695956,-0.07454985480477185
BApv_Tcen|Tcen*,0.0004529495894724597,5.67002296101625,3.3439501286667093,0.8241273289428597,0.004811560885993062,78.58722395092468,2.317714014137184,1.9008433565197944,0.0001910075075984092,0.3048479821270611,3.718949560088605,0.11555991828809888,0.0003684657292286976,0.5059034462310018,3.4336028982110856,0.17779712716790064,0.002617354942397559,83.28423426709031,2.5821373780455517,1.925746345548304,Gust,0.2195610515181666,0.4228188925858522,0.2474165900472743,0.09132552374441513,0.3131769951939722,0.2674368805920976,0.09132552374441513,0.10357180044099615,-0.82564967855192,0.8277746458847233,-0.9436366260830416,-0.8778717049325833
BApv_Tdl,2.504887976474964e-06,0.0313561876895136,5.601211518488481,0.013408678506779407,1.0218331410279763e-05,0.16689600692409937,4.990619973487571,0.06703215370480688,3.280709685760211e-07,0.0005236012658473297,6.484030875413482,0.00022733762853255465,2.0039678551233045e-06,0.002751447865084297,5.698109032382235,0.0011932977285911137,6.231895630823512e-06,0.19829891897280413,5.205379758967595,0.07856516752511393,Gust,0.3749017415894542,0.029454218133432443,0.5411653016529493,0.43916414152376837,0.6730108529492499,0.5621283870057369,0.43916414152376837,0.45732118867005594,-0.5930007218751037,0.6385099977995305,-0.9591354431056159,-0.7196229943220622
BApv_Tv-S,0.0001670481399270735,2.0911086156071064,3.777158353247078,0.4901142656036004,0.0022131071267337144,36.146678700941756,2.6549975630914733,1.5699199893930793,8.301940071080716e-05,0.13249896353444823,4.080820400741061,0.054037813217782685,0.00013577109903208692,0.18641371897105533,3.867192663283042,0.07423615996821738,0.0011854491076489018,37.72099060538805,2.9261170855553567,1.5879464594047084,Gust,0.19032654840894492,0.3022283686767029,0.30379214247610176,0.13521791848339348,0.36026905714507595,0.32386208479290624,0.13521791848339348,0.1460459176479848,-0.8581331637165361,0.8548357472934822,-0.9459503985217768,-0.9007128865244763
BApv_Tv|Tv*,0.00019386452935642423,2.426796178483719,3.712501642595272,0.5348882739098062,0.002925786866522554,47.78687689091288,2.5337573137644305,1.6883030174880487,8.480000230176173e-05,0.1353408036736117,4.071604130833653,0.05512624649666194,0.0001568578518032248,0.21536583052582764,3.804493734258311,0.08470702218516199,0.0015540166763626773,49.44881064186039,2.808544324757937,1.7028509319650849,Gust,0.1718535205798415,0.29264092768086397,0.295378041417062,0.11944031860277814,0.35906969785805737,0.315702759646462,0.11944031860277814,0.12936162788623093,-0.874456923455587,0.8698246422251162,-0.9579017601064236,-0.9125324450107053
BApv_T|S,2.293118216165242e-08,0.000287052538299565,7.63955461706803,0.00012464744407302822,0.00017215184709467663,2.811756118597353,3.7640883106705365,0.5811251060964899,1.0065748827887042e-09,1.6064935129307719e-06,8.996722667297613,6.97690707441485e-07,1.2491789873275711e-08,1.7151227496007552e-05,7.903340564726797,7.4486195830847555e-06,8.617515061082528e-05,2.7420932924364605,4.064617943850541,0.5731146104983861,Gust,0.0008138768900292632,0.000466444736822759,0.8064250813656297,0.2795494432346535,0.9999999999998699,0.8491061930938351,0.2795494432346535,0.2796071115896369,-0.9997329819230655,0.9782887573839704,-0.9999910146556192,-0.999874747827255
BApv_T|T*,6.487745172858119e-05,0.8121359407383792,4.187906210086025,0.2581907739688596,0.0016046585875187334,26.208888709943473,2.7946173550938433,1.4347108042937173,3.790021465983278e-05,0.06048874259709312,4.421358318802142,0.025506062712163664,5.6226874232474214e-05,0.0771994983211871,4.250056051418608,0.032296142477691435,0.000833801928624707,26.531577368838178,3.0789371041432876,1.4398310941742192,Gust,0.12232335401629485,0.17612496865634217,0.35724481494251903,0.15338734015528363,0.4045849592086911,0.3736860119166878,0.15338734015528363,0.16066903858896073,-0.9217789403060244,0.9093095178329796,-0.9649695880741245,-0.9416259044576212
BApv_V*|S*,4.961741650206853e-05,0.6211108197728938,4.304365843727421,0.20981270440482425,5.827148532930167e-05,0.9517481698834841,4.234543904230401,0.2904237808073789,4.850392261730446e-05,0.07741226049721792,4.314223128688011,0.03238191332613322,4.800534525726246e-05,0.06591133903822136,4.318710393442469,0.02772108220667917,5.382049406223647e-05,1.7125681210603647,4.269052311741185,0.433380653484838,Gust,0.6923082596161474,0.30003300596539684,0.3724002893995247,0.3407721820362085,0.3906429212127548,0.3826203447354656,0.3407721820362085,0.35607558561894,-0.05330572284914883,0.09722444193275011,-0.29054291695584633,-0.21130059467143222
BLAd1-4_Mac-SL,0.00027195322137500157,3.4043104251722696,3.565505790860979,0.6438779213778685,0.00013303117131416558,2.1727981210742664,3.876046581756406,0.5014424396728387,0.004349045110078092,6.941075995684635,2.3616060875311047,0.8998793522165225,0.0017406556887438426,2.3899202606452956,2.7592871259719414,0.5301894826369962,0.0004763637744219554,15.15789530210662,3.3220612713968705,1.2083847897176274,Vis,0.9141837801359076,1.1046857749227945,0.2762487362098627,0.2941191328742171,0.13653910200712222,0.17968479738020413,0.13653910200712222,0.19832558277915247,-0.40267475986134565,-0.711640771652087,6.322919053263505,2.292121417834607
BLAd1-4_SL,0.000785972670414989,9.838805888254832,3.1045925542913873,1.034981438594662,0.0004407121112053333,7.1981509123167084,3.3558450134981257,0.9137159085868696,0.0008509573069248739,1.3581278618520987,3.0700922276918337,0.37256734961035365,0.0008346736886395152,1.1460069745020545,3.078483275997337,0.3316311290851206,0.0006186496928689154,19.68543322708889,3.2085551976431557,1.315664621009334,Olf,0.7682504159502385,1.0107598923414336,0.2162677920379476,0.22642270164115247,0.2287379460581979,0.2212233884544328,0.2162677920379476,0.22116576730337847,0.31703622321246366,-0.27119886382659697,0.0931297368613275,0.20435164372555048
BLAd1-4_SLpos|SLant,0.00027737929900499076,3.4722340649444745,3.5569259521633976,0.6505245253018056,0.00010564078303359799,1.725430909287756,3.9761683842522997,0.4354351769726301,0.00039012090939193874,0.6226329713895342,3.4088007709790262,0.2102202964582106,0.0002739722508812465,0.3761639004599514,3.5622934206288717,0.138670161244227,0.00019704648859072767,6.270019266956955,3.7054312977430937,0.8615355618249252,Olf,0.7801507631517433,0.6721276260400812,0.27513219889851576,0.3071484836704617,0.2728157824350934,0.2841840217634932,0.27513219889851576,0.2843640122294619,0.46578192612382874,-0.44907724759917517,0.580404313198533,0.24666051778150705
BLAd1-4_SL|SMal,0.0006686682565648226,8.37038923567845,3.1747892927588897,0.9717576313783155,0.00038578796905948767,6.301074898648611,3.4136513189892805,0.8633868037075932,0.0013255777384802137,2.115622070614421,2.877594797665124,0.4935447716574379,0.0014577698448234554,2.0015179969426042,2.836311037457632,0.47734095170636276,0.0005956877304900815,18.954783584194395,3.224981344337997,1.3000470220874771,Olf,0.8736053653618387,1.135728053718301,0.22540284461835677,0.2339453252226649,0.2036872929469894,0.18970830412327458,0.22540284461835677,0.22202003050431712,0.16534705994996443,-0.33647538450764575,0.7710199057969329,1.187660130984445
BLAd1-4_SM|SM-Mv,0.0005617362951503854,7.031814942692525,3.25046751361976,0.9048136935393228,0.0006250313614559075,10.208637226659338,3.2040981903362256,1.0495528132266012,0.000588347175989337,0.9390020928789818,3.2303663260394275,0.2875782778385313,0.000635541675737808,0.8725987207880104,3.1968559645690253,0.2724447223732858,0.0005980489149448305,19.029916473544507,3.223263292506412,1.3016791382524204,Gust,0.7154210935878992,0.9312487125891008,0.235251229911584,0.206675128765872,0.24959521589219097,0.23662781831533553,0.206675128765872,0.22070934258532712,-0.034549968672112664,0.060139228828379306,-0.22481626641396552,-0.0594374952838829
BLAd1-4_VL|SM,0.00017589496175893313,2.201853131298325,3.754746597593839,0.5054014069931596,0.0001435436853425597,2.344499012700028,3.84301590485252,0.5243310720844383,0.00013764140418543846,0.21967568107995977,3.861250902302438,0.08624436457466593,0.00017092330145582565,0.2346776928988486,3.767198724651436,0.09155360175438956,0.00015752236083604673,5.012361521803006,3.802657785159219,0.7790450867192027,Gust,0.7193047904014721,0.5603708628158528,0.30087558864780106,0.2898206857259469,0.3316953804033928,0.3108493735606769,0.2898206857259469,0.29751461781114935,0.15175794131687098,-0.0724107893932877,-0.30907553278211913,-0.03626995233749295
BLAl_IC-SLl|SM,0.00039645004964848054,4.96276172149968,3.4018115223293086,0.7754474548085154,0.0002872656261728442,4.691909472281064,3.5417163364940523,0.7552579841737642,0.0005036892711580299,0.8038880767682157,3.2978372988786107,0.2562095880008933,0.00042185169746577773,0.5792023806205129,3.374840197990152,0.19843779001754033,0.00034842074707937585,11.08674817206574,3.4578959911268123,1.0823094736575092,Olf,0.7707641779399068,0.8342053717402033,0.2549463825279933,0.25061106631202773,0.2583755509617845,0.25978979658215373,0.2549463825279933,0.25360744016642717,0.1761062580077801,-0.1589815426140632,0.14549829434536984,0.07761641154290735
BLAl_ICven|ICdor,0.00021918639607890406,2.7437753061157215,3.659186402089511,0.5733097753645777,0.00020528090312843587,3.352852990796743,3.687651448181121,0.6387739999476861,0.00027234096908234766,0.4346561866554268,3.5648870199077285,0.15674783547514184,0.00023603238689500223,0.3240724672068381,3.6270283999155315,0.12191175492754078,0.00021569598281205766,6.863446173079675,3.6661579412419143,0.8956129182974583,Gust,0.7469191957393011,0.668950480628466,0.2884398625786996,0.2696023321128801,0.2931280664837694,0.2926083083113519,0.2696023321128801,0.27972101169079167,0.046941991022864255,-0.032343198380442306,-0.002769245003999985,-0.02920633673056778
BLAl_IC|SM,0.0011260118489112032,14.095416324670442,2.9484570390370997,1.1788450951672473,0.0009721581550444412,15.87825914634086,3.0122630759071156,1.227327650694468,0.0018322534897806852,2.9242765696899733,2.7370144422230225,0.5937596073872051,0.0013849790266384481,1.9015762035745896,2.8585568029532187,0.4626339808482867,0.0010966599595373756,34.895719912479294,2.9599280124935645,1.5550426678204474,Gust,0.787017044890791,1.2238450851071405,0.19594909671597757,0.18171066609514527,0.18539286835159696,0.1926032568223621,0.18171066609514527,0.18838252310671616,0.05951888007384413,-0.09725218911427279,0.3216758645539095,0.1221611983783821
BLAl_SL|IC,0.0005586206339747227,6.992813096095578,3.2528830258671366,0.9026996575484603,0.00029024745997572313,4.740611763783486,3.537231570690356,0.7589581766276146,0.0010486015858327804,1.6735681309891173,2.9793894894105857,0.42709125577715146,0.0004930853770707284,0.67700622271811,3.3070778758248776,0.22453467410705388,0.00044649715459961156,14.207539459359639,3.350181303430144,1.1820589520105105,Olf,0.8029685906380969,0.9491562107470254,0.23556557259858255,0.25002744131288973,0.2169343451862018,0.2509715467679265,0.23556557259858255,0.2389600215877652,0.29876350689997727,-0.3340443428594411,0.8689482505088321,-0.01285366211796746
BLAl_SL|IP-IP*,0.0006535547821640392,8.181198763129444,3.184718002530795,0.9628993895044075,0.00023529218285543268,3.8430272225777817,3.6283924993638665,0.6851169102156672,0.001145036890177111,1.827478876722669,2.9411805208554886,0.45139936912108203,0.0007880562891496287,1.0820012850024403,3.1034427601395658,0.3184809932193285,0.00047534517410574123,15.125483440044686,3.3229909099492154,1.2075127435985604,Olf,0.8123976696994423,0.9809805390318506,0.22669491726734411,0.261890668791713,0.21196202105243026,0.22447149093037197,0.22669491726734411,0.23378816146284465,0.4330240905034093,-0.4908534864489219,0.9247070436410982,0.4879044596366028
BLAv1/2_IC|L,6.537328231053103e-05,0.8183427479632275,4.184599702461991,0.25967574880848965,6.046745554392894e-05,0.9876149513989914,4.218478298835236,0.29833225497108845,0.00014532820322662443,0.23194381234969258,3.8376500928504957,0.09059090056952232,6.772387826977071e-05,0.09298488486439521,4.169258173167907,0.03861415603444518,6.711854032684448e-05,2.1357119532001914,4.173157490507516,0.49633616151200916,Gust,0.7949328401833724,0.3945539145564545,0.3568145225719261,0.33868148447354496,0.32862408905866003,0.36317138000758065,0.33868148447354496,0.3456191981552761,0.004567422064731383,-0.08301068766555231,0.711994501749695,-0.10387842999898288
BLAv1/2_IC|SLl,0.0005887191744146746,7.3695866253228965,3.230091818373059,0.9227040086773026,0.00034078785802421873,5.566088085109564,3.4675158858909882,0.8173067045615245,0.00032651737975549085,0.5211217380897634,3.4860936959653395,0.18216397280705351,0.0004545240945341329,0.6240615817953645,3.3424430887233547,0.21060249296356132,0.00044524711897751573,14.16776332586455,3.351398881032418,1.1809215434200881,Olf,0.6967235518030623,0.8227758521323981,0.23259963880486645,0.2409549906517199,0.2828742972501438,0.255573798758516,0.23259963880486645,0.2387813027465086,0.36904636695545834,-0.21790795246762454,-0.4179102642350546,-0.08984952907840547
BLAv1/2_IC|V-S-V*-S*,0.00028313777559226666,3.5443186748639945,3.548002182662264,0.6574687791030871,0.0003006032241901381,4.909752460697526,3.5220063641524173,0.7715692901528975,0.00040091737861796807,0.639864136274277,3.3969451168385776,0.21480786798025941,0.00030173796711737214,0.41428622885215194,3.520370038494615,0.15053731259473419,0.00029873797059341454,9.50584222428245,3.524709572155176,1.0214308743237404,Gust,0.7410156155975873,0.7568962281273883,0.2739709041519507,0.24804610905575006,0.2712729468801583,0.27872832241754253,0.24804610905575006,0.2606098649991696,-0.024925898710315305,0.021638429687994717,0.05844513238645973,-0.10522039347323336
BLAv1/2_LH|VL-VL*,0.0007941680010302104,9.941395036896173,3.1000876151588925,1.039072698432585,0.00028765929992650654,4.698339345699631,3.5411215793101127,0.7557483086409935,0.001730342774576402,2.761627068223938,2.7618678559489585,0.5753757369238871,0.0006837015387358538,0.9387222126843271,3.1651334420422876,0.2875155862107799,0.0005837245985782371,18.574116726759506,3.233792004075537,1.291682173828365,Olf,0.8065050224242958,1.0417481605685086,0.2156815417826607,0.2505336675857268,0.18862716735388171,0.2324996078373071,0.2156815417826607,0.22139691992969138,0.4179149048684763,-0.4931493783134697,1.3683374890438493,0.051116013213426015
BLAv1/2_Mv,0.00029156151067572466,3.649766990638721,3.5352698067260544,0.6674311900479476,0.00014348491787199324,2.343539163603266,3.843193743493515,0.524206414551674,0.00014630538596886868,0.23350339600631442,3.83473968284405,0.09114034950047928,0.00022523543639817878,0.3092482541746994,3.6473632787598325,0.11702200346120738,0.00020706640341003286,6.588852956507246,3.6838903577115047,0.88017613791061,Olf,0.6899781483959425,0.6073023018978544,0.27231397640587524,0.2898438287575433,0.3282453428516445,0.29525458777553154,0.27231397640587524,0.28168298833547034,0.4606743512857517,-0.29059663218348863,-0.4381023858210328,-0.028358082324282035
BLAv1/2_SLl|IC,0.00012173651333863735,1.5238976739730623,3.914579137486638,0.402071743389174,0.0001296608606068628,2.11775083629189,3.8871910968017342,0.4938414043911886,7.735739670629005e-05,0.1234624051432389,4.111498148294336,0.050558544034169886,0.0001076776844448666,0.14784146074280186,3.967874288273571,0.05988190767929068,0.00012280631420238846,3.9076969179200005,3.9107792994242576,0.690877734385197,Gust,0.6725497569226937,0.4646496523240656,0.3216753962721539,0.2955694243428067,0.364261305831636,0.3369642880896492,0.2955694243428067,0.3094677718558248,0.018721314005091194,0.07079716938620091,-0.503739119018993,-0.22409856862722516
BLAv1/2_SLpos|SLant,0.00035773998718088243,4.478189159530286,3.4464325116943617,0.7386370241796929,0.00046468033209699604,7.589623864140236,3.33284570799928,0.9339741466828275,0.0002901523292900553,0.4630831175469283,3.537373937151671,0.16526899903482153,0.0003653907319647226,0.5016814749875641,3.4372424714151184,0.1765778232637939,0.00040814155856072436,12.987064393402248,3.389189180358007,1.1457265742826053,Gust,0.667891054816391,0.7652205302287793,0.2607531349916899,0.22342968701352678,0.2895476514514942,0.2679105164520382,0.22342968701352678,0.24031619924709985,-0.10117268292352152,0.15219728579264521,-0.44113295695563837,-0.20948044974109153
BLAv1/2_SL|IA,0.0004979407075446266,6.233221777043636,3.3028223670493144,0.8593317811581798,0.000365496348762992,5.969651864345948,3.437116956013115,0.8432110855342336,0.0003496173175882729,0.5579892388708836,3.4564070623619205,0.19256445364775596,0.000451610863277353,0.6200617152798057,3.345235618919456,0.20953155904568507,0.0004219982930676157,13.427985685411532,3.374689304674626,1.1592057027654088,Olf,0.714704397141162,0.8284894129575485,0.24206442877751147,0.23699902590342747,0.27901102717772985,0.2559372046763789,0.24206442877751147,0.24198813284114765,0.21851422823482602,-0.11732709333692488,-0.344127274172965,-0.04837977346463726
BLAv1/2_SL|IC-SL*-IC*,0.00043120049818131995,5.397767836233763,3.365320745057943,0.8060284762494985,0.0002286219055674961,3.734081583633914,3.640882157818449,0.6752357379649951,0.0008509747815387751,1.358155751335885,3.0700833094412956,0.37257248596342535,0.0010668483475971598,1.4647827812509004,2.9718973107051156,0.3917786513775959,0.0003794661726698215,12.07461361435372,3.420826931872041,1.1164288633034753,Olf,0.8849591947726934,0.9879939878900369,0.2501976552174182,0.2635160104982481,0.22873678548166157,0.20735282383085177,0.2501976552174182,0.24666988459275593,0.1810722691395926,-0.38201371072676865,0.7868478383830779,1.5162061483100744
BLAv1/2_SMlat|SMmed-SMmed*,0.00041258296311454123,5.164713532267827,3.3844887083643065,0.789912900194376,0.00036759630711396776,6.003950484092435,3.4346288590209184,0.8453430670856751,0.0004823873101224014,0.7698901469553527,3.316604124545351,0.2479463115303597,0.0004894054269611492,0.6719536512176578,3.3103312182279923,0.22322423404832464,0.0003970452229438721,12.63397899407401,3.4011600237389206,1.1346226205437069,Gust,0.7544341162729756,0.8559980140332193,0.25269207812773686,0.23667523740064117,0.2608177718252568,0.25139492048248,0.23667523740064117,0.24549331513789605,0.0713165423055959,-0.05802052265762836,-0.03976826002447682,0.09426274313645137
BLAv1/2_SM|IP-IP*,0.00039841442467686077,4.9873517681049435,3.3996649451518617,0.7772347745076373,0.00043418434376993884,7.091532886794411,3.362325839800533,0.9080308035917168,0.0005144972688841043,0.8211376411390303,3.288616925425191,0.2603427709064792,0.0004424339985751513,0.6074618800436827,3.3541515063405454,0.2061406826954966,0.0004242152249809238,13.498528458892995,3.372413747792993,1.1613239253650662,Gust,0.7328075240646023,0.8510269103837591,0.2546670377063965,0.22726608397385725,0.2571756576598045,0.25709747368845515,0.22726608397385725,0.24054313109617467,-0.03417224340834325,0.03872974588398265,-0.04386027000050147,-0.07645208368224791
BLAv1/2_VL-SL-VL*-SL*,7.204516227589253e-05,0.9018613413696227,4.142395170063025,0.27917885073327553,7.304885033379248e-05,1.1931068725018328,4.136386608796319,0.3410597958393509,5.942973211898531e-05,0.09484985246190056,4.225996220022999,0.03935456418217552,6.612138914576036e-05,0.09078466729712899,4.17965802433401,0.037739024616997824,7.163879724665611e-05,2.2795465283885976,4.144851708127632,0.5158137968111828,Gust,0.697103319861875,0.3595755101876342,0.3513222357361976,0.3279984823670108,0.379161512428571,0.3645247646420358,0.3279984823670108,0.34080370412049926,0.0344137369665287,0.03506261209016041,-0.3458657479732865,-0.18251887088552915
BLAv1/2_VLlven|VLldor,0.00011385378735001217,1.4252217100474525,3.943652514173709,0.38475144728831606,9.795591653357617e-05,1.5999139847428996,4.008969323073519,0.4149589800594905,0.00030657910245241994,0.4893002475140622,3.5134574501489113,0.17298226168339023,0.00010205523000823538,0.1401218308013072,3.991164729901482,0.056951261527427466,0.00011524862504756991,3.6672112490136746,3.9383642434091652,0.6690574585248888,Gust,0.8101498499769223,0.5420367996498796,0.3254588601555848,0.3114170338532788,0.28643527940859614,0.3399951897175135,0.3114170338532788,0.3146441166671668,0.020121136706770345,-0.13383881584494028,1.1058162607373982,-0.21261734869255206
BLAv1/2_VLlven|VLldor-VLl*,0.00016188196239139295,2.026438405215457,3.7908015368918075,0.4809318394753168,0.00015732920597277882,2.5696579211533965,3.8031906464189618,0.5526265998450807,0.0002997096523701105,0.47833660518269633,3.5232992686063964,0.16977333062816272,0.00021530292122219868,0.2956109108380788,3.6669500756276823,0.11247459671450395,0.00016903100484409907,5.378566574139232,3.7720336241916494,0.8047230926889775,Gust,0.7902206077343639,0.6359087713625606,0.30556759818358425,0.28463802570838265,0.28771604445635673,0.29780351559149315,0.28463802570838265,0.2935349141444938,-0.012903243219855557,-0.053252000205571574,0.40099200474471075,0.13046598313139854
BLAv1/2_VLm-IC|L,0.0007950640068243188,9.952611237426822,3.09959790640529,1.0395176726747122,0.0007530185483774909,12.29905195064956,3.1231943255349375,1.1238206825252282,0.001050640216029336,1.67682178478282,2.9785459790329796,0.4276194580521469,0.0008119427672512042,1.1147974194359032,3.0904745819763972,0.32526877178914,0.0007878618355144124,25.0697636060686,3.103549935937293,1.4161370931151862,Gust,0.7469587548957783,1.0577959998350464,0.21561781353387152,0.19614670429697406,0.21682457496297242,0.2227838770614242,0.19614670429697406,0.20645511882533776,0.039560904455130844,-0.028333343095512446,0.053114343998222104,-0.08584555706718074
BLAv1/2_VLven|VLdor-VLdor*,0.0001434962792603309,1.7962864237808223,3.8431593566536852,0.4465816541610994,0.00014111266411910816,2.3047931430573936,3.850434005774363,0.5191442808745373,0.0002524801523096284,0.40295832308616697,3.5977727547606553,0.1470447698718796,0.0001589414984817385,0.21822667741542698,3.798762694090153,0.08572810569524456,0.0001485712454530483,4.727537030315997,3.828065233072585,0.757967905719997,Gust,0.7717403967414803,0.5849544522776594,0.3123811830731695,0.29078604029151817,0.2974076515981968,0.31495695073255064,0.29078604029151817,0.3006825702286865,-0.004985473262803454,-0.03435265004982702,0.3421148658279482,-0.0509864884092781
BLAv1/2_VL|IC,7.278825320727048e-05,0.9111633536486119,4.137938696848077,0.2812978092717629,7.705257267849578e-05,1.2584996695578714,4.113212850576948,0.35382003135559165,0.00010374830610645816,0.16558229654590723,3.9840189810768045,0.0665429425275383,7.655085490514298e-05,0.10510432378476131,4.116049949148573,0.0434032781165541,7.667555446863344e-05,2.439816143191916,4.11534306912978,0.5365352303241188,Gust,0.7410766733652435,0.39761374363185265,0.3507422925931044,0.32498276533455,0.3476718043695696,0.35624712775970985,0.32498276533455,0.33748673589748857,-0.02332889690730596,0.020323679613958624,0.06718992919311557,-0.11552940706401714
BLAv1/2_VL|IC-VL-IC*-VL*,0.00021945260359463928,2.7471076917976944,3.6586592603220076,0.5736961748876048,0.0002441671957022934,3.9879828074055577,3.61231268293052,0.6979249478815324,0.0003554604319735388,0.567314849429768,3.449208734449266,0.19515624830958717,0.0002494748461393534,0.3425289637493322,3.6029732348071173,0.12792366395134863,0.0002401209577665152,7.6406488761305145,3.6195699312408025,0.9365463573795343,Gust,0.7497629428087363,0.7021877529856821,0.2883712629846358,0.2597981218755917,0.2780742727727717,0.2894778893931351,0.2597981218755917,0.2727515369710365,-0.060047136011973014,0.032087299844840225,0.1671596482519178,-0.07989283453456136
BLAvm_SLl|IC-IC*,0.0015133005281234514,18.943496011049366,2.8200748160751674,1.2998012906468495,0.0014980578160113472,24.46777830891333,2.8244714248712426,1.4059910607758048,0.001844016590050132,2.9430504777200106,2.734235175815412,0.5958323368132532,0.0016141500303001413,2.2162279916020937,2.7920561011272427,0.5073468273852219,0.001527082545965763,48.59176661263057,2.816137486373325,1.6954095794839188,Gust,0.7382103065344102,1.2515688253721993,0.17924207609435708,0.1572723995342461,0.18503118851685305,0.1839491879713479,0.1572723995342461,0.16874025012950966,0.020213892961696758,-0.003313891137855906,-0.04697446750561444,-0.06296403555955285
BLAvm_T|SL-VL*,6.715729826386443e-05,0.840675059667055,4.172906777369976,0.26497712785818084,0.0006748007632887689,11.021520866795464,3.170824434194639,1.0799594146113438,4.3117251825788176e-05,0.06881513391395794,4.365348917594237,0.028902594578316506,5.769561384170031e-05,0.07921607780465453,4.238857194165306,0.033108406687782956,0.0003696436620756323,11.76206132724662,3.4322167346575227,1.1059208272649657,Gust,0.23636806668923452,0.2614043678519788,0.35529286376175506,0.20234504850093457,0.3972961757665899,0.37222864862484817,0.20234504850093457,0.21528839356395532,-0.8169030578865676,0.815629460919178,-0.9098817790057796,-0.8645506313553413
BLAvm_V-L|IP*-V*,0.0005137606785118138,6.431256173610887,3.2892391373692185,0.8710622327585991,0.00035024787217310493,5.720598496203323,3.455624493221314,0.8274079504384355,0.0008285139109913556,1.3223082019422034,3.081700194727624,0.3659198560229391,0.0005145646489023994,0.7064972629429944,3.2885600527149776,0.2321055960487582,0.0004480818676539406,14.25796502874839,3.3486426291796954,1.1834966151576614,Olf,0.7902217700608636,0.9352247900909278,0.24029677517923362,0.23940750426327384,0.2302485488516979,0.24856172985225936,0.24029677517923362,0.23941283564618218,0.18632452651047213,-0.20185474905576814,0.4666149732125788,0.023125491803720994
BLAvm_VLl|VLdor-SL-VLdor*-SL*,0.0001869335533675348,2.3400342210548013,3.728312736241745,0.5237509164939383,0.00021189569037141013,3.4608923108362415,3.673877874023728,0.6494217391855546,0.00038724136135017263,0.6180372127148756,3.4120182606584755,0.2089885055895302,0.000218728687570368,0.3003144880341153,3.660094250932709,0.11404840146080279,0.00021109883558040473,6.717164948168478,3.675514160193541,0.88745778304298,Gust,0.7700083875794637,0.6833499365657705,0.2974356180932372,0.2678099080359951,0.2732344904554425,0.29691133284286525,0.2678099080359951,0.27992688635247726,-0.08903071827940794,0.019066149954972026,0.4466779821881774,-0.08215672570898225
BLAvm_VLven|VLcen-VLcen*,2.624089680542764e-05,0.3284835462103432,4.581021310101532,0.12335617987214814,2.4388415492094253e-05,0.3983359902323754,4.612816396942155,0.14561153562419618,5.4350234174409545e-05,0.08674297374235763,4.264798572373871,0.036126840972571475,2.5229631601617793e-05,0.034640284189021237,4.598089073709608,0.014789383855011995,2.6709131014118944e-05,0.8498845488692648,4.573340225329568,0.26714462496864344,Gust,0.7834734650166277,0.2093007249847506,0.40840284859470893,0.38999867298270824,0.3842110565627742,0.41897728937139267,0.38999867298270824,0.39771765405787085,0.013020118307854885,-0.07084800611309217,0.6084756068211545,-0.16131936035402852
BLAvm_VL|IC-IC*,1.635115198855861e-05,0.20468372059277667,4.786451617993679,0.08087304157407751,1.716121873062061e-05,0.2802941855272264,4.765451847987748,0.10730977314108782,3.350619922959083e-05,0.05347589397042696,4.474874820535042,0.02262460236898623,2.117828260581492e-05,0.029077782017783885,4.674109240202511,0.012448201802718845,1.784936061311222e-05,0.5679666547092309,4.748377311924927,0.19533682248759998,Gust,0.7870081343317531,0.1537316682322589,0.43513652177060996,0.40986188744788554,0.4115493291769045,0.42887017375954156,0.40986188744788554,0.4201102377311519,-0.056596643294156035,-0.02285060087873443,0.48199893161752166,0.052170479209108056
BLD1_LO|SL,0.0001274302010491374,1.595171256733102,3.894727628289613,0.4141660224542531,6.206381094174196e-05,1.0136882241114715,4.207161553688648,0.3039922303538905,0.027325806188258417,43.61198667646043,1.5634270162627453,1.6494515638247256,0.0002517103619550387,0.3455983269642682,3.599098904111774,0.12891543847863032,0.0014937674457755224,47.53168012457712,2.825717009243126,1.6860253264729685,Vis,0.2140026596111059,0.3608139040368984,0.31909202011715987,0.337208779840679,0.03266806834087608,0.28897370336699596,0.03266806834087608,0.051011392514323746,-0.9103937329899842,-0.9569306579878737,13.730336322893232,-0.847590014232138
BLD1_LO|SL-Mac,7.79429559698317e-05,0.9756899228303533,4.108223122134282,0.29571878469960605,4.1503662694997204e-05,0.6778793227973894,4.381913564678481,0.22476072208991146,0.0181735343249926,29.004960782688194,1.7405606043919426,1.477193063467613,0.00030034561154475015,0.41237452465094193,3.5223787078535396,0.14994987548458816,0.0009967095400412055,31.715297564111157,3.001431384418185,1.514750874805978,Vis,0.22630389487337646,0.34279402273144705,0.3468752562692834,0.35995013284048255,0.055719347882387395,0.27898972060513677,0.055719347882387395,0.07446294954015185,-0.9178586055199386,-0.9568346362656209,13.682440752358143,-0.7274458485507701
BLD1_V|IP-IP*,0.0003680552886986072,4.607316103929165,3.434086936197774,0.7487550394804339,0.0002484059307392188,4.057214066763661,3.604838037759335,0.7039113372684093,0.001466210632372334,2.3400721692662456,2.8338036351926505,0.5237558507563185,0.00035202720722060936,0.48333335551389667,3.453423768557617,0.17123876275535643,0.0003637242885853622,11.573706862786224,3.439227695699052,1.0994633312043731,Olf,0.8594260766504805,0.9449074571580423,0.2591465435209345,0.25882540892411626,0.19798853000619435,0.2700162695602739,0.2591465435209345,0.24703267209214824,0.04908375649404762,-0.301248358043833,2.203812761141492,-0.13598826348453674
BLD2-4_IC-VL|VLm,0.00011518894291647755,1.4419351874284658,3.938589203434436,0.38773413294395237,0.0001384495600207621,2.2612966638191074,3.8587084169250008,0.513390306196175,0.0001737288016333347,0.2772711674068022,3.7601281735636074,0.1062831087015675,0.00010250208444927597,0.1407353619488559,3.989267298609209,0.05718490456227384,0.00012926881281949382,4.113333623916294,3.888506236293013,0.7087041295735942,Gust,0.7167788557072013,0.507984135030729,0.32479994621109115,0.291862830788957,0.3185357740702392,0.33974826749575454,0.291862830788957,0.3068165879843918,-0.08478705754549413,0.08559221705075747,0.0581734154529526,-0.29872175086586455
BLD2-4_IC|SLl,0.00023749805925105534,2.973000705704711,3.624339933094707,0.5991186421969774,0.00022947954400701873,3.748089392266637,3.639256019871769,0.6765188868206048,0.00019934080064251743,0.3181479178254578,3.7004037995705032,0.11996414795969929,0.00019478328905250304,0.2674374558690867,3.710448302843764,0.10292653744039161,0.00022963779028732255,7.307074486942603,3.638956638935323,0.9194481046656839,Gust,0.6967038903908073,0.6405830715330362,0.28390511732616186,0.263304393036095,0.3107635426436807,0.30346415740261445,0.263304393036095,0.2752229766696132,0.0643374475477717,0.014908843126274053,-0.31515996923219036,-0.24834719230111688
BLD2-4_SL,0.000639768655366386,8.00862402787642,3.1939770407454495,0.9546584621516497,0.00046758579259516275,7.637078750456793,3.3301386922427763,0.9363668793908342,0.0011215786150478473,1.7900394696163644,2.9501702795316183,0.4456103471142222,0.000965272647342093,1.3253193448006937,3.015349999665476,0.3664826046070236,0.0005926904333188867,18.859409588206976,3.227172081966393,1.2979663329612132,Olf,0.8227922150170833,1.0679565941147577,0.2278998422080384,0.2230774095172852,0.2131319033003021,0.21300753952105184,0.2278998422080384,0.2234757029775709,0.11661805360441535,-0.1946089958651303,0.5006695456707948,0.450701293226124
BLD2-4_SL-LH|T-IA,0.0014342920102501642,17.954467384311556,2.843362420520359,1.2777115853699796,0.00040403431176356516,6.59909241403431,3.3935817507035413,0.8807617260816154,0.0010258884271715423,1.6373179297657814,2.9888998689164388,0.42116248732853834,0.0012533666833372107,1.7208724562219904,2.9019218534375524,0.4347081842431023,0.0008896901635537669,28.309941004280866,3.0507612104923583,1.4670149442814564,Olf,0.6945916337847493,1.0189763069350999,0.18227260850544738,0.2313335719480991,0.2181719784258976,0.19824656767945956,0.18227260850544738,0.19696268194652383,0.6826337888511773,-0.5322281793688677,-0.07737372282093619,0.26612470905353597
BLD2-4_SL|IC,0.0003148425592528874,3.9411991567276443,3.501906564643298,0.693832358630313,0.0002672433174582492,4.364885104045585,3.5730931440910725,0.7295604254234398,0.0001289040482212054,0.20573086096104382,3.8897334400802293,0.081250376921951,0.0002411370565090117,0.331081178586873,3.617736042899299,0.12420454258004378,0.0002782270293792184,8.853184074846729,3.555600679612564,0.9935765962519676,Gust,0.6630326827743933,0.6587737561547923,0.2679722508879582,0.25469428717757914,0.3354019554651967,0.29139904742840483,0.25469428717757914,0.263864067076701,0.1658374388437946,-0.023403420155956617,-0.6340811496926573,-0.23112660979623728
BLD2-4_SL|SLl,0.00028989495818377707,3.6289050865445214,3.5377593362755757,0.6654782758762279,0.0003519460056282247,5.748334109925794,3.4535239581753667,0.8291965763630065,0.0003259250852914239,0.5201764361251126,3.4868822108185595,0.18189399635838982,0.00031260023540338625,0.4292001232088493,3.5050106978822595,0.1550930449701736,0.00032380434822959714,10.30345436066578,3.489717322248089,1.0532111851222323,Gust,0.7042664769667561,0.7417413308480166,0.2726379513345094,0.23913415113447284,0.2829769106307916,0.27672953462259053,0.23913415113447284,0.2546788395754922,-0.08077518348867596,0.1013386990602486,-0.20773124552899358,-0.1464741265455736
BLD2-4_SL|SM,0.0007679595715742473,9.613317916966427,3.1146616417784463,1.0258511735123061,0.00031030775315608243,5.068256532298294,3.5082073718695166,0.7830639320696426,0.0007172311240675612,1.1447008740118276,3.1443408719935917,0.3313667287701781,0.0012184354349071727,1.6729118521275481,2.914197478848676,0.4269846367341546,0.0005562481862932576,17.699817287851456,3.254731391291584,1.2718373631533146,Olf,0.7868294499409945,1.0007190928643275,0.21757813274093635,0.2462503771910949,0.23840029340549893,0.19984405619582324,0.21757813274093635,0.22554912519358475,0.43700929447586406,-0.4269696466826556,0.02885461318220073,0.9632248918579254
BLD2-4_SL|ncc*,0.0006111530639295341,7.650414054269909,3.2138500059127297,0.9370368955782201,0.0005413153373125339,8.841303404325618,3.266549666886181,0.993052621177219,0.0015358719956671126,2.4512517050847116,2.8136449779618147,0.537976634209782,0.001095286729225293,1.5038286792263271,2.9604721739254622,0.398604609597472,0.0006450192334598683,20.52451200869301,3.1904273345194105,1.3329333141635913,Gust,0.8487379853716513,1.1313111356979648,0.2304860105357277,0.21480225168444098,0.19536518314173307,0.20586601365278606,0.21480225168444098,0.21768307102585804,-0.021268003999715606,-0.14448445346651684,0.8855692058678399,0.5103859257925205
BLD2-4_VLl|VLm,5.933491182262118e-05,0.7427544261955719,4.226689691382369,0.2412361944180823,5.662909933576199e-05,0.9249230794510006,4.246960337937621,0.2844133796432586,0.00010499798532322119,0.167576784575861,3.978819029854817,0.06728545114054549,6.283469531334888e-05,0.08627203666522801,4.201800479568625,0.03593859986411753,6.0475220683213876e-05,1.9243215221398655,4.218422530975673,0.4660251205479943,Gust,0.7728777546173098,0.3601804487643949,0.36229190329203587,0.3423879946402247,0.3469951087158191,0.3674062730602824,0.3423879946402247,0.3516067803511568,0.011120831865512356,-0.04765086403651721,0.37166287773807083,-0.07798373587145445
BLD2-4_VLm-IP|VLl,8.750944005756675e-05,1.0954431706406207,4.057945090086038,0.3212758870682831,9.222997479234655e-05,1.506392178283396,4.035127905351726,0.3990490265697625,9.551482844809191e-05,0.1524416662031547,4.019929195458221,0.061618951686638904,7.602222285770368e-05,0.10437851198362716,4.1190594302472165,0.04311794793306647,8.977356600184691e-05,2.8565948701787685,4.0468515185121925,0.5862040192427824,Gust,0.7086016016615592,0.4153851069358791,0.34033232455440277,0.31482118096548417,0.3523449801282962,0.3566387665833367,0.31482118096548417,0.32812500700779623,0.002379498751039535,0.042589007136467,-0.16127085802353522,-0.2501676964782603
BLD2-4_VLm|VLl,1.0618871722414944e-05,0.1329270362211903,4.973921584612341,0.05420194094293309,1.0464955657662888e-05,0.17092412075660793,4.98026256602351,0.06852875245543064,1.9786259471250085e-05,0.03157887011611513,4.703636278060488,0.013502437880444133,1.2324518227896708e-05,0.016921563526902182,4.909230013287567,0.00728745652045056,1.1087080591543337e-05,0.35279090442290906,4.95518275641953,0.13123067459247967,Gust,0.7795402429928255,0.10229959195993402,0.45953292592978395,0.43781628030049047,0.44131920151696247,0.45946761563175587,0.43781628030049047,0.44736277354652954,-0.01317252141872429,-0.040236934614286936,0.40961405679676033,-0.013767925498072741
BLD5/6_LH|SL,0.0005759544959823347,7.209798380706866,3.239611826455423,0.9143324916844059,0.00011753760956437499,1.9197417770149365,3.9298231423544316,0.4653444439907365,0.00040380282284643393,0.6444693052629086,3.3938306483031377,0.2160257715983319,0.0003242968686006871,0.44525960058874337,3.489057243500044,0.15994586299360908,0.0003265419280533287,10.39056415065692,3.486061045974332,1.0565452343029642,Olf,0.6283100645010213,0.6638380043131421,0.23383852505936922,0.3011173456029175,0.27086764551641407,0.27465343183202906,0.23383852505936922,0.2505907332714834,0.8454718918334667,-0.6283279552575256,-0.008112824668014156,-0.10523635740154924
BLD5/6_VL|IC-V-IC*-V*,0.00018574909089157202,2.3252071197806985,3.731073300783771,0.5218187017222418,0.0001384107560370428,2.26066287835302,3.858830155975463,0.5133058991925072,0.0015116977239055308,2.4126695673532272,2.820535040534225,0.5330942396345226,0.000167305217791665,0.22971006402795602,3.7764905117747705,0.08980272734528166,0.0002291754784689268,7.292363724881251,3.6398318513687737,0.918678343137749,Vis,0.8686674106993341,0.7980259375990227,0.29779486416069795,0.2918786733003234,0.1962618214365509,0.3120585602806115,0.1962618214365509,0.26250780382863464,-0.15854159996691292,-0.38121528823399436,4.249821955803907,-0.34737793878434087
BLP1/2_SL,0.0008613637263142817,10.78255112600218,3.064813420661337,1.071239332895281,0.0003350361360792572,5.472145210582508,3.4749083473282396,0.8110482526473604,0.0023141033649174006,3.6933089704081707,2.635617245969865,0.6714791456734857,0.0010492727224332503,1.4406514479008528,2.9791116167747425,0.38750576177615537,0.0006806823950256016,21.65931380971464,3.1670554810801415,1.3552467540195803,Olf,0.8504989025564392,1.1526358769868297,0.21109113447170097,0.2419170086229566,0.17219754418838845,0.20829165755327203,0.21109113447170097,0.21207317572275602,0.31868833302566285,-0.49381296513158773,1.7158889066106444,0.38321687750701183
BLP1/2_SL|Mac-SL,0.0008039642418921294,10.064024380005677,3.0947632665002653,1.0439131240869979,0.00039241641001444376,6.40933722476591,3.406252838539842,0.8697793614880535,0.002006155794872238,3.2018246486160917,2.697635343169889,0.6234379243842024,0.003704785532889943,5.086670536657891,2.4312369278044996,0.7843797946092803,0.0007880479400863874,25.075685453548846,3.10344736129731,1.416235733581067,Olf,0.9416352788698222,1.3335775299360153,0.21498865766845776,0.23298252396727553,0.18026826928513104,0.13699398474849508,0.21498865766845776,0.19913471560200313,0.06314529464958273,-0.487885786486427,1.0337342722904135,3.2185701187473676
BLP1/2_VL,8.436678751530636e-05,1.0561034461166048,4.073828482321342,0.313044960978609,7.306001374699579e-05,1.1932892045296821,4.136320244462752,0.34109590101189996,0.0001956418081640315,0.3122443258297943,3.708538329768549,0.11801470354637938,0.0001154102207794084,0.15845823313012775,3.9377557244056276,0.06388038042370649,8.578376587756515e-05,2.7296394302241227,4.06659488723868,0.57166684761747,Gust,0.8244169867653718,0.47129185994645356,0.342399309807456,0.32798984604444315,0.3118221297333142,0.33304480877213866,0.32798984604444315,0.332023016310075,0.015608911345114048,-0.1320423789188045,0.8054701836992072,0.19631507055829042
BLP1/2_V|V*-IC*,0.00041868209674195047,5.241062487015736,3.3781156085334243,0.7952585308632525,0.00028828652045341334,4.708583738565601,3.5401756621391787,0.7565283760536378,0.0005863607590715469,0.9358317714781887,3.2318351008747888,0.28686761335811495,0.00040898500806542723,0.5615364160738316,3.388292610328794,0.1935521167221601,0.00036157841838279465,11.505425272940528,3.4417974980602097,1.0970984654028582,Olf,0.7759480639397093,0.851291430180574,0.2518627147794346,0.2504105706544186,0.24978635490580794,0.26154042626566426,0.2518627147794346,0.25157038717263924,0.19765368958180313,-0.18616758555338367,0.2858355450657212,0.007396798937624766
BLP1/2_V|Vpd,0.00012125033975563784,1.5178117530610744,3.916317032205408,0.4010232564855171,9.944649710468329e-05,1.624259637210792,4.002410505456484,0.41900680076068164,0.00016501694177386127,0.2633670390710826,3.78247146320766,0.10152954207213755,0.0001240676193014143,0.17034484130084182,3.90634154774611,0.0683138451719619,0.00011270432413517569,3.58625159398129,3.9480594171721943,0.6614578757058758,Gust,0.7641389048362424,0.5054456967371952,0.3219015572018747,0.31056350212082284,0.321443418074415,0.3289567248836286,0.31056350212082284,0.3170537263219556,0.1103269264440783,-0.10128667933857452,0.15843082232349712,-0.021698615543623317
BLP3/4_IC|SL,0.0003570014701144643,4.468944402892864,3.4473299942643396,0.7379035083738033,0.0001505079913853115,2.4582470232962925,3.8224404372350858,0.5388560117900851,0.0011412128825295312,1.8213757605171317,2.9426333340933004,0.4504609308386256,0.00042001045527806163,0.5766743550967787,3.376739897584631,0.197742003799099,0.00029661842767610646,9.438398368653706,3.527801870085412,1.0186338671512372,Olf,0.8620599546382371,0.8781234653093676,0.26086992888618893,0.28714309724170717,0.2121510829035456,0.26003701398942086,0.26086992888618893,0.25822874175967514,0.2535712140078276,-0.4784423173591606,2.0719867213442824,0.2699464817622657
BLP3/4_IC|V-V*,0.00047772386796873366,5.980147379232608,3.3208230591092813,0.8438645924385981,0.00037641213843044263,6.147939456984419,3.4243363788615704,0.8541808653768443,0.0006847077312226514,1.0927935390313517,3.1644947677326964,0.3207263858723063,0.0004238283751115541,0.5819163590281637,3.37280996981467,0.19918351723193775,0.00043523355814860257,13.849131820288534,3.3612776252787464,1.1717010626310034,Gust,0.7623890392645745,0.8932920474445316,0.24440694884384873,0.23533582549218066,0.24102302063323242,0.2595255928379606,0.23533582549218066,0.24073603585663378,0.13331058099268142,-0.11874944321532234,0.24523379156694522,-0.1342184148442991
BLP3/4_IC|Vm,0.000600136807064573,7.512512550834325,3.221749735924947,0.9300577652443743,0.0005451555878649975,8.904026216599005,3.2634795312241476,0.9958117812831927,0.0007568152123520291,1.2078770789138384,3.1210101464154207,0.3439748908708172,0.0005912170698134931,0.8117410368539261,3.2282530346046583,0.2580961214298029,0.0005802502660913831,18.46356346702781,3.236384650964613,1.289222355582288,Gust,0.7454331909891925,0.9610291344163082,0.2315140419031117,0.21440271957919013,0.2353641494257561,0.24071367603334157,0.21440271957919013,0.22390716991313753,0.06590614072085144,-0.044451027786960785,0.03046255786662905,-0.09580525824622392
BLP3/4_IP|V,0.00013761212886236488,1.7226286290990835,3.8613432833961996,0.43498840691755253,0.0001151509188300143,1.8807599572506235,3.938732588524726,0.4595070716838491,0.0002116786136596071,0.3378390674007329,3.6743230154074102,0.12640387401221,0.00017990022511479048,0.24700300908260733,3.7449682907937256,0.09586750145480184,0.00013203768071833345,4.20143900045737,3.8793021094990565,0.7161235096929862,Gust,0.7898291635166906,0.565615232635448,0.3147475483849721,0.30227677638281963,0.3073695197892079,0.30795641604428875,0.30227677638281963,0.30815179297771184,0.07588342633882408,-0.11153629180903026,0.2687006104024263,0.21111817719636433
BLP3/4_LO|IC,0.00017917296678253503,2.2428871981837735,3.746727512689795,0.5109318422719997,5.707391723386937e-05,0.9321882901807885,4.24356231127905,0.28604944578651825,0.01352166435626544,21.58057631259964,1.8689698485801007,1.3537350220082511,0.0002036458239601114,0.27960571629723296,3.6911244891643906,0.10707617151116298,0.0008027667562372061,25.544038183467897,3.0954106200502265,1.4239669934112031,Vis,0.37283350306089913,0.5309026023965951,0.2998320250315352,0.34194579244004636,0.07242988491129049,0.3009494529039599,0.07242988491129049,0.10539029280238246,-0.7656529354606479,-0.9263303689280532,12.557850686613657,-0.7706446614808276
BLP3/4_L|V,7.062608920345376e-05,0.8840973846488341,4.151034835233535,0.2751033467172419,5.92174832706726e-05,0.9671991542598954,4.227550046635545,0.29384832901841007,8.299969217965379e-05,0.13246750871872745,4.0809235130531984,0.054025750652561495,7.217828979901478e-05,0.0991007918940473,4.141593406362757,0.04103752077312528,6.561859046427034e-05,2.0879835485730824,4.182973096197157,0.4896749779386461,Gust,0.7502475594089743,0.36737745710211256,0.3524465585656162,0.3398620363761152,0.36028247566584526,0.35957122557153376,0.3398620363761152,0.3474401489024084,0.11030722480549308,-0.08126188482932307,0.000295122639545494,-0.02291823915753741
BLP3/4_Mac,0.0003645786592112282,4.563795656006154,3.4382087553841054,0.745371171086613,0.00012001157067847912,1.9601489838915995,3.9207768766705544,0.4713135695906086,0.001657255634816107,2.644979993166507,2.780610495406118,0.5616951488731341,0.002970145850195432,4.078010252318329,2.5272222238093556,0.7056935733633793,0.00042379898674872415,13.485283758344403,3.372840084943932,1.1609270072012312,Olf,0.9624430887617939,1.1173261746377383,0.25968293646191865,0.29994010981557634,0.19106624074496342,0.14948503127135349,0.25968293646191865,0.21801534151620494,-0.09881295931836692,-0.7072407708394253,2.140413683844763,5.32190233141773
BLP3/4_Mac|SL,0.00020311937267237381,2.5426483071127755,3.6922486512986277,0.5493280403203447,0.0001122681045971577,1.8336749523853766,3.9497436055419857,0.4523500313448945,0.0022091792598285943,3.525850098686436,2.6557690424671807,0.6557001655286935,0.0014260816604362014,1.9580101197789044,2.845855604851831,0.47099965544742484,0.00031459415705993295,10.010386077647066,3.5022493463849873,1.0418025477139847,Vis,0.9745926855078244,1.0153331427454657,0.29274241838891996,0.3037096950854886,0.17481999823129116,0.19095038640383002,0.17481999823129116,0.2324011289752545,-0.3254635134789362,-0.6320623153773729,4.624173623248168,3.0779773196621525
BLP3/4_SLpos|SLant,0.0004020130673176676,5.032399576682563,3.3957598289901503,0.7804901007995325,0.00021451199213630705,3.503624367562303,3.6685484218600783,0.6535621602851178,0.00048259448064334374,0.7702207911067765,3.316417648456133,0.24802743719753054,0.0004000101581028612,0.5492139470752284,3.3979289787063207,0.19011139814527744,0.00031220520709593304,9.93436968979259,3.505559856467518,1.0387937532506863,Olf,0.7725545519643552,0.8025248426259549,0.25415884541358286,0.26711635977716464,0.2607935047593335,0.26279445506721116,0.25415884541358286,0.2597649987830673,0.3356800039353938,-0.2966400891047528,0.22918787430778567,0.14440457733784828
BLP3/4_SL|IC,7.158482087033652e-05,0.8960987876548727,4.14517905138958,0.27786096054199483,0.00010418452407035778,1.7016458316411538,3.982196783681895,0.43162841520953454,0.00017112926615031737,0.2731223087759065,3.766675709483338,0.10487012830004987,0.00010415496612966831,0.1430047684960346,3.9823200138048875,0.058048042230098004,9.444441135484294e-05,3.005221169311102,4.024823731286271,0.6026265029319431,Gust,0.7542382687167678,0.45452397025422897,0.3516845161334197,0.30793298943194464,0.3193878376590133,0.3388441825857707,0.30793298943194464,0.32344616230639495,-0.22225849085853822,0.11707241880532122,0.42531969499578604,-0.025592474208534183
BLP3/4_VLcen|VLant,2.012414614817013e-05,0.2519140614827937,4.696282515764662,0.09757451744885563,1.7644909702577125e-05,0.28819431017219216,4.753380535177412,0.10998137658803615,5.89947307831482e-05,0.09415559032990453,4.229186769030097,0.039079083621793284,1.983500727104346e-05,0.02723346498314267,4.702567614092388,0.011669159304194106,2.0862028721319066e-05,0.6638297539123726,4.680643440210268,0.22110888642647553,Gust,0.8212301824883441,0.18158129114980906,0.4234023656264226,0.40829098715188333,0.37957671452451597,0.4325736042537848,0.40829098715188333,0.41095835843134754,-0.003841604775829157,-0.1380260167888867,1.238709914718435,-0.15454672199241687
BLP3/4_VLl|IC-IC*-V*,0.0001392811900382275,1.7435219368985315,3.8561075280831556,0.4383084371167139,0.00014429034813912605,2.356694256156346,3.840762715724164,0.5259117854210116,0.00024878177412324934,0.3970557115007059,3.6041814377003116,0.14521372516565156,0.00014382708291670154,0.1974745848446312,3.842159324745761,0.07826630473473105,0.0001476001319862965,4.6966361998039545,3.8309132512176607,0.7556184853049235,Gust,0.7617521003293438,0.5755939682287029,0.31406619336582176,0.28952746695808823,0.29824164555436955,0.3206043712752459,0.28952746695808823,0.3006847724855276,-0.0285523122486337,-0.006819892960981968,0.3302068287246048,-0.1361985396376456
BLP3/4_VLm|VLl,3.415989118526877e-06,0.04276135178571945,5.466483394269759,0.01818492639229993,3.862855107034813e-06,0.06309201246319959,5.413091469200423,0.026570855093060033,6.2852970473235545e-06,0.010031334087528394,5.201674123349718,0.004334847060091817,4.616371739907306e-06,0.006338278398892731,5.335699132185631,0.0027439923969184103,3.839831433124288e-06,0.12218343620201484,5.415687727444274,0.050063854084820544,Gust,0.769987764490992,0.03854855508857419,0.5236324571694738,0.49414246973837156,0.5061313566551536,0.5149661745407024,0.49414246973837156,0.50652379716915,-0.08482801358155416,0.021312008814903475,0.29087951525175015,0.0649600701915909
BLP3/4_VL|SL-SL*,6.735030842314176e-05,0.8430911608408885,4.171660404685548,0.26554681632111066,6.469244210321558e-05,1.05662165687182,4.189146447465012,0.3131544047498352,3.4120269189659386e-05,0.05445594962669638,4.466987538424399,0.02302844160642448,4.8092735891092244e-05,0.06603132637846965,4.317920507125049,0.027769967048348186,6.346450115371849e-05,2.019440426711322,4.197469122415844,0.4799264654377057,Gust,0.6585166724562456,0.31603957904372526,0.35513066705211305,0.3348643839871486,0.4105229177171954,0.3825175528793237,0.3348643839871486,0.3469191222481129,0.09165220897808302,0.034813380689690775,-0.5760342044774005,-0.3287713201366904
BLP3/4_VL|SLl,7.951729566378098e-05,0.9953975071192103,4.099538392996549,0.3000294253118658,0.00010124999309917568,1.6537161372888363,3.994604993423867,0.4238544654001765,9.679114070952404e-05,0.1544786605724004,4.014164387347705,0.06238590981161504,8.570810655531688e-05,0.11767723030045009,4.066978094062881,0.0483164034268856,9.155416309935261e-05,2.9132534698214,4.038321898175566,0.5925379789969258,Gust,0.702443294935222,0.41622433034085793,0.34574506904047747,0.309547731810241,0.3515947768231967,0.3498611618841935,0.309547731810241,0.32572908127551786,-0.10868940736255542,0.12002121627018086,-0.16828078151215886,-0.17275208966039676
BLP3/4_VL|VL*,2.246487088538367e-05,0.28121525374323275,4.648496053796065,0.10762210059518632,1.971333718606786e-05,0.32197793626004634,4.705239827621435,0.12122420685879355,6.005494168351397e-05,0.0958476869268883,4.221451243184658,0.03975019527608458,2.2885364809795987e-05,0.031421605883849894,4.640442141226365,0.013436224625333086,2.3032283505849868e-05,0.7328872611561428,4.637662983482635,0.2387703091360529,Gust,0.815412066587898,0.19469619121246015,0.41718367438456455,0.402026196160411,0.3785700518664224,0.424488905824717,0.402026196160411,0.4057500168683292,0.0070362586303957635,-0.12790235830531796,1.0637809188858678,-0.1166245363635315
BLVa1/2_IC-SL-Mac,0.001198661948162286,15.004850267095499,2.9213032808827366,1.2042516154699439,0.0003698525234668073,6.040801265783363,3.4319714126298777,0.8476220860606604,0.0015837397914271571,2.527648707117743,2.8003161712288467,0.5474853303836933,0.0015896862037370128,2.1826391577309185,2.7986885945479085,0.5027874018350075,0.0008208752339996942,26.12024994587027,3.0857228463747552,1.4332936877618407,Olf,0.7876025561727046,1.128865772227428,0.192415442390846,0.2363294106137882,0.19363063887375195,0.18481230750453034,0.192415442390846,0.20218997403705954,0.5239068462919854,-0.5359614420735277,0.5435446337899309,0.7402811583108971
BLVa1/2_IClat|ICmed-ICmed*,8.609202286629238e-05,1.077699942240248,4.065037082591812,0.3175828277068769,7.278524371122236e-05,1.188801385535395,4.137956653516522,0.34020635495330165,0.0001658260057160194,0.26465830512276695,3.780347357455578,0.10197320041676047,9.422687124772283e-05,0.12937349422312344,4.025825224546686,0.05283759086702199,8.387730395054224e-05,2.668975811706254,4.076355532235205,0.5645448486114595,Gust,0.7953705516429568,0.44902234766728605,0.34125524100115623,0.32820280013712033,0.3211669975717644,0.3445057331980132,0.32820280013712033,0.3335828115540299,0.05957898817547396,-0.1159485383584118,0.5645762281987932,-0.0014001244843205186
BLVa1/2_LO,5.583784657636921e-06,0.06989781634429897,5.253071261139222,0.029342301127304436,3.5976760004218686e-06,0.05876084211489037,5.443977830215394,0.024797870702692196,0.002646676343282211,4.224095443878409,2.5772991642847534,0.7180111028709744,8.060111734133102e-06,0.011066533410964748,5.093658883819036,0.004779735356085131,0.00014001976205014764,4.455428828435698,3.8538106616226564,0.7368288943383712,Vis,0.12326438837235412,0.09082476299569726,0.49586006916390746,0.4981618663378286,0.16460832061173009,0.48346826675075927,0.16460832061173009,0.17521424125598056,-0.9581012693996422,-0.9733585392022193,14.224628432544641,-0.9479213667182289
BLVa1/2_SL-LH|SLc-SLc*,0.0022124338625060733,27.695247090851026,2.6551297028419634,1.4578099687495083,0.0007244107680411793,11.831801074416578,3.1400151021177862,1.1082876183221928,0.00110197160019396,1.7587466739095603,2.957829597502089,0.4407118225617024,0.002290290341332115,3.1445686386489933,2.6401094582366063,0.6174793364295851,0.0014142019079941793,44.999904712374786,2.8494885808488712,1.6627569320526026,Olf,0.694109662799403,1.1541356534244018,0.1577769437368982,0.19833567606236133,0.21412864864656508,0.16417561155561156,0.1577769437368982,0.17126124207569265,0.6305327520313644,-0.47312461663428795,-0.37740834643076177,0.45343656894094886
BLVa1/2_SL-SM,0.0012155267571790187,15.215963946366957,2.915235476309265,1.2099427701008816,0.0006875574071186252,11.229875130468505,3.1626910342420675,1.0874220228232572,0.0008502602738041825,1.357015396991475,3.0704481112167077,0.37236241952330335,0.0010562848795842852,1.4502791396692236,2.976218936555707,0.389215562696154,0.0009255003461093872,29.449421013200702,3.033623414028675,1.483579039065359,Olf,0.7205632659549737,1.0690125576912766,0.19162580864095358,0.20128660849579622,0.22878425896080845,0.20791521861214612,0.19162580864095358,0.19786576772133888,0.3606023743404169,-0.2404795928822848,-0.27038752370221913,0.018108529288259942
BLVa1/2_SLpos,0.0002740236092534981,3.43022754063529,3.5622120161538566,0.6464260325672089,0.0001330430258257335,2.1729917408117054,3.8760078831604527,0.5014689416482945,0.001884792675978944,3.0081291108623947,2.7247364142623756,0.602941702687527,0.0007615021364821593,1.0455424333900047,3.118328873292608,0.3108084930722229,0.000307580384030849,9.787207819861615,3.5120413637486463,1.0329090456697045,Olf,0.9430231370943175,0.9740571285805425,0.27582010083741576,0.2941140968324217,0.18379506717945035,0.2264086952697718,0.27582010083741576,0.24592101562488553,-0.07084160177281383,-0.5547974237258605,3.89935627790752,1.2234082465159557
BLVa1/2_SL|IP-IP*,0.0004366855327002008,5.466429498341114,3.359831194930593,0.8106645469450088,0.0002513543554009876,4.105370686764331,3.599713583304359,0.708027280482029,0.0007884707338019752,1.2583992911479525,3.103214421485212,0.3538007288252865,0.0005381554925213312,0.7388874912317879,3.2690922220634233,0.2402714833725293,0.00036644201885760897,11.660185040049118,3.435994731658267,1.1024400533341783,Olf,0.821538533865444,0.9056969850907026,0.24948327261003608,0.2581585380421622,0.23304830275690816,0.2460282837048891,0.24948327261003608,0.2505534156508762,0.23597251797783797,-0.2979141729933394,0.7108000350524513,0.31157792624391334
BLVa1/2_VL,0.00011966262820953152,1.4979367799269157,3.9220414591352317,0.3975814426544796,0.00012850458568337185,2.098865397966512,3.891081370887327,0.491202712673635,0.000221688312408074,0.3538145466032861,3.654257200688679,0.1315591762375264,0.00015681497601776533,0.2153069620723918,3.8046124612590453,0.08468598583294851,0.00013096108611019647,4.167181760026452,3.882857728495321,0.713253738493244,Gust,0.7759693070103543,0.553463009181147,0.32264650550201346,0.29607568516204036,0.3047582549850857,0.3157182101847362,0.29607568516204036,0.3073823255373757,-0.05944039428161159,-0.00319503499741357,0.33580863210402423,0.06135735412247701
BLVa1/2_VL-SLl,0.00017335316742053808,2.1700349497702955,3.761068216222866,0.5010640503593007,0.00028461118462725624,4.648554478516976,3.5457480355211217,0.7519373217442988,0.00016232662100704648,0.25907328712724614,3.7896102488575445,0.1000510099081998,0.00015885821307340032,0.21811232654977863,3.798990324214093,0.08568733801069199,0.0002278329947152557,7.249645891839437,3.6423833793817764,0.9164353072746927,Gust,0.6285210869658091,0.5759989154621351,0.30169825248988524,0.25113573146606066,0.32237242394699067,0.3149865733787943,0.25113573146606066,0.2706133903466338,-0.22196444726697448,0.26061771352547636,-0.44148984719839607,-0.3860632283818616
BLVa3/4_MV-Mm|Mc,0.000981822250240025,12.290450928504633,3.0079671296192685,1.1235397162654577,0.00042606450592443633,6.958911575263818,3.3705246429619296,0.9008536796500611,0.000321122234002186,0.5125110854674888,3.4933296221680665,0.17969856635903014,0.0006279950692496378,0.8622372300797526,3.2020437654535407,0.2700350048687169,0.0006541321998981304,20.814486600758507,3.18433447137231,1.3387449964160634,Olf,0.6489237823706376,0.8687434667040775,0.20369344237079312,0.22833303522559462,0.2838159445085912,0.23730293278491563,0.20369344237079312,0.21540341496077473,0.5588227388202086,-0.33242048872651914,-0.609151993516724,-0.14144838832386852
BLVa3/4_Mp|SL ,0.0008200226937563641,10.265044080442166,3.0861741280174213,1.0517328954699994,0.0003106040263098533,5.073095561718834,3.5077929174834837,0.7834101149115718,0.0006873870744767602,1.097069770864909,3.1627986378983763,0.32161287996346183,0.0006190228245645901,0.8499183381271822,3.2082933367085062,0.26715255754705897,0.0005493510196409568,17.480349444975246,3.2601500642703862,1.2667101790372066,Olf,0.7158506877252607,0.9067753528123725,0.21387091012955295,0.24619644216945077,0.24080229477676135,0.23811622074195588,0.21387091012955295,0.22625974857446135,0.5534324526770403,-0.41931933665407123,-0.001744926562880287,0.009763054306092693
BLVa3/4_SLl|IC-IC*,0.0003377156993380287,4.227525124313443,3.4714487486282235,0.718296128782769,0.00033609770651881843,5.489483840571862,3.4735344497897387,0.8122101553356555,0.0006945447539186603,1.1084934272541818,3.158299764054564,0.32397225153931525,0.0003381253407949522,0.4642460929114694,3.4709222785413356,0.16561407386151172,0.00035520668427394247,11.302676693596847,3.449518869046981,1.089999611178424,Gust,0.7772754672366986,0.8472299570665294,0.26400862299218436,0.24173821646639349,0.24021683382781886,0.272293438161976,0.24173821646639349,0.25118460961611133,-0.020496303482323334,-0.03797987135704477,0.5442895294741918,-0.15554043153675437
BLVa3/4_SL|IC,8.958088082544373e-05,1.1213734661729047,4.047784666717863,0.3266171324581655,4.648129768167497e-05,0.7591790350347972,4.3327217463146726,0.24531004069166376,0.0001697748430653889,0.2709606495323607,3.7701266597513494,0.10413210448358172,7.4433347859442e-05,0.10219698661101387,4.1282324410584,0.04225921933688668,7.144670444352614e-05,2.2734341353930017,4.146017792634875,0.5150036069280486,Olf,0.7998371525303728,0.41191901850820173,0.33901009785649905,0.3535485555437345,0.3198369270731213,0.35783249634785586,0.33901009785649905,0.3424558426070747,0.3015365429699824,-0.33352622820462763,0.8909847993958917,-0.0687744086228721
BLVa3/4_SL|Mac,0.0006514504947920312,8.154857293806645,3.1861185810583943,0.9616515788949134,0.0002297402382272717,3.752347310966029,3.638762931039932,0.6769081722349737,0.0017924753696338005,2.8607906899355457,2.7465468030081785,0.5866762572909607,0.006978324818982748,9.581239976463312,2.1562488193185563,1.0245365640489954,0.0007790509716880487,24.78940191911371,3.10843412585385,1.4114412705504822,Thermo,0.9183853761874307,1.2962470222209697,0.22687718155443112,0.2632402249208237,0.18663336212508108,0.10120840717256116,0.10120840717256116,0.178302963609372,-0.12393730324058394,-0.6951019702986833,0.8479092058868946,7.080742394956795
BLVa3/4_SL|SLl,0.00029179434111413434,3.652681562066734,3.534923133321364,0.6677033296513102,0.00019898279294405569,3.2499859571552614,3.701184475440626,0.6283874950526513,0.0004108046032853302,0.6556441468433869,3.386364697488328,0.21896699810735182,0.00040364347455874096,0.5542024905691514,3.3940020630040166,0.1915076005703446,0.00025639177417574046,8.158386254272061,3.591095910717507,0.9618189559160218,Olf,0.8024100079662729,0.7717731560786874,0.27226886206225737,0.2713634526191401,0.269896064005008,0.2622834258911763,0.27226886206225737,0.27103222536301874,0.1777700153269069,-0.2073838236039359,0.2711376785207965,0.40290374906166126
BLVa3/4_VL-SL|SM,0.0007368711199301163,9.224152679285197,3.1326084637872373,1.0096273262677644,0.00043165913313405655,7.050288621478545,3.3648590647561907,0.9058114511092945,0.000798884542441407,1.2750197297364856,3.0975159813486477,0.35698516735732044,0.0007561550460856522,1.0382008782756005,3.121389144724004,0.30924698439436665,0.0005881381217843436,18.71455503517781,3.230520668960024,1.294786979332259,Olf,0.7648855940976506,0.9903639079164573,0.21991364242814854,0.22759574520418138,0.23230673624811762,0.22680694369336588,0.21991364242814854,0.22406258341544738,0.298093176695849,-0.24955469204929415,0.07887719180716093,0.14702133967246248
BLVa3/4_VLcen,6.143535276583364e-05,0.7690477459227056,4.211581636566397,0.24773955451002636,5.695245102384241e-05,0.930204382572418,4.244487573121319,0.2856032973621117,0.0001351373191955869,0.21567916143615665,3.8692246974859925,0.08481897230255514,6.0199891388105985e-05,0.08265445087586952,4.220404285075955,0.03448986565200122,6.291308949733905e-05,2.0018945078053285,4.201258980321688,0.47739542625401143,Gust,0.7902421286126038,0.37725797783289133,0.36032581657426765,0.34206620139015276,0.3327330502418698,0.36982727929526354,0.34206620139015276,0.3492369205450527,0.007052293927497592,-0.07868134094691275,0.6981757244960083,-0.15028030214087065
BLVa3/4_VLdor|IC,0.0001715902355142943,2.147966568167936,3.765507427143481,0.49803011144519616,0.00016680947747851934,2.7244991956566564,3.777779275437113,0.5710678848199614,0.00020663496874630648,0.3297894101191051,3.6847961790279844,0.1237828700914214,0.00014566386376175548,0.19999648494489028,3.836648171503554,0.07917997390489687,0.0001698446861632531,5.4044579137147135,3.7699480335556217,0.8064823760720303,Gust,0.7247100875011204,0.5844659133312726,0.3022759492043005,0.28133111693844115,0.3087324449399464,0.3198871773465058,0.28133111693844115,0.2927590450939377,0.04005631373073097,-0.002187851412948983,-0.03984407631521703,-0.23973950939725
BLVa3/4_VLpos|VLant,1.811097084475458e-05,0.22671313303463783,4.742058244578829,0.08874301480032332,2.129828626412247e-05,0.3478649095519123,4.671655319643327,0.129646366994456,3.6533859655725305e-05,0.05830804001053758,4.4373044320069255,0.0246120954924725,1.81513186483007e-05,0.02492176050411686,4.741091795138005,0.010690713900823396,2.065199465653617e-05,0.657146469970981,4.685037974964277,0.21936089604087328,Gust,0.7522507306859302,0.16501439433066728,0.4293593901086577,0.3976556762051396,0.4066601066551254,0.4375869485650998,0.3976556762051396,0.41089333625456415,-0.0984666851058886,0.04628136305479565,0.39414924245069594,-0.2219732283240316
BLVa3/4_VLpos|VLcen,1.1945902676296756e-05,0.1495388097018828,4.922780991432363,0.06052363811495406,1.6586823911361306e-05,0.27091259494426423,4.7802367396806,0.10411568364710744,2.0958937154892763e-05,0.03345046369920884,4.678630723842521,0.014289664458538829,2.163957296315007e-05,0.029711133678405048,4.664751293809201,0.012715408545374262,1.5159893915508921e-05,0.48238782439149397,4.819303809111141,0.1709618392430432,Gust,0.7528741530353543,0.12871274992147255,0.4528777448217801,0.4117859193325347,0.43806510371170404,0.42765237740298984,0.4117859193325347,0.4272844357086474,-0.19116469472424913,0.10832758520671339,0.08788764686622376,0.26164196237654797
BLVa3/4_VLven|IC,3.079832488725021e-05,0.38553343093859815,4.511472889918043,0.14161700914892314,3.154206236318157e-05,0.5151765045778447,4.501109900165857,0.1804632272272378,4.1175880360761515e-05,0.06571670505577538,4.385357096080036,0.027641773375069248,2.917772271098831e-05,0.04006101328218695,4.5349485924397515,0.017058817139685052,3.163051427954329e-05,1.0064829643750675,4.499893733116225,0.3024354767988326,Gust,0.733509692896035,0.2218393537075776,0.39935216491437403,0.3754617479929923,0.39989994007952306,0.4107605028234036,0.3754617479929923,0.387613566947334,0.00197697094580269,0.012708630055297291,0.026945035386656227,-0.18261182928741732
BLVa3/4_VL|IC,2.7528805658578613e-05,0.34460558923408713,4.560212614354116,0.12859491219051583,2.0489440934794102e-05,0.3346540387879921,4.6884698701951955,0.12536870501371428,6.330951704100716e-05,0.10104198919744743,4.1985309926375525,0.04180388148676524,2.7034404194871508e-05,0.037118236959558584,4.568083181236381,0.0158282710774844,2.5816851792032875e-05,0.8214922240224861,4.588096701587842,0.2604273215722613,Olf,0.8141038052343225,0.21201487347896047,0.4056949089677079,0.3998438377459835,0.37558732505496384,0.4150724725458655,0.4056949089677079,0.4000036645800441,0.10276070869675533,-0.1899948065264185,0.9441804727546048,-0.06748241937308247
BLVp1_IC|S*,0.00011238610182741707,1.4068492226756066,3.9492873883978388,0.3814488847033668,0.00011486758886617571,1.8761323289512477,3.9398024911360223,0.4588088637731643,0.0001980882848412256,0.31614890260659606,3.7031412061622966,0.11930502599690467,0.00012171333141850956,0.16711240403761363,3.914661846760486,0.06711268475356133,0.00011843231068201505,3.7685161259017184,3.926529793637121,0.6783832556457797,Gust,0.7654776763941609,0.5192872382364375,0.3261921545143425,0.3024160081594446,0.31111977505128136,0.3300394869982278,0.3024160081594446,0.31325369623781324,-0.022890169734028867,-0.014419594163267954,0.32027144008364733,-0.08879680033784478
BLVp1_T|SL,2.6194496866324404e-05,0.3279027117726489,4.581789922315277,0.12316625779703422,0.0004320219802361556,7.056215003197129,3.3644941557621584,0.9061310480937378,1.594189332616304e-05,0.025443261748556215,4.797460073998977,0.010911635653966476,2.79039028083035e-05,0.03831205855580071,4.554335033866041,0.016327897771696184,0.00022886929248535455,7.282620886883981,3.6404124710407335,0.9181677832347723,Gust,0.16964775035927132,0.1557650988781382,0.408502871945363,0.22754825777213933,0.4535289612280702,0.4132833573839208,0.22754825777213933,0.23724244677795728,-0.8848359597844307,0.8744612010066936,-0.9462695605473308,-0.8943625051255348
BLVp1_VLm|VLl-VLl*,0.0003611776670896171,4.521222036627827,3.4422791103111354,0.7420352126976935,0.00023376986369946106,3.8181631838032972,3.631211474518319,0.6828815047999685,0.0017747824202175451,2.832552742667202,2.7508548815139835,0.5834881402235331,0.00023206802330568596,0.3186293959987068,3.63438469506437,0.12012275317450194,0.00036411765184874676,11.586223681827121,3.438758265452334,1.0998954457429462,Olf,0.849550889846237,0.9344171546687433,0.2602126321015039,0.2622575161242385,0.18719399392265781,0.2935656197826357,0.2602126321015039,0.24381707958076057,0.029244397029794,-0.3425693801598779,2.8771839258857033,-0.4305452266936984
BLVp1_VLpos|VLant,2.4505659616335595e-05,0.306761847077289,4.610733585411623,0.11619644609289546,2.0709798436814085e-05,0.33825313786848443,4.683824106992915,0.12653827036846763,6.279052604587514e-05,0.10021367956921672,4.202105871581647,0.04147704047240183,2.544144176978673e-05,0.03493109954991718,4.594458263731564,0.014911437637078665,2.460878704197244e-05,0.783051603675563,4.608909774336388,0.25116391236617697,Gust,0.8165992784066406,0.20510026960000882,0.412269455550628,0.39923926135033505,0.37605254192736914,0.41850479391386847,0.39923926135033505,0.40224698658006725,0.028541796265719344,-0.142181909919639,1.0203347393656634,-0.0805172659795459
BLVp1_VL|IC-IC*,9.650705712175808e-05,1.2080753410501677,4.015440923016438,0.34401388773656544,0.000100278557617481,1.6378496815663173,3.998791917124802,0.4212500435506387,0.00011098182341050815,0.17712699016317102,3.9547481401732867,0.07082331768805866,8.894011502441022e-05,0.12211477792851522,4.050902308339656,0.05003728193933696,9.88012676826409e-05,3.1438563376616333,4.0052374787086,0.6174046905493581,Gust,0.718066709412669,0.44333775451872476,0.33480104476072625,0.3100925971272515,0.3438626434802754,0.3477691395045349,0.3100925971272515,0.32294791395637956,0.004741838407142306,0.03030847925467638,-0.11423006997881366,-0.20266759863246875
BLVp2_IC|IA-SM-IC*-IA*,0.00016846625712990378,2.1088606067521356,3.7734870703143,0.49260124984135234,0.00012191701502049996,1.991270606329826,3.913935675447471,0.4758557034090444,0.00017160546228562297,0.27388231780785427,3.765468889931194,0.10512930940645446,0.00016994355808789234,0.23333250525467616,3.7696952906607653,0.09108017775534977,0.00014539374416356818,4.6264289392847395,3.8374542764163024,0.7502328381852713,Olf,0.7495730130091891,0.5623542889769693,0.30331438007060174,0.29904983009246694,0.3192307881962522,0.31117426417901023,0.30331438007060174,0.3028154629490531,0.19729506317127687,-0.14490106303958836,-0.0650399924502086,0.04001423353111732
BLVp2_IC|S*-N*,0.00021870072629745523,2.7376956917915445,3.660149772697405,0.572603939965358,0.00022547932148374707,3.682753757794041,3.6468932788102144,0.6705013210443117,0.0003128970668505112,0.4993837186934159,3.5045985065959275,0.1759127906770953,0.00023152964943009812,0.3178902086675247,3.6353933839393053,0.11987923138398064,0.00022748801808593732,7.238668735494525,3.643041471015135,0.9158570408794096,Gust,0.7453459338017361,0.6826303213631583,0.2885652308130314,0.26429826773021897,0.28528242078681204,0.29369688550966194,0.26429826773021897,0.2762164128318453,-0.010564836307729891,0.006717494125918722,0.08520620871679842,-0.09803426105661858
BLVp2_IC|S-N,0.00021471672186811357,2.6878239243450457,3.6681341299162615,0.5667701774274652,0.000212628483824547,3.472861026306326,3.6723785555537707,0.6505854046680922,0.00034393336049015437,0.5489176433422864,3.463525695627949,0.19002832673735248,0.00021892841307095723,0.30058871114642427,3.659697868978438,0.11413998009776626,0.00022047866215221465,7.015631029683471,3.656633433060642,0.9039377178220139,Gust,0.7574231970279374,0.6846633961468873,0.28960427514197545,0.2676147942264813,0.2799374105198267,0.2968597496771337,0.2676147942264813,0.27826481140869064,0.0029403271694780704,-0.01984570029722499,0.2315645843584512,-0.11944260886915822
BLVp2_VLpos|VLant,3.86090966809995e-05,0.48330867225275176,4.413310347993717,0.17123153586110326,3.15743738488116e-05,0.5157042480726398,4.500665239423438,0.1806144678128436,4.355334155930102e-05,0.06951113312864443,4.360978508868629,0.029185309740806388,2.6575102448920738e-05,0.036487615662368175,4.575525036222992,0.015564117349679678,3.4808433358691755e-05,1.1076043494735714,4.458315510317327,0.3237890861573563,Gust,0.7242148521169233,0.23449286514852352,0.3865777824931669,0.3754038820671513,0.39672743262584137,0.41604091834666207,0.3754038820671513,0.38297431406826604,0.14409443315225895,-0.07664063268117528,-0.010610322006045064,-0.32190039603463005
BLVp2_Vpv|IC-IC*,0.00015730087239406508,1.9690923206289068,3.8032688660024605,0.4726237017106789,0.00014020982784701988,2.2900471182253757,3.8532215408315307,0.51720211771859,0.000177919870597009,0.28396011347282635,3.7497755435239055,0.10855153248072011,0.00015560579098926536,0.21364675102826133,3.8079742416512032,0.08409229760936897,0.00014972785049996315,4.764340202908827,3.824697407220833,0.7607496043220354,Gust,0.7391301365412457,0.5622929589162446,0.30719003406094064,0.2911487961669746,0.31718853455708174,0.31615569547702466,0.2911487961669746,0.30046683950633973,0.08282989623778886,-0.04748605278680986,-0.061082955599322676,-0.07763848542392626
BolwigsAxon_Rh5,1.0559540388311444e-06,0.013218432658088265,5.976354573093146,0.005703081956329162,7.09349508144546e-07,0.01158580551652487,6.149139115821127,0.005002726732967177,0.03156860531036437,50.383494075341545,1.5007446046443094,1.7108236329401656,1.4571807304752238e-06,0.0020007091429424823,5.836486282395491,0.0008680288932607112,0.0016183115720951177,51.49467422406665,2.7909378600729102,1.7201152448835835,Vis,0.0036223912036690517,0.0062309303323633295,0.5899845431704941,0.5899280304404454,0.024510892687104772,0.5801361104755207,0.024510892687104772,0.024811171263294296,-0.9993140936244745,-0.9995452801875955,14.719867461045336,-0.9991849587966615
BolwigsAxon_Rh6,6.021473981765826e-08,0.0007537681130374461,7.220289973485,0.0003272340183302876,3.957272066526826e-08,0.0006463412466258266,7.40259311606119,0.00028061176112409436,0.04508024787827089,71.94807561372033,1.346013704597902,1.863013839596628,8.727398435828858e-08,0.00011982718052393023,7.059110220349471,5.203716561236855e-05,0.002309802955823849,73.49793005431488,2.636425067040355,1.8721442059230877,Vis,0.0001931743792139927,0.0003616502947782658,0.7518640768538519,0.7530462671177539,0.004374986965611237,0.7392422769884718,0.004374986965611237,0.004390767285654215,-0.9999725960229853,-0.9999822266015285,14.72789846105556,-0.9999657987393133
CM1/3_IA|V,0.0001547929594077678,1.9376982658664375,3.8102487938183613,0.4680071868937603,8.482648463007961e-05,1.3854709734630903,4.071468525490145,0.3775741364088816,8.876710700906479e-05,0.14167230278646742,4.051747929000681,0.05754146510558802,0.00012549504997773185,0.17230470361942585,3.901373400680488,0.06904050750237496,0.00011509288792219772,3.6622556936843313,3.938951508666074,0.6685960879985927,Olf,0.7026024280203578,0.469757234792724,0.30809836696924564,0.3195503675775206,0.356485711026883,0.32831019506383247,0.30809836696924564,0.31530295874750225,0.393572396684321,-0.246343268878138,-0.3873618176454594,-0.027138001504368833
CM1/3_IC-V|V-IP-V*-IP*,0.001158824527934075,14.506165440678753,2.935982320623979,1.1905044132972682,0.0006303038579371531,10.294752911687521,3.2004500339659585,1.0528767345689616,0.0013057742494175795,2.084015702070457,2.8841318998392427,0.4891165805673739,0.0011122352079881107,1.527098940567676,2.9538033609879264,0.4026222456798683,0.0008997556403287901,28.630224475262104,3.0458754217072452,1.471734941658869,Olf,0.7644957692860238,1.1251351364086184,0.19432569923174245,0.20620037593559096,0.2045379987402753,0.20499816767926543,0.19432569923174245,0.19995104010015827,0.3355325111759948,-0.2831132858074504,0.15366189363867383,0.10377292247297791
CM1/3_IC|SM,0.0003103664435688623,3.8851671405950183,3.5081252388517776,0.6888794272147389,0.00021914856825271854,3.579353565271652,3.659261360363331,0.6608041760716099,0.0005962791424201178,0.9516615113025081,3.224550381088548,0.2904044974901729,0.0004008080461255095,0.5503094473303245,3.397063567612067,0.19041839356036722,0.0002833649171416345,9.01667166344681,3.547653918381424,1.000723438265369,Olf,0.8211166760640505,0.8217107032878478,0.2687815180578452,0.2659077880266472,0.24883835789435613,0.2626818347942146,0.2687815180578452,0.2651433116867567,0.1334211347867201,-0.21019666106823406,0.6693208868644291,0.2603735767530034
CM1/3_Ldor|Ldor*,0.002473801736768059,30.96705014086257,2.606635109736651,1.5047025622443795,0.0021279765742906786,34.75624138788965,2.6720331570527374,1.5533518605072625,0.002383474783951837,3.8040257551871317,2.6227894381628687,0.6816053270626062,0.0026868817185406475,3.689088599556309,2.570751451423719,0.6710884387390372,0.002305518756378273,73.36160682795663,2.6372313400710143,1.8713487655669852,Gust,0.7371025192320503,1.3793758894612123,0.1514660998493626,0.1374348455083819,0.170528197415781,0.15514970731931396,0.1374348455083819,0.1459813755776474,0.10635774394711293,-0.06079301553120572,-0.18282529683930437,0.03472644802650255
CM1/3_Tdl|IC,9.931265989338221e-05,1.2431958765453586,4.002995381860865,0.3508671979648621,7.315711585794852e-05,1.1948751733078735,4.135743418523076,0.34140982613389786,8.68195366350255e-05,0.13856398046950072,4.061382531364075,0.05635744038298026,9.121707257379871e-05,0.12524104064382563,4.039923864907377,0.05124556369944048,8.522265985570201e-05,2.711785036608438,4.069444910209397,0.5695828166529523,Olf,0.7305134450761464,0.4160879056493232,0.33318144425891033,0.32791478080061964,0.3577395100081801,0.34634045976535666,0.33318144425891033,0.3327217291419096,0.20358920724941498,-0.12502825792416591,-0.19338778051488095,-0.04808950972064189
CM1/3_V-L|V-L,0.0001585023558449945,1.9841324904676414,3.7999642756723127,0.4748181011738368,0.00013338152767845886,2.1785204915722685,3.8749043094633633,0.502225015624294,0.00015975868326749952,0.2549748584949292,3.796535524863178,0.09863502547738429,0.00015615579174280847,0.21440190206287602,3.806441900581563,0.08436243876777898,0.0001458893446093278,4.6421989454688095,3.8359764237476344,0.7514483954308373,Gust,0.7356227113922632,0.5527825061181981,0.30675999119738817,0.29397048326903746,0.323273644741951,0.31595628427149175,0.29397048326903746,0.30207955149787813,0.12047837249308671,-0.06947675879628527,-0.13422330486095183,-0.049456131340074795
CM1/3_V-S|Vm,0.00022276091313543138,2.78852111062933,3.65216100858099,0.5784697115944968,0.00021048496481297253,3.4378509302902804,3.6767789188194833,0.6471727099645642,0.00022810704435030096,0.3640588427830803,3.641861300828103,0.13483310532396867,0.00022679098735515856,0.3113840256386327,3.644374206328439,0.11772988909163122,0.00021706897292226847,6.907134718386582,3.663402246638959,0.8980191381845622,Gust,0.727334709351361,0.6531604888634283,0.2875256129924725,0.2681874355013148,0.30314511455320836,0.294865604833823,0.2681874355013148,0.27904816200658483,0.056853468581618175,-0.014490880057364191,-0.17036293346824105,-0.0734947363260234
CM1/3_Vm-Lm|Lven*-Vven*,0.0029812993333239585,37.31990505454931,2.5255944168829343,1.5834244243538869,0.0028057071580295115,45.825615012096016,2.551957659699101,1.670483490149903,0.0028452876379879044,4.541079070228696,2.545873822867948,0.7435943475103808,0.003014441471959934,4.138828141000989,2.5207931437831346,0.710864093718841,0.002887911174902052,91.89333358538329,2.539416168584682,1.967984548321252,Gust,0.7222029929170337,1.4212843308120848,0.14091986926182298,0.12180882062615664,0.16051878379752713,0.1486483829403149,0.12180882062615664,0.13270005075258154,0.06311861119445049,-0.012624699239380605,-0.2221856031166371,-0.07438729788029089
CM1/3_Vpddor|Vpdven-Vpdven*,0.00015056035847701264,1.8847145674152441,3.8222893569966763,0.46010284767230164,0.00011871827590186879,1.9390256003052229,3.925482415446457,0.4682033689997549,0.00016041209924895256,0.25601771040132826,3.794762874997343,0.09899576318727761,0.0001446407363989367,0.19859173107574007,3.8397093727683744,0.07867127723117799,0.00013486538231175746,4.291416465160124,3.8700995089339663,0.7235719443714178,Gust,0.7435843747261456,0.5380367918248021,0.3096652656618761,0.3005524651055151,0.32304296095115703,0.3202855467739728,0.3005524651055151,0.3068286749787524,0.15232097095576447,-0.10330615798238917,-0.05881800564856013,-0.04676547990608419
CM1/3_Vpd|V,0.00022333251122254454,2.7956763754838128,3.651048048755583,0.5792891767971177,0.00020078285269696565,3.2793863330995396,3.697273377496844,0.6313814953550658,0.00022994020732696867,0.366984570893842,3.6383850795020223,0.1357636127291385,0.00022006211006794627,0.30214527712329026,3.6574547251458385,0.11465944009491737,0.00021223968890518992,6.753466900963144,3.673173397555332,0.8894959372529401,Gust,0.7308538365027467,0.6500915182949177,0.287380777965277,0.27085448188711503,0.3026927364899514,0.2965678381538411,0.27085448188711503,0.2805895972959777,0.08432902682014451,-0.03794580947231161,-0.1441498810365054,-0.07997269038821894
CM1/3_V|N,0.00017532277381187303,2.1946904825770264,3.756161664438633,0.5044287879340559,0.00014351218595162605,2.3439845331479083,3.843111217389161,0.5242642600396911,0.00021111489598310058,0.33693937398902857,3.675481120319577,0.12611171381471675,0.00017444936638581293,0.23951898004772118,3.7583306011161213,0.09325318125864586,0.00016119614914484137,5.1292614657888524,3.7926453346824,0.7874081481472252,Gust,0.7524855143253855,0.592513225342564,0.30105973837205025,0.2898330892229298,0.30752022977228166,0.3096953203018896,0.2898330892229298,0.2967451075177755,0.12232972978033449,-0.09336037814719812,0.03603558887212856,-0.0383924994827594
CM4-CM5*_V-T|N*,0.0013286471878122415,16.63200549703364,2.876590327028576,1.2463017125693205,0.0012503581909523247,20.422100332824318,2.9029655561884518,1.3308620490466179,0.001277850683442266,2.0394496907738566,2.893519890083164,0.4827949593012708,0.0013210605246872233,1.8138161003955575,2.879077284300835,0.4492957103008397,0.0012865234084379075,40.937174856494224,2.890582307007298,1.6225991703934777,Gust,0.7216189088889209,1.1708982429034096,0.18659672212833323,0.16748723333550888,0.20575970485333486,0.1952736896683634,0.16748723333550888,0.17839684221612023,0.06352374932868973,-0.01227568688914958,-0.2158641827064337,-0.08944423824383242
CM4-CM5*_V|N*,0.00036587009704049865,4.5799618747529625,3.4366730832345396,0.7466312316184077,0.0003533347886378888,5.771017102822638,3.451813599463206,0.8306539107775036,0.000380210380342597,0.6068157670267849,3.419976029242662,0.20596608463489677,0.0003746414799470783,0.5143827519673384,3.4263841384688956,0.18023565459542196,0.00036071916009429656,11.478083674200516,3.442830787716294,1.0961478935496516,Gust,0.7263241483061418,0.7961586852000221,0.25948309176629863,0.23891157360297996,0.2742700746724062,0.2664974672909971,0.23891157360297996,0.25023135773205657,0.04428767846232619,-0.004724259545146119,-0.1680621755120833,-0.07922099084747465
CM4_IC-SL,0.00011770893104306103,1.473480398797038,3.9291905805734677,0.3933084731283324,8.67518430214972e-05,1.4169178520701138,4.061721284953813,0.38326188954751805,0.0001794568516583746,0.2864131352467659,3.7460399532410436,0.10938046590069506,0.0001312107486320236,0.18015235787176836,3.8820305832939863,0.07193807841768284,0.00010597605161989608,3.372157962545093,3.9747922610561126,0.6406958442708934,Olf,0.7880443318651297,0.5048967285272213,0.3235768564224092,0.3182819104275561,0.3167024035145603,0.32579301751774536,0.3235768564224092,0.32087435762833555,0.1481585412405229,-0.1649068216038496,0.3419185359331871,0.10206743643014188
CM4_IC-VL-V|S*-N*,0.0011205867588814362,14.027505047677819,2.9505545131770368,1.1768868825184287,0.0008845774584427875,14.447803628746048,3.0532641313968227,1.1888667400894346,0.0015369978532740437,2.453048573825374,2.813326738796672,0.538202687586625,0.0011015701340504817,1.5124557940513115,2.9579878468602425,0.4000984292072609,0.0010229528262506713,32.55035893129636,2.990144393010314,1.5256971707359364,Gust,0.7653069281874799,1.1676266150802486,0.19622205151377412,0.18704633846294547,0.1953237690878868,0.20554271574944796,0.18704633846294547,0.19250218980921208,0.13107877358606101,-0.11885574334014114,0.18930785997314575,-0.042572648368342146
CM4_IC||N,0.0007183730255413738,8.992593533726918,3.1436499829167026,0.9996782220801393,0.0007173800807418018,11.71696885875585,3.1442506858001606,1.1043836077912212,0.0010642243542786619,1.6985020694287445,2.9729668062625527,0.4311227554533504,0.0007190938850357282,0.9873159041540547,3.1432144037404033,0.29826690813952383,0.0007356281820885386,23.407688754057297,3.1333416406012113,1.3875266565625184,Gust,0.748635724706465,1.0387520240852193,0.22135053052319806,0.19888687374607034,0.21609852931290804,0.22964717378166488,0.19888687374607034,0.21006902580449002,0.005446581882350468,-0.009117678831629073,0.14186783925246838,-0.13335568436393966
CM4_IP,0.00025507912635891196,3.19308050376086,3.5933250774298724,0.6225332005870854,0.00018090671907777271,2.9547494426972616,3.742545300257445,0.5971189735224509,0.0003546303621001404,0.565990057911824,3.4502240832801667,0.19478900050114573,0.00028210926347753553,0.3873360187546563,3.549582651365355,0.14218166180649838,0.0002242522238659945,7.135705763415944,3.649263239511379,0.9103952334698077,Olf,0.7823090987822028,0.7122104746313783,0.27986899907540835,0.2767459435684262,0.2782064051931694,0.2825299058017747,0.27986899907540835,0.2785821391501634,0.17621025612439647,-0.17675610394013028,0.25360183430713645,0.12014359469435994
CM4_L-V|Lven*,0.00043507690286162407,5.44629267002181,3.3614339706987364,0.8093100191549197,0.00037936853185872215,6.196226230848509,3.4209386949881404,0.857104807989905,0.00040615027617699016,0.6482158407784764,3.3913132460455513,0.21701408376951437,0.00045280522500874723,0.62170157393701,3.344088569422117,0.2099709382125973,0.0004064968747844028,12.934730555639698,3.3909427879169196,1.144098575537289,Gust,0.7305033950391568,0.8357678936894528,0.24969184983507878,0.23489366790034666,0.270540043372908,0.2557879333897169,0.23489366790034666,0.24393082943494693,0.10330841780013902,-0.050585220406735215,-0.2104287640782263,-0.01124510945938111
CM4_Ldor|Ldor*,0.0008615805897791348,10.78526582285521,3.0647040931507257,1.0713393827107631,0.000730160977091956,11.92571923884292,3.1365813807154845,1.1114547183245849,0.0008270697590388879,1.3200033354260652,3.0824578578933783,0.3654886092685263,0.0009332517293899551,1.2813546244524083,3.030001196153212,0.35819279929334236,0.0007972086117484414,25.367178025835404,3.0984280179884633,1.4210636514699895,Gust,0.7380336191798117,1.0487927497792748,0.21107690713607652,0.19788882872669739,0.23034714734798858,0.2149141729801453,0.19788882872669739,0.20606260875155402,0.11455795283100857,-0.06784282171523581,-0.17979473517239233,0.03956551331374593
CM4_L|V-V*,0.0001795803941721674,2.2479873742471916,3.745741077096786,0.5116143323593372,0.00015451279158089582,2.5236574248907715,3.811035558198386,0.5469936790500072,0.0001784141186926067,0.28474893343340024,3.748570778536513,0.10881826581688668,0.00018452278333890937,0.2533497815243226,3.7339500007692727,0.09807228965883204,0.00016719271970987507,5.320072341168224,3.7767826349373883,0.8007220493568104,Gust,0.7354102968406379,0.5888592400043358,0.2997036552353588,0.28565892330502657,0.3170317524651052,0.3065225508688267,0.28565892330502657,0.2942829849116618,0.10745088197990449,-0.05964081104475317,-0.15653234274566763,-0.020144891102723994
CM4_SLc|SL*-IC*,0.0012426831126887074,15.555907204637236,2.9056396030734097,1.2189529835280135,0.0008900829569932996,14.537724936571564,3.0505695141194606,1.1913874288905504,0.00331031406519584,5.283261248052561,2.4801308005610623,0.7981851173681577,0.0017174129319250078,2.358007955533036,2.7651252709838112,0.5260817207001852,0.001193163637818042,37.966466955370095,2.9232999900579606,1.5906910305977893,Olf,0.8521376402472567,1.3554877011760769,0.19037704967467967,0.1866956744427905,0.151963315570945,0.18044454438298224,0.19037704967467967,0.18295979059053052,0.07834138647553238,-0.23776279438338338,1.2021086289800793,0.2832666784256365
CM4_SL|SM-SM*,0.0003546569339172204,4.439595498775764,3.450191543592597,0.7355666057310541,0.00025533442970577765,4.170377240384466,3.592890618578809,0.71352223118686,0.00015751863734100573,0.25139974519624514,3.8026680510823776,0.09739606221264199,0.0002567400828857948,0.35250413380219625,3.5905063212334913,0.1311386011610392,0.00029050678490187803,9.24392589557776,3.5368437185393304,1.0104664281273108,Olf,0.673537662448566,0.6805871959836209,0.2612423166088346,0.2572706315256646,0.32407170104322863,0.28785550759168976,0.2612423166088346,0.2621771159720802,0.26039060937218517,-0.10449118712010931,-0.5708567241068457,-0.21433629211660452
CM4_SM|SM-Vm-SM*-Vm*,0.0003734030926926796,4.674259914326964,3.4278220881863684,0.7539092251455333,0.00044782539427563753,7.3143321647039885,3.348891282093851,0.9198273709539806,0.00040987994702089886,0.6541683954453545,3.3873433275407496,0.21857971893482525,0.0004227352466461868,0.5804154936452144,3.3739315392066165,0.19877127864775213,0.0004147067038448467,13.195967316343022,3.3822589430454837,1.152164990791911,Gust,0.7076930708019582,0.8153791804040373,0.2583312675231906,0.22551777780288185,0.27002341802715785,0.25967154827110017,0.22551777780288185,0.2408179100053317,-0.07534179182295757,0.09439932472020005,-0.22190315863276572,-0.09859888703496984
CM4_Vpd|Vpv,5.492671545469315e-05,0.6875726240618489,4.260216362533916,0.2272624716071476,4.506178260408482e-05,0.7359940952725175,4.346191622330747,0.23954824365445695,6.326105568341052e-05,0.1009646448707232,4.198863558105696,0.04177337275550437,5.436535124321622e-05,0.07464362725693587,4.264677793748404,0.031264467623281764,5.0391288622710224e-05,1.6034508039746393,4.297644526961557,0.41554937545737614,Gust,0.748409333131584,0.3110010309693011,0.36665489665186635,0.35530145786291273,0.3756306034622552,0.3755888123589294,0.35530145786291273,0.3624133502159059,0.12467420901300856,-0.08942597941218369,-0.0069909562037868125,-0.04145696392814708
CM4_V|N,0.00022897889270073442,2.866357778827793,3.6402045472310682,0.5873020395997288,0.00019088357735533111,3.117701468944623,3.7192314321952753,0.6146548573160816,0.00026391145416920976,0.42120268085405876,3.578541758666625,0.15265601803979692,0.0002283409034280364,0.313512060406694,3.6414162830952392,0.11843406474601799,0.00021167302766646016,6.735435740346762,3.674334476168402,0.8884847827151623,Gust,0.7475626165423739,0.6641980089246292,0.285969658891304,0.273711993341533,0.2949050259160373,0.29448067549303036,0.273711993341533,0.28123905848022923,0.11594942977207544,-0.08191813215396518,-0.013990803179288911,-0.04174942098673078
CM4_V|V*,0.00010670577183798205,1.3357428518678596,3.971812084381891,0.36842502843948033,9.866871954402764e-05,1.6115561963126035,4.0058205033399075,0.4168993755629722,0.00013187866413949805,0.2104783479666389,3.879825457384845,0.08295702554750796,0.00010717011038498063,0.1471445615585784,3.9699263179124955,0.05961815053522724,0.00010399341045397412,3.309070320645456,3.9829941747379745,0.6343835814912665,Gust,0.743193808242288,0.47146994981487617,0.3291234058326258,0.31100726219635083,0.33411258013431827,0.33723132896729363,0.31100726219635083,0.320968286312097,0.05722104350845395,-0.035235842076773695,0.0016732802901541478,-0.08568072135130551
CP1d_IC-V|V*-S*,0.0002797899337333756,3.502410390474396,3.553167913033541,0.6534450780024501,0.0002974176380538366,4.857722282333313,3.5266332781927483,0.7677287777058999,0.0003920285532088407,0.6256775709213098,3.4066822990925534,0.21103441391787794,0.00030272640532635133,0.4156433545130803,3.5189496945979877,0.15095385457121144,0.0002953794905975287,9.398975390813362,3.529619661343695,1.0169905504490546,Gust,0.7410016744464774,0.7535917007789942,0.27464314647528426,0.2486482325157029,0.27254009509554544,0.27854348596415146,0.2486482325157029,0.26124407436982644,-0.02551272032425157,0.022291124545241417,0.04673187919526412,-0.09209437952347319
CP1d_Mv|T-T*,0.0003840757728622462,4.807860524689598,3.4155830857266745,0.7640161782696896,0.0006383412741830531,10.426028031231805,3.1949470731564515,1.0578952851712624,0.00022649051409238857,0.36147886049145217,3.6449499805354235,0.1340109024933272,0.0003274467407354385,0.4495843750297571,3.484859326668558,0.1612434991276273,0.0005007583294303506,15.934130042473758,3.300371817211939,1.2287628905314143,Gust,0.5964546163774658,0.7329012984907807,0.25673854493462156,0.20548424812908253,0.3035470598877979,0.2741071359239712,0.20548424812908253,0.22497467265449417,-0.21617774076299573,0.2856341099594143,-0.6456565907807305,-0.42457640891896514
CP1d_SL-SM|N*,0.0005400682479852652,6.760574328279549,3.26755135446446,0.8898938628010782,0.0006703104468420989,10.948180528272001,3.1737240113912812,1.0773017758537557,0.00045007035743176263,0.7183122904610931,3.3467195886909895,0.2351020964560775,0.0005339125115345308,0.7330618783369107,3.272529901091848,0.23881406931548146,0.0006003731409861905,19.10387334618058,3.2215787443902806,1.303279739550489,Gust,0.674690364453624,0.8793102824623434,0.23747443554476205,0.20272238498024328,0.2647368477604044,0.24647564606622968,0.20272238498024328,0.21898341427944684,-0.07702633116480598,0.13052568949852691,-0.4103494074134444,-0.21429941527996685
CP1d_T-T*|N*,2.3570237588744027e-05,0.29505223413589776,4.627636021325887,0.1122872854361875,0.00022319648995028,3.6454682703579238,3.651312637570076,0.667029498089031,1.4458538224840969e-05,0.023075827006846183,4.8398755824659325,0.009907823380043326,2.0220878126184966e-05,0.02776326566725196,4.6941999668779895,0.011893091065527989,0.0001228717917258342,3.909780412716045,3.9105478052302143,0.6910620689705709,Gust,0.24503522552101495,0.16933454991922303,0.41446905405313217,0.26487338098368907,0.4590487034344664,0.4314846804811621,0.26487338098368907,0.2782134387210805,-0.8066330712463894,0.8070467174457777,-0.9090680951063786,-0.8571551581918805
CP1v_IC-IA|L*-IA*,0.0007719174240311754,9.662862314022252,3.112429155326667,1.0278738013439013,0.000594153072997424,9.704302141266927,3.2261016516046306,1.0295583590591244,0.0006309399991084314,1.0069802385770565,3.200011938474997,0.30254309629456533,0.0007488701440305462,1.02819870775394,3.125593482949271,0.30711050167387655,0.0006746990375499791,21.468923374840337,3.1708899087164055,1.3515822631815728,Gust,0.7266146406961829,0.9820794605330122,0.2172876081158999,0.20953854920428638,0.24564504765787107,0.22735407524950532,0.20953854920428638,0.21559183590189024,0.18099650402535583,-0.10290198348994987,-0.2599867581713213,-0.013423887281497423
CP1v_IC-SM|IA-IA*,0.000724584844689221,9.070353085819669,3.139910753247068,1.0030446980148728,0.0006814238406536539,11.129695589396128,3.166582675409349,1.0838499018142733,0.0007385676057344825,1.178753898752234,3.131609744241192,0.33820817726323216,0.0007495579737065536,1.0291430978990983,3.1251947709258836,0.30731267514402455,0.000704804407568808,22.42687624883947,3.15193138806491,1.3697143834183647,Gust,0.7286137984235854,0.997992799657874,0.2208639258690779,0.20179304722020588,0.23674352809182386,0.22730218886022852,0.20179304722020588,0.21252273119773257,0.05883014996495243,-0.017306331448138035,-0.17262771189484552,-0.056833008355120125
CP1v_IC-VL|L*-V*,0.0006638057553523945,8.309520445501274,3.1779589858212964,0.968927310064409,0.0006414775792116062,10.477253301263165,3.192818517715451,1.0598379665609898,0.0007383160797182833,1.1783524632303801,3.1317576724265654,0.3381281511091793,0.0006504133576822355,0.8930175400977093,3.186810547453347,0.27715463801681106,0.0006558545881001879,20.869292993347983,3.1831924382944115,1.3398347430718922,Gust,0.728381682017128,0.9759110837836914,0.2258153326259335,0.20520724856616326,0.23676277872626947,0.23532055795613313,0.20520724856616326,0.21648910321367207,0.04208814015689005,-0.006177780650225588,-0.11145499648524353,-0.12077667047324872
CP1v_IC-V|N,0.0004125805388265027,5.16468318503016,3.3844912602341184,0.7899107622734116,0.00041317891445991046,6.748451209873718,3.3838618486554397,0.8892149027353395,0.000645406130406557,1.030068184128865,3.1901669130824306,0.3075106248558845,0.0004312273565970058,0.5920751606076889,3.365293694768143,0.20196356658422937,0.0004256350631280691,13.54370770873516,3.3709626017419967,1.1626751377591484,Gust,0.7556404718592079,0.8785643897152925,0.2526924102153156,0.23006867249230825,0.24436386527561274,0.2585474623826457,0.23006867249230825,0.24103490813414558,-0.0018848149095122486,-0.013552775171549599,0.19695734135442725,-0.10169350448721044
CP1v_IC|IC*,0.0005332702791645653,6.6754773545820285,3.2730526194301777,0.8851053947048133,0.0004565603412918889,7.457000054320423,3.340501814860222,0.9272163333807953,0.0009172268974217261,1.4638941282850748,3.0375232177178986,0.39162204257947386,0.0005163316227069419,0.7089233179766312,3.2870712749511677,0.23272257569512644,0.0005137978927613931,16.34904894766753,3.2892076803921317,1.2392756723199267,Gust,0.7762716870737663,0.9620146169012654,0.23819034266263844,0.22442601448205035,0.224499577935988,0.248367987757543,0.22442601448205035,0.2311087622814534,0.07092194721926573,-0.0951587223721287,0.41208514193687384,-0.10713566624140261
CP1v_IC|N,0.00022760099449801636,2.8491092491261685,3.6428258427235845,0.5853602378338241,0.00028459707328052405,4.648323997890799,3.5457695688699884,0.7519196006606637,0.0002618265285203293,0.41787513951844557,3.581986350754882,0.15163798782469023,0.0002308012882892619,0.3168901688211566,3.6367617694779697,0.11954955547510593,0.00025802395465601637,8.21032223715444,3.5883399710668313,0.9642748249167078,Gust,0.6972762969397088,0.6723659791501081,0.2863107811809672,0.2511385337084216,0.29535328790842114,0.29387496036212474,0.2511385337084216,0.26720089842598316,-0.09468979788346604,0.11716538214363471,-0.20161830858217847,-0.2094892149982111
CP1v_IC|S,6.604971139642399e-05,0.8268102872604356,4.180129069115585,0.2616934485709722,6.990147134308466e-05,1.1417007314466017,4.155513676561287,0.3307587850011631,0.00010070199993647653,0.16072039189861653,3.996961899982262,0.06472761432912226,6.852476955005878e-05,0.09408450859223069,4.1641524099878096,0.03905086879613322,6.986267174274762e-05,2.223030214854229,4.155754803536292,0.508264376900158,Gust,0.7457603186198312,0.3790434036601718,0.35623273670012157,0.3304875833360383,0.349356131125008,0.3625069415146883,0.3304875833360383,0.34278068274987117,-0.027232969899361824,0.01598668528678707,0.13697175620868546,-0.1309759138804461
CP1v_IC|S-N,0.0007487536403642486,9.372898070079664,3.125661052521758,1.015900110295106,0.0006665330888484611,10.886484940161916,3.1761782852870732,1.075053444459982,0.0012245907941151476,1.9544469074077755,2.912009009350492,0.4704761899403219,0.000686619476414643,0.9427285411173048,3.1632838810534056,0.28841212055290716,0.0007292290515025686,23.20406841881173,3.137136037370037,1.3838883719033581,Gust,0.7645567017709886,1.0580611292416546,0.21900954106114184,0.20304177191436937,0.20816578639444075,0.23225891521749356,0.20304177191436937,0.21112685597762879,0.058775853284804225,-0.06985517071605554,0.3274853405008988,-0.16395912497150153
CP1v_IC|V-V*,0.0003745457809442936,4.688564085860667,3.4264950894984114,0.7550026550968786,0.0003866582708970275,6.315289538561149,3.412672694393713,0.8642315201415598,0.000271947968533388,0.4340289577792873,3.5655141794439094,0.15655792125979684,0.0003122654442846394,0.4287404550028099,3.505476071333341,0.15495334201859184,0.0003725932105925904,11.855915961056228,3.428765061932357,1.1091030247875815,Gust,0.6806329790779118,0.7548920958654946,0.25815857854855634,0.2338179719106427,0.2932096818901884,0.2767900959967793,0.2338179719106427,0.2471599398513317,0.03351517758847382,0.05293857066789271,-0.42473039162137183,-0.25803710285842113
CP1v_L-V,0.0009644973696536804,12.073578073324772,3.0156989519621953,1.1163944647676025,0.0008585483736136103,14.022670586231097,3.066235229640075,1.1767471442371635,0.0009058411461583705,1.4457224692687591,3.042947955702129,0.3884071735083161,0.0009624237062504149,1.3214077486818199,3.0166336876203874,0.3657514297491291,0.00090837069503988,28.904355516168984,3.0417368845287607,1.4757344471498128,Gust,0.7259919875953519,1.0713713844492203,0.20469962307358627,0.18873433233651582,0.22520552621510678,0.2131745922534289,0.18873433233651582,0.19835832537840362,0.09419058446658064,-0.038785139379020506,-0.21219699706682074,-0.05983398289490046
CP1v_SL|SLl-T,0.00030890323871355947,3.866850742216337,3.5101775368835813,0.6872480273970298,0.0002949969321337601,4.818184892540704,3.530182499038814,0.7647875183091655,0.00018133006805763892,0.2894027886199917,3.741530173052815,0.11038860513440515,0.0003410321152437401,0.4682370942296552,3.467204719979196,0.1667961920932485,0.00029682942496604486,9.445112302419547,3.5274930477959345,1.01891311373317,Gust,0.6958886684343367,0.7090500899660596,0.269048593862797,0.2491101103715139,0.31611552326848413,0.2718096536774359,0.2491101103715139,0.26045429571706186,0.07118995525746231,0.009544135334787767,-0.5179550729931404,0.018323157763467168
CP1v_SM|T,0.000645431821055647,8.07951553597459,3.1901496261610047,0.9580626760909011,0.0013102795160526272,21.40079533568756,2.882636048035453,1.350263438145254,0.00039189085574562095,0.625457805770011,3.406834868982335,0.21097570040299124,0.000524291130146564,0.7198517216912323,3.280427488703758,0.23549100549638716,0.0009598449881330741,30.542267522394418,3.017798898001915,1.498892910840246,Gust,0.5562499505991825,0.8337591076083517,0.22740176161000442,0.16484165278624344,0.27255994977819553,0.24750339863234905,0.16484165278624344,0.1853548756420866,-0.3143892110715845,0.37358330134556716,-0.6808711536696733,-0.5204365321448339
CP1v_VL|IC-IC*,9.926114112003562e-05,1.2425509645406057,4.003220732024294,0.3507423216680806,9.883248037881787e-05,1.614230902027232,4.005100300703087,0.4173439440125296,0.00021620599917840166,0.34506477468872904,3.6651322576157748,0.12874319929196404,0.0001071051461562971,0.14705536567259592,3.970189657759521,0.05958438078338441,0.00010538584054499921,3.3533774461418746,3.977217732120737,0.6388263229511537,Gust,0.7870257105464821,0.5027727407364282,0.33321077020249223,0.3109135386260036,0.3061734805213826,0.3372655986983611,0.3109135386260036,0.3198552846932091,-0.029454456326970416,-0.04632558412952929,0.620608300434503,-0.09823514347285262
CP2/3d_IP|IA,0.00085461952343191,10.698127194320652,3.0682271896183058,1.068116339158546,0.0005056994778903855,8.259589572383668,3.2961074938959243,0.9665917371787716,0.000810244227077465,1.293149786415634,3.0913840540606836,0.3604324233689178,0.0009092448607546063,1.2483931938160744,3.0413191445134773,0.3518722619559848,0.0006801240644632317,21.64154773122003,3.1674118578358135,1.3549061110389222,Olf,0.7568145886352395,1.0254127110652942,0.21153538529588586,0.21864875951075038,0.23150875788875652,0.21638703419322353,0.21153538529588586,0.21575129228621617,0.301632545832045,-0.2398979998491632,-0.05396937214242514,0.1924570782578241
CP2/3d_Mv-IA|SM*,0.0005591594958677964,6.999558569273075,3.2524642945654563,0.9030660224646643,0.0003516647530106188,5.743740410922438,3.453871157147258,0.8289008444942434,0.0005321807601019751,0.8493604931227523,3.27394082970623,0.26702157579625335,0.0006446580658892643,0.8851155244659599,3.190670578448558,0.27533796997986987,0.00045770878879611363,14.564293659492336,3.339410747342648,1.1921294162652143,Olf,0.7612902318835201,0.9075564797437105,0.2355110810005194,0.2391793338727785,0.2552657839392485,0.2358228830907914,0.2355110810005194,0.23814438186102224,0.264657656694064,-0.21507186619069,-0.07727963704825942,0.25548927052103654
CP2/3d_SLc|SMal,0.0007645466209456534,9.570594600997689,3.116596026227631,1.024099417266675,0.0005475476547988526,8.94309584582966,3.261578076031625,0.9975216257884865,0.0010176015246659603,1.6240920333668727,2.9924222505677025,0.41897906274724306,0.0009115772971369395,1.251595628969018,3.0402064989991464,0.3524903968914875,0.0006754120269363946,21.491610697116077,3.1704312095876483,1.3520205577843025,Olf,0.7835768362231108,1.0594119911772293,0.21782986386178052,0.21415527370717108,0.2186303635630854,0.21624224006890003,0.21782986386178052,0.21626136619028108,0.17042856218947633,-0.17276930233610188,0.1942420243173991,0.20165763541365123
CP2/3d_SLlat|SMal,0.0004106827130051605,5.140926201398599,3.3864935765964654,0.7882338782781227,0.00013618024762945962,2.224231984531964,3.8658858772489975,0.5084262818853944,0.00015804114584274764,0.2522336687650253,3.801229827474078,0.09768537646737627,0.00027986123346014093,0.38424947354077343,3.5530572545385093,0.14121436701266482,0.00025455053767549406,8.099798108834221,3.59422597957912,0.9590317570252819,Olf,0.6455242202792443,0.6190782271767787,0.2529529816556984,0.29279686959025913,0.32388453781355403,0.2829820732867002,0.2529529816556984,0.2677064596460619,0.6806080443061101,-0.4500313727060129,-0.5042030534577817,-0.013836166625006238
CP2/3d_SLmed|SMal,0.0003737510661128467,4.678615845600615,3.4274175586927735,0.7542424899585255,0.0002687312047669559,4.389186767458691,3.5706818992330516,0.7315232347504481,0.0008832730185045401,1.409703737533246,3.0539050353383197,0.3819636512621757,0.0005946584988777311,0.8164661189591249,3.2257323690557764,0.2592273017383318,0.00035707657264517456,11.362176541569454,3.447238641183191,1.0920949413656575,Olf,0.8526513526686172,0.9311762289979821,0.2582786240774267,0.2543804998272956,0.22663142577667506,0.24038564922142178,0.2582786240774267,0.2515199944591089,0.08361450897478401,-0.23109222706902954,0.9631839630396192,0.4845892552821221
CP2/3d_SL|SM,0.0002908765184610612,3.6411922580955647,3.5362913350611884,0.6666295591323648,0.0002199528276051155,3.5924895332743514,3.6576704486009888,0.6620481751800511,0.00032009181374558713,0.5108665347379571,3.494725431311273,0.1792261018063308,0.0003376193489463123,0.46355136610328684,3.471572670653944,0.1654079694235441,0.00025894495234045204,8.239628383473182,3.586792548665208,0.965654504309663,Olf,0.7627113535150601,0.7365156540099376,0.27244691299605805,0.2657007547240029,0.28399758813183884,0.27237807693973504,0.27244691299605805,0.27020929901248103,0.16039309769465718,-0.13405600738046317,-0.021085631630025116,0.15976530662155042
CP2/3d_SM-IA-Mv,0.0017514423024694655,21.92455474231277,2.756604164767958,1.3603009092347744,0.000942838407098415,15.399379703138411,3.025562734075753,1.2148274214258166,0.0010557506379777109,1.6849780182124263,2.97643864705256,0.4289407345018224,0.001497860427954504,2.0565623675815337,2.824528652430186,0.48523326177152815,0.0012998448681350427,41.36106370405706,2.8861084757691406,1.6269668568887594,Olf,0.7096890848246339,1.1546406197053947,0.17098232286846335,0.18344141711469894,0.21655033731510187,0.18817500344438087,0.17098232286846335,0.1783851654473087,0.3965551224272091,-0.25806938279276953,-0.35464710590899945,0.028442240935790303
CP2/3d_SM-IA|Mp-Mp* ,0.0021501457944723646,26.915525055205066,2.6675320907716644,1.4458458007851864,0.0016359662345827133,26.720236509439456,2.7862256638990672,1.442796931362074,0.0017308826147544852,2.762488653148158,2.761732383920503,0.5754751988656679,0.0020985292724295434,2.881280691045763,2.678084968220304,0.5889750516975623,0.0018690214772568812,59.47226340631396,2.7283857078053053,1.7815562240462632,Olf,0.726786567097227,1.2948111321652818,0.159390928493653,0.15229528741926762,0.18860953770142017,0.16911755455812774,0.159390928493653,0.15802695023356267,0.1876876667390537,-0.10818976077117712,-0.2670478623318878,-0.0018502994457441108
CP2/3d_SM-IA|SM*,0.0009160104995061859,11.466619432818433,3.0380995478542507,1.0957487020178358,0.0008216291402771379,13.419668748146496,3.0853241657211283,1.158955283788092,0.0010645529561864493,1.6990265180735733,2.9728327293014796,0.4312071515429737,0.0011132134434416116,1.5284420578453328,2.953421557268334,0.40285300572558536,0.0008851155931453396,28.164378173884707,3.05300000769631,1.4648527210873254,Gust,0.7550296674245685,1.1060072628285376,0.20761472462636224,0.19121847103884623,0.21608108120754072,0.20494848165210783,0.19121847103884623,0.20015492737392576,0.06689250621570435,-0.05559162957866556,-0.049480248849814105,0.11646462468724976
CP2/3d_SM|Mv-Mv* ,0.0015025557791399635,18.80899324327406,2.823169396491731,1.2968624038575176,0.0011637942375429394,19.00825128178883,2.9341237971470786,1.3012091330211772,0.0011926749550306643,1.9035092282289403,2.9234779000317412,0.46292321069052006,0.0014996849174411914,2.0590673916467557,2.8239999759817067,0.48558904465317265,0.0013169948041030235,41.906774666558206,2.880415938113038,1.6325258695277256,Gust,0.7261561664054443,1.1854687269739679,0.17964478931774566,0.1715420110315109,0.2096582904865031,0.18810620413460785,0.1715420110315109,0.17774276954396334,0.17761444088241632,-0.09985493912866861,-0.283414062103788,0.01208934981672841
CP2/3d_V-SM|L-V-L*-V*,0.0016657758450223975,20.852182027990374,2.7783834395349425,1.3394948095170145,0.0018421097778661601,30.087179001887996,2.7346844919811026,1.4925813138894606,0.001693415020177304,2.7026903722029774,2.771236592204921,0.5685173968277655,0.0018665746741388077,2.5628070275925827,2.728954630783492,0.5517923002849824,0.0017643437009463177,56.14141656411183,2.7534168084792885,1.756951002556198,Gust,0.7134968976555373,1.2535790896566332,0.17381656879645166,0.14558797699708204,0.1898463678492128,0.1757374781102387,0.14558797699708204,0.15956384735272852,-0.029530707735642966,0.059118432454114765,-0.2436857074667519,-0.0636096739333957
CP2/3v_IC-V|SL-IC,0.0005187542863919516,6.493766157054449,3.285038300915086,0.8747001368115013,0.0003819270677079919,6.238014796874631,3.418019560338614,0.8596194666133566,0.00048502199995039904,0.7740951119208368,3.314238561037647,0.2489768993035479,0.0005589460280564734,0.767432896521538,3.2526301248766365,0.24734293408215902,0.0004503213901460415,14.329226634447043,3.3464774227105383,1.185520245078488,Olf,0.7467974424015634,0.8853434869398895,0.23975009932608174,0.23451378631190128,0.26050992921750976,0.24388598868281022,0.23975009932608174,0.2388098760248729,0.19007992006505567,-0.13531355954313712,-0.14699902090011654,0.10415645369786053
CP2/3v_IC|V-IP-V*-IP*,0.0003541727745747351,4.433534792126535,3.450784825054676,0.7350824522892443,0.00035779752948432306,5.8439070490674485,3.4463626612553218,0.8353041025126593,0.0004471663693801708,0.7136775255307526,3.349530865469363,0.23392910110018844,0.00038747793964239623,0.5320072111290101,3.41175301710601,0.1852608095173206,0.00036222676153978127,11.526055552195839,3.4410194656896262,1.0978143334357513,Gust,0.7401743428924878,0.8125740028687618,0.2613195232920708,0.23820221575774847,0.2651026932647566,0.2645934463082817,0.23820221575774847,0.2499811350920692,0.006430841903539166,0.0033902620686825364,-0.02588202032541433,-0.051882731091128675
CP2/3v_L-VL|IC*,0.00030471491765999637,3.8144213392678346,3.516106282458964,0.6825440953514992,0.00029220478936080297,4.772580824629995,3.534312668585809,0.7613700223939034,0.00031547395535315155,0.5034964327436299,3.50103648770026,0.17710240201312769,0.0003117173872550724,0.42798797270121436,3.5062389711828934,0.1547245495889708,0.000299314749464983,9.52419532797576,3.5238718802607187,1.0221888999490902,Gust,0.7267965922181531,0.7429234090862215,0.2698201311699336,0.24964758998668532,0.2848188774568125,0.27688937596891744,0.24964758998668532,0.26081683893328844,0.04825009547562382,-0.00797571180962,-0.16802865629424507,-0.0766241037997228
CP2/3v_L|IP-IP*,0.00013734322779666104,1.7192625255586031,3.8621927470096,0.4344511376712402,0.00014368192868885704,2.3467569412751015,3.8425978479401706,0.5246241728011501,0.00012872916246296662,0.20545174329089472,3.890323052969354,0.08114982936136796,0.0001339450676801234,0.1839065779248094,3.8730732707413553,0.07331743355877869,0.00013992401189411155,4.45238205847063,3.8541077481779062,0.7365862800445246,Gust,0.7058824755185684,0.5199433467908425,0.31485809333254317,0.28976628188953957,0.3354786847386904,0.3246273576461643,0.28976628188953957,0.30299575151402075,0.009396536942076962,0.04212662209784033,-0.27472089368391545,-0.15232846790996626
CP2/3v_Mc|IA-IA*,0.001183558617869969,14.815786778496275,2.9268102276197157,1.1990908013772716,0.0004170145468471681,6.811098593654797,3.3798487940920876,0.8927121196146521,0.00041471153208163305,0.6618796052022864,3.382253886786777,0.22059955814231086,0.000794451598234573,1.0907820443760687,3.0999325563869267,0.32030876172326556,0.00074326239500835,23.6506094091657,3.128857838970477,1.391827660317767,Olf,0.6436463052328235,0.8958447310843761,0.19313208890602712,0.22954643363556645,0.2693611036531939,0.22401469056402515,0.19313208890602712,0.20733947750193432,0.6576497616366554,-0.42360794050673484,-0.5547306741951832,-0.04188694415684417
CP2/3v_SL-IC|IA-IA*,0.0006708429148709813,8.397611608354945,3.173379162032303,0.9730174922049359,0.00046050417012082523,7.521414610583439,3.336766431728688,0.930511696477254,0.0003922285428026261,0.6259967543129912,3.406460804434432,0.211119674354381,0.0005650677883651948,0.7758380734254124,3.2478994481430017,0.24940336289309217,0.0005466044328710334,17.392953053956283,3.262326849778533,1.2646514623581373,Olf,0.7013907656292554,0.8870148574375314,0.22521933725585183,0.22393991039716704,0.2725112708881479,0.24327036206473482,0.22521933725585183,0.22718148967484433,0.2682079041609301,-0.14085401177632115,-0.43156282152061215,-0.08015112615761188
CP2/3v_Vpd,2.1118531594601167e-05,0.2643617785012174,4.675336261716236,0.10187135869798537,1.890807940478817e-05,0.3088256609184052,4.723352559569802,0.1168818012157062,4.144658135541552e-05,0.06614874384324317,4.382511275134888,0.027817799553485876,2.1309326189506377e-05,0.029257704858192256,4.67143026227536,0.012524126740567892,2.1062146763786317e-05,0.6701975100236807,4.676497344717432,0.22276783189092111,Gust,0.7858676208577752,0.175066026051763,0.42067652484988044,0.40438329653765703,0.3995295991700178,0.4285215449662307,0.40438329653765703,0.4114017133397817,0.03428544107919189,-0.08612269546322054,0.5561056173443414,-0.10134556349090769
CP2/3v_Vpd|Vm-Vm*,0.00015608534568523758,1.953876357287804,3.80663786665221,0.4703923127526929,0.00017282108505181946,2.822686782151367,3.762403269974794,0.5823687148759444,0.00019342576603061768,0.30870752258486583,3.7134856722705214,0.11684259878899729,0.00016655834401326094,0.22868460633020726,3.7784336031264023,0.08944041721602808,0.0001668389365309108,5.3088149604135815,3.777702584505491,0.7999477895949484,Gust,0.7246837035155463,0.5797091267827422,0.30762845896145286,0.27933016046323444,0.31246595215121375,0.3123114244742081,0.27933016046323444,0.2930794203336479,-0.03820319018075861,0.05094916640785229,-0.08628829277588472,-0.11624088207498114
CP2/3v_V|IA,0.0002639965760248425,3.304709138678978,3.578401704148578,0.6339438122974064,0.000129458196981474,2.114440731298415,3.8878704425223902,0.49338007054007893,0.0004253515960849259,0.6788611473515418,3.371251932192879,0.22501477866772393,0.00024703705566145816,0.33918187742318207,3.60723789574244,0.1268395635670731,0.00020417369697894064,6.496807037869891,3.690000205238,0.8748763325792299,Olf,0.7936911514464899,0.6943816037780913,0.2779269458892078,0.2956578309983573,0.2679293642889916,0.2900328710451648,0.2779269458892078,0.2833345897103728,0.3428913206885943,-0.35011590595013803,0.6586864689627007,0.08205911262118523
CP2/3v_V|SM-SM*,0.0008299682096519095,10.389542048422602,3.0809385416032664,1.056506262284421,0.0011195843610809042,18.286171369534408,2.950943176219989,1.2852460214170414,0.0009187786945016887,1.466370796424695,3.0367890837135456,0.3920583693949463,0.0009008944165284003,1.2369280338934936,3.0453261042170237,0.34965201226574383,0.0009826182235844355,31.26691187445674,3.007615185282556,1.508757402960183,Gust,0.6861987083631227,1.035307381144577,0.21318957709005962,0.17373080093194196,0.22440404140712297,0.2169084798953828,0.17373080093194196,0.19086556767861568,-0.13391346811703383,0.15297643614327447,-0.2650049649252466,-0.19049407062963078
CP2/3v_V|V*,0.00011490312139363335,1.4383572736055021,3.939668169571936,0.3870973397513969,0.00010375357471736687,1.694607135858753,3.9839969270249154,0.4304954555465501,0.00011503364576551689,0.18359369864176495,3.939175112104365,0.0732026443456461,0.00011909869216534955,0.16352250434302493,3.924093003875671,0.06577478763776931,0.0001095150668535303,3.4847694272793346,3.960526123422541,0.651740119836221,Gust,0.7317963841013065,0.47694106306989875,0.32494035746970124,0.3081672510864,0.3418360474681024,0.33126681063209157,0.3081672510864,0.31796139094850545,0.08113921061556935,-0.03657781751553942,-0.1702479417465578,-0.035053809306002985
CP4_SL-SM|SMant-SMant*,0.0018162191410551413,22.735431207728258,2.740831751385744,1.3753971260664213,0.001657511199463977,27.072130420845134,2.7805435282123203,1.448275372909038,0.0021516683309765776,3.434062656238617,2.66722467198959,0.6468018256901588,0.00216695234452172,2.9752255690283214,2.6641506393513965,0.5993617771698057,0.001769503739948005,56.30560900514552,2.7521485148736784,1.7581971322774308,Gust,0.7533106421258822,1.324468610699796,0.16892977984848842,0.15155584269005867,0.17631077658244407,0.16730421066681414,0.15155584269005867,0.160927924113243,0.05789079528220169,-0.047219538926508736,-0.03922525174795369,0.08684662732865273
CP4_SM-IA|SM*-IA*,0.001135027183574037,14.208270283979797,2.944993736735956,1.1820798222817617,0.0011623742367419109,18.98505840870563,2.9346540240804027,1.300705421875157,0.0011087287682976098,1.7695311142029853,2.9551746832505654,0.44240624857667643,0.0011923950146369574,1.6371583550965425,2.9235798480418635,0.42113620892872006,0.0011499082427693403,36.590080284920404,2.9393368125285497,1.5750732532812686,Gust,0.7164836477950114,1.1285142300553193,0.19549839987003442,0.17161101211362964,0.2137831513796889,0.20106503081344396,0.17161101211362964,0.1842406306281506,0.01546289272046607,0.026283984099990797,-0.2395743218441988,-0.08140461700168937
DALcl1/2d_IA|V,0.0004607222502313673,5.767321128396256,3.33656081237585,0.8304167854655051,0.00033302927584554263,5.439367162385247,3.477517585672155,0.8088431885727593,0.00036533666918037817,0.5830773240118835,3.4373067338715666,0.1995021281103278,0.0004246302705267574,0.5830173614332379,3.3719890485863933,0.1994856779282475,0.0003903237703841734,12.420102373624395,3.4085749986377896,1.1277558288084268,Olf,0.7249643413418128,0.8175827616264913,0.24645498136966426,0.24225656185558322,0.2765254059242118,0.25941876225368565,0.24645498136966426,0.24663721577655912,0.21930088032632866,-0.13020302171032563,-0.2587945090773969,-0.03232624436627411
DALcl1/2d_IA|V-V*,0.00019807382279271525,2.479488113719209,3.7031729143328413,0.5415153572400078,0.00015551378346617285,2.5400066253530014,3.8082311098379806,0.549004074836962,0.00016645023093254073,0.265654568568335,3.778715595358906,0.10231519111979893,0.00018633718875797652,0.25584096016470176,3.7297004586045563,0.09893464378317404,0.0001746316222668453,5.556778220531017,3.75787710904558,0.8166904941395204,Gust,0.7249710297559295,0.592076948528207,0.29416404736198054,0.2852939664168485,0.3209546482108505,0.3059695366980142,0.2852939664168485,0.29192749928442624,0.17051987450313796,-0.09304784546252688,-0.24593328187510854,-0.05180522184989249
DALcl1/2d_SM|IA-IA*,0.0014414705018715186,18.04432774242767,2.8411942402485115,1.2797656468364493,0.0012500230960848682,20.41662722835415,2.903081962316877,1.3307510775393614,0.0014348634637036356,2.2900420880710026,2.8431894225166823,0.517201453725073,0.0015446469859355617,2.1208003116895267,2.811170758403213,0.4942659806788422,0.0013498785090175396,42.953134156938106,2.869705316544435,1.6429898486596877,Gust,0.7377500840627471,1.2121158989629248,0.1819904523651546,0.1675023818470646,0.19920994944227344,0.18643667390138619,0.1675023818470646,0.17623061421724664,0.10096411572588723,-0.057786716339831005,-0.15986003550240044,0.015881279978197296
DALcl1/2v_IA-SM|-,3.6243817187234085e-05,0.45370010354979623,4.440766056847895,0.16247482137373304,2.7417253236326618e-05,0.4478059971089226,4.561976040783606,0.16071037123283435,2.729487842297398e-05,0.043562625963066474,4.563918819879826,0.018518516931961493,3.457428439421682e-05,0.04747049247325969,4.461246787431396,0.020141797617772874,3.1293498815735e-05,0.9957591323166877,4.504545863326681,0.300108125218885,Olf,0.7210132425656564,0.21638193248436832,0.3901507311727047,0.3833825632195733,0.42313707005693263,0.40116931840770476,0.3901507311727047,0.3890718852454793,0.19570859399825358,-0.10735424552598881,-0.3096866917110296,-0.01782035116268536
DALcl1/2v_IA|IA*,0.0008319399864260443,10.414224750081223,3.079908000716166,1.057446419707517,0.0006103238428166009,9.968419324723543,3.2144396629195366,1.0401440452581574,0.0006933453579902005,1.10657919135236,3.1590503871158533,0.3235777899384851,0.0008303403166479671,1.140057254757659,3.080743874148373,0.3304253925513816,0.0007138449256969767,22.714545535677797,3.1463961226698136,1.375014806270684,Olf,0.7331912735325266,1.0081488569356831,0.21305546765142405,0.20802091630343886,0.24031451616011296,0.22151757139546002,0.21305546765142405,0.21259699349359515,0.20381665781777905,-0.1284496792337176,-0.2308843926329076,0.0345959803755753
DALcl1/2v_L-IA|Lcv*,0.0018345626365717915,22.965055084605687,2.736467455514801,1.379578431571612,0.0017623965753818757,28.785223265712176,2.753896359513612,1.4740008598554908,0.0017369545410026222,2.772179447440185,2.76021154736508,0.5765923445052025,0.0018722865236802395,2.5706493970129687,2.7276276884154584,0.5527472087988226,0.0017951118095737618,57.1204577806371,2.7459084957191413,1.76432902632147,Gust,0.7199635922068369,1.2702526636251965,0.16836183220408354,0.1480881133838826,0.18841162363584818,0.17556479646479772,0.1480881133838826,0.15943806483122516,0.052174956909009744,-0.002477184572774968,-0.2363092483422934,-0.07535709933541412
DALcl1/2v_Ldor|V*,0.0004498514921342262,5.631240978536244,3.3469308336845605,0.821594810410416,0.0003926529384225919,6.413200443256194,3.4059911470459046,0.8700057430359751,0.0004645757285236825,0.7414628627237972,3.3329434824592954,0.2409142174183725,0.0004978041774584236,0.6834851356504157,3.3029414623400806,0.22620928613337324,0.0004241007310710571,13.494885262681038,3.372530977872415,1.161214781955127,Gust,0.7421215108616541,0.8617624684194252,0.2478044840956191,0.23294846874463765,0.2629440941720295,0.25043325459790744,0.23294846874463765,0.24169786578670754,0.09360465990309691,-0.057971982822680526,-0.13419245581135164,0.04206794106826394
DALcl1/2v_Lld-Llv|Lld*,0.0005693454881793532,7.1270668210291435,3.2446241158365385,0.9099338305520099,0.0004969841776408038,8.117242573407248,3.303657436695972,0.9598635097947532,0.0005599406988565994,0.8936653553751328,3.2518579642236607,0.277303233825221,0.0005880682395337263,0.8074176928798062,3.2305722746591736,0.2570585292904919,0.0005334746197942085,16.975162401851712,3.272886236616652,1.2546728228329138,Gust,0.7336462608103398,0.9204860250117212,0.23449079933940456,0.21963127131917934,0.2523920302334013,0.24101549033849473,0.21963127131917934,0.22862769920873657,0.10017899283605684,-0.05224996739194843,-0.17052526556723513,-0.021498488301871076
DALcl1/2v_Llv|Llv*,0.0005447727920290172,6.8194658106192385,3.2637845900314213,0.8931770851027381,0.00046929287869554987,7.6649605877344165,3.3285560350318923,0.937766591681397,0.0005130113690837291,0.8187661450576317,3.2898730093328212,0.25977686154830176,0.0005646171993844366,0.7752194147548315,3.2482458957281297,0.24925203892808875,0.0005062452046494314,16.10872241194491,3.295639076705385,1.2332175799584848,Gust,0.7319945325185081,0.9027085259353169,0.2369842476541985,0.22287145042069723,0.2573391181394808,0.24331544702132388,0.22287145042069723,0.2315981381743216,0.1094592445216035,-0.056800223891118114,-0.19906624677125656,-0.009860561880868797
DALcl1/2v_L|Lld*,0.0003161783213775179,3.957920227003769,3.5000679092126394,0.6952995346845687,0.0002819231800857599,4.604651300340716,3.549869212870069,0.7485485976537888,0.0003102226818401621,0.49511540021689876,3.5083264506482554,0.17467471489670114,0.00033284104040831396,0.45699074848061505,3.477763127819398,0.16345679411963027,0.0002994658025788796,9.52900183805995,3.523652763140805,1.0223872015017315,Gust,0.7326928010823679,0.749095742459067,0.26773297746296715,0.2516720408815366,0.28576755678712074,0.27318367208471994,0.2516720408815366,0.26116051125138523,0.0881207817981982,-0.04249823778276202,-0.1815498629558821,-0.013656474968817656
DALcl1/2v_V-Lm|Llv*,0.0005010385761123441,6.272000895774324,3.300128834647669,0.8616539237108612,0.000410989469437247,6.712691004318556,3.3861693046192576,0.8872059324506216,0.00048041250508624555,0.7667383581176479,3.3183856955789732,0.24717223822254752,0.0005690434772658821,0.7812966942860561,3.2448545496865195,0.25073626194485155,0.0004579223571831324,14.571089405567271,3.3392081514089518,1.1923189983276197,Gust,0.7442908620780447,0.8874321351372948,0.2417139059376582,0.23036895327481519,0.26104961657222336,0.24287411420323557,0.23036895327481519,0.23755616844114658,0.12891994659288292,-0.08612571473046073,-0.17018754717179257,0.10403729209363693
DALcl1/2v_Vl|Vl*,0.0001507628131975555,1.8872488956069995,3.8217057644363996,0.4604842238978417,0.0001210162182448461,1.9765578925930716,3.917156419299388,0.47371433378486894,0.00013393289523421222,0.21375690079380272,3.873112739654715,0.08413171209682307,0.0001450563661216906,0.1991623906850812,3.838463203468509,0.07887799928145998,0.00013475903461613404,4.288032481485385,3.870442105646468,0.7232941141187605,Gust,0.728764385381366,0.5271109905257181,0.30958931984387866,0.2994689615945511,0.33323902061060096,0.32012337653178075,0.2994689615945511,0.3065846384403228,0.15430849990527756,-0.08560252326782396,-0.21388047979918712,-0.04366342396817532
DALcm1/2m_IAlat|IAmed-IA*-SMal*,0.0012123432230412672,15.176112466030581,2.916374410528556,1.2088741577329971,0.0008746602238942918,14.285825436865466,3.0581606225333777,1.184288895662474,0.0011253488703087354,1.7960567970127417,2.948712820311314,0.44654598909749604,0.0012781760451021575,1.754935709925262,2.893409325688365,0.4401114684689357,0.0010417848388473397,33.14959357212235,2.9822219667521894,1.5333855393371734,Olf,0.7459624731508508,1.143848069217709,0.19177402384590456,0.187683543338392,0.21294223684425378,0.1971387898784009,0.19177402384590456,0.19144076781486713,0.2024876055886076,-0.14383360528417827,-0.14431117323309492,0.09167158216383219
DALcm1/2m_IA|L-IA-L*-IA*,0.0003311683832022502,4.145565820925769,3.47995113089046,0.7114331379700882,0.00024175241744251203,3.948542234088549,3.616629172628687,0.6944772811693455,0.00022971016195950304,0.36661741848736684,3.638819790091898,0.1356469518064966,0.00029702106761838633,0.4078099258400445,3.5272127437461527,0.1485440228947638,0.0002797032628875153,8.900157825080738,3.5533024657698133,0.9956421180334414,Olf,0.7134511553360563,0.7103420194121969,0.26511508051029586,0.2603598482636888,0.3027493075526883,0.2796187978673952,0.26511508051029586,0.2652206095141074,0.2227454625428716,-0.11910975924176008,-0.349808837140985,-0.05567658478809657
DALcm1/2m_IA|Ldor*,0.0007968379182918402,9.974817061177255,3.098630007230742,1.0403972897357163,0.0007659914181281542,12.510937832287144,3.1157760954407197,1.1306854956727463,0.0007657790189023934,1.22218331416822,3.1158965362195064,0.34677988225916895,0.0008306887749479992,1.140535688003603,3.0805616575698904,0.33052247298968357,0.0007813065350583976,24.86117394555821,3.1071785425632994,1.4126482354131293,Gust,0.7224078594778991,1.02050818794003,0.21549185597451673,0.19518133292155573,0.23469868976145816,0.22149385864096746,0.19518133292155573,0.2064859137108611,0.05004851991686791,-0.0038446774991416034,-0.22639992988103613,-0.05740739463537677
DALcm1/2m_IA|SL-IA,0.0006187020546540524,7.744912320159429,3.208518441022623,0.941755459433697,0.00044894878220202625,7.332680459705695,3.3478032011825585,0.920784727889811,0.00042795652104335024,0.683018607585187,3.3686003506031574,0.22608891759608232,0.0005437579933108573,0.746579724815807,3.264594345008212,0.24218841434087696,0.0005206449529158534,16.566922401782456,3.283458336429,1.2446956828956084,Olf,0.7122087574617604,0.8864831657330986,0.22979218733723913,0.2253761803931817,0.26758430071806,0.24544295247303147,0.22979218733723913,0.23010211848928477,0.22729078924609597,-0.12112624582408463,-0.34921246301136105,-0.07120924815986973
DALcm1/2m_L-Mp|L-V,0.002211029945437164,27.67767285698242,2.6554053752483604,1.4575439061876423,0.001683748329306671,27.50066146256586,2.7737228219379757,1.4548549395246062,0.0017690649204334936,2.8234276130118556,2.7522562289879793,0.5824528723287663,0.00215461296961448,2.9582836072806815,2.666630730060997,0.5975069077744826,0.001921972027294258,61.1571499085033,2.7162529371908093,1.7934910925465992,Olf,0.7261959953531746,1.3024260491089301,0.157812818365583,0.1506682300771093,0.18737635827658433,0.16762695727201254,0.157812818365583,0.15643523765845516,0.1876499033774369,-0.10744544254652243,-0.2715307128308281,-0.0034263625015767186
DALcm1/2m_L|L*-V*,0.0003135999728610889,3.9256444602751106,3.503623982186532,0.692463060667273,0.0002929634541339103,4.784972096369158,3.5331865510573195,0.7623012684870552,0.0003043464257836286,0.4857368955506713,3.5166317927684148,0.1719419083967587,0.00032053567381250774,0.4400954801445731,3.4941236275741923,0.15839128732111663,0.00030310405898413523,9.644771156875183,3.5184082463545896,1.0271363293370823,Gust,0.7249537314062416,0.7446263146158282,0.2681957470204348,0.24950104268179546,0.286848372486287,0.2753127457249575,0.24950104268179546,0.2601781451213029,0.06560951114642687,-0.017575238579441925,-0.20719945528384529,-0.06212544282329194
DALcm1/2m_Mp|IA-IA*,0.0007001681264333151,8.76470460669224,3.154797662772479,0.9896591099255675,0.0003128090035378019,5.109109454782918,3.5047207538065845,0.7859779063044432,0.00033683448547926643,0.5375878388249091,3.4725834500675727,0.18683993539202876,0.0005211522412080022,0.7155420271785871,3.283035389382787,0.2344013618256976,0.00047974307233025857,15.26542456154883,3.3189912870170106,1.2112654037587547,Olf,0.6822116376395375,0.8263393547143757,0.2228012338443962,0.2457966461484848,0.2811161413964001,0.2478427777879553,0.2228012338443962,0.23382485774740508,0.515619678781808,-0.3317623754296431,-0.44104337252861137,-0.02859838697069251
DALcm1/2m_SLl|SL-SL*,0.00010078748146593951,1.2616576929906307,3.996593402747063,0.35442687411070667,0.00012923238274563189,2.1107525073844053,3.888628644856744,0.4928654598541513,4.9235719472051216e-05,0.07858020827739375,4.3077197026161045,0.03285244681179774,7.999638612437185e-05,0.10983503814876255,4.096929626600308,0.04525843162831668,0.0001114625427217564,3.546738109406288,3.9528710499958013,0.6576999397086768,Gust,0.6269068035048578,0.4123165668681043,0.3323483227051171,0.2957564996593538,0.38979659785903986,0.35375890457945985,0.2957564996593538,0.3125859519313932,-0.07318083851425596,0.1727988831659302,-0.6529097917465746,-0.36656057431797856
DALcm1/2m_SM-IA|Mm-Mm*,0.002110542651217069,26.41977290793527,2.6756058667100753,1.438063853617644,0.0019012872623800814,31.05372485645387,2.7209522611063313,1.5058785047006176,0.0013594717198249576,2.169716864840632,2.8666298219988127,0.5010204705682033,0.0018391702651162367,2.5251807740045926,2.735378062925178,0.5471813928563896,0.001955305205898624,62.21781165169422,2.7087854432162364,1.8008394582222764,Gust,0.6907687567408844,1.2439636336461297,0.1604416093276916,0.14380093312829276,0.20226036583553916,0.1765733914538217,0.14380093312829276,0.1542441765278657,0.11163847788077363,-0.011717836391728789,-0.4510746621757493,-0.16586242278430777
DALcm1/2m_SMal-IA|Ldor,0.003473688989356189,43.48363876876077,2.4592090678171132,1.6482003053851,0.0025042810319867046,40.90242209543885,2.6013169357544377,1.6222391273166883,0.0037716047085000672,6.019481114766107,2.4234738306427666,0.846305009947099,0.004582540452132539,6.291828040777975,2.3388936925425723,0.8628364183727069,0.0030528561551353035,97.14188285640535,2.515293658219651,1.991854385683852,Olf,0.7747012109833384,1.5430920046917538,0.1322808118422843,0.12823219002963934,0.14459026077453307,0.12497689780145228,0.1322808118422843,0.13085929526901702,0.17629260227488755,-0.16310441140647997,-0.020906279341918854,0.3362171842652736
DALcm1/2m_SMal-IA|SM-IA-SM*-IA*,0.001404556408249474,17.582237118466917,2.8524608141456893,1.269097997586556,0.001015563496465924,16.58719858777794,2.9932929174222043,1.245196667498295,0.0016308846663324755,2.602891927466631,2.787576750248576,0.5566512351981119,0.0019184983774262285,2.634098272206212,2.7170385635445484,0.5603966671932097,0.0012442164008522574,39.59096587511883,2.905104077879238,1.6084293856174459,Olf,0.7823978716117558,1.2584317279448936,0.1834566279624643,0.1792419845153225,0.1919727943208656,0.1741867806967138,0.1834566279624643,0.18162545058022814,0.16710850696113033,-0.16719578975004742,0.03888855267706338,0.37271315896601526
DALcm1/2m_SMal-IA|Vm*-Lm*,0.003077764070898261,38.52745063950443,2.5117646743680124,1.5968988050108448,0.002174926756044406,35.523078706473285,2.6625553637884463,1.562567379182013,0.002610330429023536,4.166087364721564,2.5833045137909396,0.7131617463389756,0.0031546622041121663,4.331351206246005,2.5010471373104406,0.726837292900247,0.002605332862850767,82.90169169591141,2.5841367822690686,1.9237707175246785,Olf,0.7385755393674356,1.420849995315068,0.13912013571571502,0.13620145287924101,0.16538982677142358,0.14607873638238164,0.13912013571571502,0.13955505097965418,0.22086609993830714,-0.14858533532896517,-0.206216883011592,0.07753623508892785
DALcm1/2m_SM|IP-V-IP*-V*,0.0005691654345165065,7.124812909277628,3.2447614817786237,0.9098133692319781,0.000517343403144248,8.449769803555002,3.2862210835673933,0.9754212292221224,0.0005750702274060632,0.9178120829400769,3.240279115402874,0.28280605051952573,0.0005949511707128611,0.8168679573887583,3.225518675827476,0.2593233656893205,0.0005446720908094545,17.331465929556845,3.2638648767622334,1.2631971959857364,Gust,0.7323673452545768,0.9251243769570991,0.23450867545631682,0.2173621914998386,0.250885216738819,0.24035784025309617,0.2173621914998386,0.22728276055799743,0.0767107345631374,-0.034164371618431,-0.16602108337000743,-0.03085633672775422
DALcm1/2m_SM|Lm*,0.0010488111391125424,13.129017839410803,2.979302708366303,1.1501119734728107,0.0012597998688231886,20.576311257489138,2.8996984408623754,1.3339771985743747,0.0010211075243248546,1.6296876088224677,2.990928523146714,0.4199041599640327,0.0011310027538945365,1.5528667810971988,2.9465363372195155,0.4070281521548451,0.0011566357882852984,36.8041507832382,2.936803373636572,1.5775394866967183,Gust,0.6957179818225346,1.0975225879299981,0.19996319790289577,0.16706206728162185,0.21843597734473078,0.20405247353909892,0.16706206728162185,0.182598988200688,-0.06899363586825881,0.10362288660001333,-0.30513490362877194,-0.13549933336830275
DALcm1/2v_IC|V,0.000830127465069738,10.39153560774298,3.0808552165872953,1.0565822720173639,0.0005488851589001557,8.964941300316243,3.2605185109939328,0.9984747447802265,0.0008746398279779178,1.3959251654527567,3.0581707498227644,0.37947324913527214,0.0007052522011373619,0.968311272161598,3.1516555490937423,0.29409377960979916,0.0006861103570412637,21.83203156105301,3.1636060241858934,1.3585445561026361,Olf,0.7451754817520745,1.01235409407544,0.21317873358908257,0.21401738721069,0.22718654453232,0.2307456622346195,0.21317873358908257,0.2152082521698283,0.2514393154236547,-0.18339829770462174,0.010806262267441918,-0.08450542793972526
DALcm1/2v_L,0.0001340283645072903,1.67776706690226,3.872803278652972,0.4277727959923513,0.00012952660856840837,2.1155580977478143,3.8876410022268306,0.4935358542253595,0.00012582591614721927,0.20081816217096193,3.9002298953395274,0.07947724791524191,0.00013497288476467252,0.18531777078189537,3.869753466656702,0.07383479557520982,0.00013139671699428175,4.181043534758046,3.881415482377258,0.7144172415489926,Gust,0.7177732832864732,0.5127896091030858,0.31623889487096757,0.2956279727854294,0.33676791167334713,0.3241953349406649,0.2956279727854294,0.3071452502430254,0.050063413303693405,0.0014783936916366797,-0.24427711761474064,-0.0894335375978431
DALcm1/2v_Lcd|Lcv,0.0019441265683979138,24.336576383205085,2.711275464408851,1.4037479302658975,0.0018637361595398967,30.44040269376513,2.7296155684475853,1.4974880999169915,0.0020084320458610156,3.205457545194181,2.6971428575706127,0.6238132530573736,0.001994221631703197,2.73806630032849,2.7002265769616223,0.5726469999886288,0.0019094030961982048,60.75720652102688,2.7191023773116005,1.7906876432224135,Gust,0.7268578671220581,1.3015754010344684,0.16508347243435445,0.14492833263160781,0.1802041796715293,0.17199895281796895,0.14492833263160781,0.15608936473154156,0.04840303945091669,-0.008136410006936007,-0.1697009509300928,-0.07397338189962124
DALcm1/2v_Lcv|Vc,0.0013962584774913438,17.478363621236642,2.8550341767047493,1.2666635089980744,0.0013156884844341631,21.489140016263185,2.8808469261262086,1.3519728483510443,0.0013736591233226394,2.1923599608229325,2.8621210247673026,0.5041118551677826,0.0014140334207101563,1.9414678866350448,2.8495403255513114,0.4685641113556849,0.0013555609858708568,43.13395057041066,2.8678809386768838,1.6447728042688117,Gust,0.7243585797437665,1.1914052925013285,0.18379151249981862,0.16460882540607566,0.2016736135065358,0.1914298975331036,0.16460882540607566,0.17548119458167274,0.06075291125456391,-0.013572289630396852,-0.19997962711951697,-0.07497303009422895
DALcm1/2v_L|L*,8.90996046109388e-05,1.1153488505197318,4.05012421831298,0.32538199883280716,7.948978377295947e-05,1.298306638363747,4.099688678913148,0.3614079714650204,8.420325142545148e-05,0.13438838927502056,4.074671133166071,0.05476177275824839,9.041860494979073e-05,0.12414474459606267,4.04374219308784,0.05082223448228437,8.409725143282709e-05,2.6759745405925583,4.075218192938761,0.5653724948472473,Gust,0.7273747966374776,0.41123770346393984,0.33931455540399424,0.3232227972512396,0.35946882220745785,0.3468373579042059,0.3232227972512396,0.332859314767783,0.09181174584320755,-0.038726252429402815,-0.20900359552585582,-0.045939096843458906
DALcm1/2v_L|V-V*,0.0001594900515545146,1.9964964653594137,3.7972663988475786,0.4766137697428967,0.00014065694904324757,2.2973499487233626,3.8518388039121505,0.5181650413907528,0.0001526060683857772,0.2435592851437004,3.8164281934562765,0.09466649454928015,0.00016438811026465468,0.2257048753933709,3.784129594331598,0.08838591356137843,0.00014992794448024624,4.770707193361436,3.8241174102690607,0.7612290386937767,Gust,0.7304951147275814,0.556074093954577,0.306408902996035,0.29096885369757824,0.3258623771749648,0.3130526722913143,0.29096885369757824,0.30027140301132926,0.09643282939480255,-0.04572530810477179,-0.19574476156931717,-0.026882804347374924
DALcm1/2v_SM-IC|T,0.0006024318758485222,7.541242221871801,3.220092056108251,0.9315210382383163,0.0009485828014360684,15.493202895855305,3.0229247532608086,1.2173050016072098,0.0005307913830531065,0.8471430473527579,3.275076135333905,0.266500529587695,0.0005513593200675516,0.7570163464527484,3.2585652790129664,0.24477580198545065,0.0007697544422612504,24.493586352752985,3.1136477955351594,1.4064309348671236,Gust,0.6325989205255906,0.8897066911907396,0.23129831973969506,0.18309812348059679,0.25541352693742847,0.2446583599680275,0.18309812348059679,0.20222879102624605,-0.19937170830979353,0.24411926931669278,-0.45922013172731957,-0.3690368132462209
DALcm1/2v_V-L,0.0002533749619325516,3.1717477734716804,3.5962363018339696,0.6203180428271636,0.0002522094520081739,4.119336979649503,3.5982386397599644,0.7092137178654448,0.0002585213761806602,0.4126001163843337,3.5875035391938637,0.15001923769673692,0.0002582237352025641,0.35454118843312055,3.5880038394205043,0.13179221545058603,0.00025327003476450626,8.05905250620659,3.5964161883061645,0.9570827768330521,Gust,0.7210712735370907,0.690124896771424,0.2802478512640625,0.2579665962635935,0.2960712672274952,0.2875298471202459,0.2579665962635935,0.2699883367816995,0.029587700678057344,0.011404284004250975,-0.1946776152538827,-0.0964709509986203
DALcm1/2v_V|L,0.0009421540449846698,11.793884335118097,3.0258780825027856,1.1070024200999253,0.0008928908310052343,14.583585942808492,3.049201636246875,1.192667400446861,0.000902775054225548,1.4408289865439745,3.044420449514042,0.3875373522143848,0.0009261048501613585,1.2715419592715453,3.033339840852674,0.3563207633878422,0.0009147684182116706,29.107931067495358,3.03868883706797,1.4786809130404386,Gust,0.7198024096167508,1.064358084260805,0.20602428422937757,0.18651766565545297,0.2253971491977384,0.21534864750905822,0.18651766565545297,0.19761216736727286,0.060521951199771565,-0.008118273527705113,-0.22097578481505029,-0.10235582825354854
DALcm1/2v_V|N,0.0006186953510074386,7.744828403911116,3.208523146635735,0.941751291920392,0.0005902082887502235,9.639871980157402,3.2289946949250203,1.026936402522404,0.0005896839191902069,0.9411355350275702,3.229380714629986,0.2880558599940193,0.0005889471795750927,0.8086244775566022,3.2299236529436084,0.25734840419832355,0.0006016330648626955,19.14396412393097,3.220668302856777,1.3041449392931417,Gust,0.7165473213533733,0.9344815629070583,0.22979279970220282,0.2099150353976071,0.24946695335114333,0.2409310819513554,0.2099150353976071,0.22121683952556973,0.058765373077016285,-0.003236877724645201,-0.22640113557696753,-0.13214826803598906
DALd_5-NA,0.000220000795754843,2.7539699612591244,3.657575746334134,0.574490793135727,0.00020682563634985695,3.3780831185022135,3.684395628685106,0.6412840024498643,0.0002299321952279867,0.3669717835838668,3.638400212440386,0.13575955014916974,0.0002242326654897842,0.3078714497174737,3.6493011185794693,0.11656505941489204,0.0002141026538149484,6.812746444391657,3.66937794753819,0.8928037299042997,Gust,0.7294873014589386,0.6512889836603627,0.288230259891516,0.2691786360418413,0.3026947058148896,0.2955067685610105,0.2691786360418413,0.2798843569275046,0.058313198714616175,-0.0181206852447273,-0.15206334654424972,-0.07117231463962588
DALd_Lcv-Vc|N,0.0017051312291632712,21.344832726665828,2.768242191250613,1.3491771078816805,0.0016124808071682419,26.336649023478895,2.7925054456577993,1.4367452768811897,0.001724010155411312,2.751520208036454,2.7634601800075957,0.574207290174451,0.0017358911422842285,2.383378538356246,2.760477512657953,0.5293505901386881,0.0016610875494909004,52.855805824800456,2.7796074767039083,1.731232528465187,Gust,0.7263074504641676,1.2574070839101843,0.17249683744808963,0.15311250682022412,0.18883438444570483,0.17983970835192636,0.15311250682022412,0.1640134015054298,0.05712968604268621,-0.01342797807830897,-0.18062267316911854,-0.07329979532119459
DALd_Lcv|N,0.00228487804416885,28.602103356905666,2.641136975341905,1.4713225706482502,0.0021758411122810638,35.53801288688662,2.6623728213565094,1.5627449246332001,0.0022842809276223076,3.6457123604852026,2.641250486132044,0.6670523169318886,0.002320576766261814,3.18615190007747,2.6344040600625616,0.6218149832402545,0.0022318534552445007,71.01757694588001,2.6513343246241243,1.8574385053060765,Gust,0.7245393986842109,1.3457873777273641,0.1559560001397032,0.13617769771980906,0.17293062589849384,0.16343313956261152,0.13617769771980906,0.1472599815564492,0.054181027670716156,-0.009297792480042914,-0.19206699969696023,-0.07807748205988162
DALd_Ldor|N,0.0013505503931304577,16.90618982120707,2.869489206008592,1.2530031840810414,0.0012555572154690155,20.507016000255426,2.9011634914492093,1.3325801582014374,0.0013767740405432887,2.1973313687070886,2.8611373310308648,0.5047876485154378,0.001414307749612648,1.9418445402181654,2.849456078622321,0.46861971900018634,0.0013071718685311459,41.59420885666106,2.8836673067716125,1.629350556084804,Gust,0.73073475394118,1.190623077684554,0.18567261774238042,0.16725272164015567,0.20154560052186501,0.1914189340589755,0.16725272164015567,0.17768991171359672,0.06427526212792048,-0.023564719356483025,-0.16827548031623718,-0.04030461450844997
DALd_Vmed|N,0.0010264541130575308,12.84915258725417,2.988660460279779,1.141423200264097,0.0010046287129989258,16.408600769411457,2.9979944131234397,1.2407638657443172,0.0010981930582256026,1.752716120928062,2.9593213054359175,0.4397614262602533,0.0010394648783981384,1.427185278040644,2.983190179676677,0.3851029292612523,0.0010197819747655755,32.449462437040616,2.9914926682802214,1.52438914265682,Gust,0.7261635936161989,1.1069558979011929,0.20118096895081422,0.17985381365973835,0.2143227720589576,0.2088224213376739,0.17985381365973835,0.19143892191984857,0.036165643417032545,0.0008270069585852017,-0.1501505350752444,-0.09646333575065479
DALd_Vpd|Vm-Vm*,0.0002495705969160927,3.1241247321956482,3.602806580507802,0.6153317918406489,0.0002521810770610937,4.118873531638844,3.5982875030204546,0.7091743998784599,0.00029550116406221687,0.4716198578432981,3.5294408025015267,0.16779563951080184,0.00026645112673620575,0.36583739700881046,3.574382437297437,0.1353989996492029,0.00025397813996379736,8.081584413648033,3.5952036600230426,0.9581616240801406,Gust,0.7334989857133304,0.7028105794122205,0.2811028744811481,0.25797295508401125,0.2885152729715441,0.28575722595109104,0.25797295508401125,0.2699561461269191,0.011338801282651627,0.008508419348773274,-0.08201388902369108,-0.0702479925317869
DALl1_IC-VL|IP-IP*,0.00010275030686877576,1.2862283413833349,3.9882168681817216,0.3591196042090187,0.00010014306316496044,1.6356366506732987,3.999379124245531,0.4208855381358192,0.00016576696119439548,0.26456407006625515,3.7805020212307667,0.10194083808637361,0.00011941523051306729,0.1639571114944414,3.922940275047636,0.06593697809354411,0.00010541216220757689,3.354215001445097,3.9771092742358074,0.6389098697293911,Gust,0.7687526524183664,0.4911636570107424,0.33125824237707685,0.3101690133260744,0.3211871247421926,0.3311168002657278,0.3101690133260744,0.320160428466849,0.004216506781429512,-0.03410730729304464,0.24198361582823394,0.004963436458037795
DALl1_IC-VL|SL-SM-SL*-SM*,0.0002596604882193363,3.250429991529652,3.5855941289978057,0.6284328673449986,0.0003087301481229373,5.0424895092919355,3.510420957306451,0.7812159050771098,0.00017475700300947417,0.2789121768031208,3.7575654093350166,0.10684072239942181,0.00020808538987733232,0.2857012403015773,3.6817584093802793,0.10914006286323767,0.00027758640868062615,8.832799524217524,3.5566018002675848,0.9926771846504179,Gust,0.6551681762380669,0.650370500660553,0.2788629320990052,0.24653844213255915,0.31820226874662355,0.299730598108594,0.24653844213255915,0.26237281404658946,-0.04008629941769671,0.12633905471460422,-0.5047384968002887,-0.3376093079456591
DALl1_IC-VL|V-IP-IP*,0.00011612154974927094,1.4536095597613734,3.935087173000938,0.38980545507726766,0.00011730049814407061,1.9158690361871051,3.930700139844792,0.46476801411145885,0.00014628627168949873,0.23347288961643994,3.834796425582906,0.09112960861345645,0.00012320854058718697,0.16916532622620772,3.9093591831164476,0.06787592706521552,0.00011857104857565068,3.772930765677205,3.92602133579754,0.6787851347009548,Gust,0.7379337578156819,0.5008984651992994,0.324344209479633,0.30123147367157466,0.3282527270679816,0.3293494248634047,0.30123147367157466,0.3130715646466493,0.008014515600176178,0.004887861337152832,-0.026510668126634506,-0.07903932171031991
DALl1_IC-V|SM-IP-SM*-IP*,0.0002082698132951821,2.6071215228290896,3.6813736702107,0.5571607738140862,0.00021608219626455347,3.5292705115889516,3.665381012608929,0.6560282597825363,0.0002697257959108812,0.4304823702737664,3.5690775150959686,0.1554825097889563,0.0002537590916780575,0.34841123287397296,3.5955783871904274,0.12982236173299155,0.0002173435354489764,6.915871297986429,3.662853270707938,0.8984987245150701,Gust,0.7461975760589418,0.6704575703251962,0.2913272027219532,0.2667041689733665,0.2936733965762814,0.2885155608964365,0.2667041689733665,0.27876503769056055,-0.013822022024673789,0.009745063778775176,-0.020904356578693058,0.0346581789948209
DALl1_IC|SM-SM*,0.00011977481381958953,1.4993411193936217,3.9216344919195567,0.3978255343017531,0.0003732324449426705,6.096005523248638,3.4280206090805247,0.8510139448613634,0.00011586353295582553,0.18491819859749753,3.936053229210793,0.07368836965079409,0.0001265647998964894,0.17377347025787993,3.897687059736818,0.06958428932237011,0.0002467355147445151,7.851124079170471,3.607768332546323,0.9469984289329105,Gust,0.49731639062663413,0.47095784060600815,0.32259354482328606,0.23581527279277084,0.3414297812368606,0.3278304730840808,0.23581527279277084,0.2566386671940697,-0.5069205283636116,0.516333005136969,-0.6343447217463337,-0.5513469071891267
DALl1_VLven|VLdor,3.57539337796007e-05,0.4475677430530416,4.446676156407415,0.1606388969215505,2.9560461486629606e-05,0.4828110174611214,4.529288775493046,0.17108580422884628,0.00010232395137447933,0.163309026393669,3.9900226931064586,0.06569509790136278,5.013963132296331e-05,0.06884171380642863,4.299818855074524,0.028913394722074336,3.67019301207125e-05,1.1678554164410717,4.435311084167394,0.33603031387386856,Gust,0.8479647015799051,0.2849418448258568,0.39091984198056173,0.3791288059417008,0.34845309743625413,0.3801618943845866,0.3791288059417008,0.379420228117692,0.007068344613258645,-0.178306021974715,1.2094596689802097,0.21608116297782434
DALv1_IPlat||IPmed-IPmed*,0.0008450176199770091,10.577930566872201,3.0731342347032187,1.0636309407641513,0.0006742967519536183,11.013288849658448,3.171148931644317,1.0796619194533197,0.0011015206596221494,1.7580269727569504,2.958007352612131,0.44059850914303067,0.00091592870227486,1.2575701082233828,3.0381383308948124,0.3536412460915346,0.0007758514893344546,24.687594390622344,3.110221401294265,1.4097234350644698,Gust,0.7669734475877231,1.0812204431366041,0.21217396360940496,0.20238727697664058,0.21415178080786088,0.21597309901205503,0.20238727697664058,0.2081291952958579,0.1244740311119347,-0.11447971546913958,0.12369894915292454,0.04952223916914034
DALv1_IP|IP*,0.00036802049803806363,4.60688059444048,3.434127990100479,0.7487213073508958,0.0002753960293915112,4.498043348051553,3.5600423240336587,0.7402081596153756,0.0004966342980603931,0.7926283397043874,3.3039632900608065,0.253490257913159,0.0004206460121530788,0.5775469746861772,3.3760832229348043,0.19798230011474843,0.00033058065161831846,10.519076334494894,3.480722567301104,1.0614176562647517,Olf,0.7786061739771241,0.8264263403360645,0.2591518860705747,0.25299591870570026,0.25917275682601976,0.25995155763367916,0.2591518860705747,0.25655416200657377,0.15041082032154704,-0.15042366930021833,0.19012155366609995,0.13225445143702563
DALv1_V-V*,3.635914489729867e-05,0.4551437758243847,4.439386327222536,0.162905906010798,3.054371792473918e-05,0.498870544864765,4.515078085479889,0.17576412512399306,4.127341751467807e-05,0.0658723743534262,4.384329558731603,0.02770520616119556,3.6398340929297834e-05,0.049974922095925925,4.43891839952011,0.02117892637906167,3.370193897420172e-05,1.0723956981590985,4.472345099252059,0.3164726821155157,Gust,0.745943145470335,0.23607062795268122,0.3899711800575167,0.3772794977928018,0.39976622150639285,0.39826361364052676,0.3772794977928018,0.385043561379402,0.1128205831986809,-0.0774345839670445,-0.03159821294890053,-0.040733254402266654
DALv1_VL|IP*-V*-L*,0.0001311966695948848,1.642319909988768,3.882077186001642,0.4219853972042979,0.00013621136918832625,2.2247402929529327,3.8657866383561017,0.5084947441250476,0.00025043708064074305,0.39969758070262584,3.601301365718682,0.14603421194992766,0.00012336656369777685,0.16938229195704763,3.9088025285914068,0.06795651299744412,0.00013946929660187753,4.437913017871743,3.8555213862944746,0.7354322565504062,Gust,0.7613954678251748,0.5599547870299205,0.3174457548064211,0.292783955136904,0.297866847386222,0.32927698462663035,0.292783955136904,0.303765451774371,-0.03159581929046362,-0.007773128762720889,0.4171184093674186,-0.21588885913238845
DALv1_VL|VL*,1.9696092112849157e-05,0.24655568106864573,4.705619911290247,0.09571168231092879,1.8379203446852804e-05,0.3001875298974468,4.7356732911990616,0.11400599640373961,3.315823969061931e-05,0.05292055054622842,4.47940852029985,0.022395602181574544,2.0554238520607552e-05,0.02822096948879417,4.687098586901801,0.01208645660202061,1.9764724435036267e-05,0.628913531522854,4.7041092143529815,0.21189803103706523,Gust,0.7702462257856985,0.16321365865772028,0.42461748759579704,0.40598665495173064,0.4121393221970856,0.4305605423959435,0.40598665495173064,0.4149256190953657,0.027162701118505418,-0.05409038489593636,0.3256360407312697,-0.07698899825709091
DALv2/3_Lcen|Llat,0.0004440394136405437,5.558485379952327,3.3525784785314126,0.8168035547600578,0.000389806863247299,6.366715497418134,3.4091505175055277,0.8672738977241302,0.00042950305049704483,0.6854868685932836,3.3670337462829827,0.22672537333892975,0.00046349835906821506,0.6363832470006592,3.33395179812053,0.21388502461977738,0.0004170120169129127,13.269322378168884,3.379851428867841,1.1544033498203565,Gust,0.732615943232316,0.8457342989991858,0.2485394403593685,0.23335961342029818,0.26738043066440903,0.2544687846535053,0.23335961342029818,0.242503611560389,0.09759154445121399,-0.04910515182867345,-0.18612230350089287,-0.013462167089415902
DALv2/3_Llv-Vl|Lcv,0.0009778992612865752,12.241342952785349,3.0097058814970756,1.1219320340014787,0.0008638767913091868,14.109699632452948,3.06354819297921,1.1792558310322871,0.0009187086558089187,1.4662590146710344,3.036822191334957,0.3920386856965299,0.0009684261788831629,1.3296491436065827,3.013933478601318,0.3672905191078944,0.0009173765645813105,29.1909222849773,3.037452358131128,1.479876380236027,Gust,0.7262477321407894,1.0747568649951351,0.20391971484690546,0.1883846548198908,0.22440834986744476,0.21282320055196524,0.1883846548198908,0.19783623550205734,0.09860124533728247,-0.04222927950740613,-0.20877966680904217,-0.06317428872979429
DALv2/3_Llv|Lm-IA,0.00046764582435859195,5.853990429320854,3.3300829382175623,0.8359434936602264,0.00038492459185077816,6.286973358698759,3.414624340923622,0.862547181739522,0.00042483259543878187,0.6780328223202958,3.3717821682204137,0.22480045137538546,0.00048634189539743637,0.6677474223806802,3.3130583160981466,0.22213027809289418,0.0004248767036126736,13.519576708955274,3.37173708000843,1.1619539555070095,Gust,0.7337423523046143,0.8525748285833643,0.2456119832142353,0.23407194943236687,0.2679983665545855,0.25174981136458724,0.23407194943236687,0.24166183311040995,0.135400397112047,-0.07770167532989786,-0.20927863391903243,0.016763565824896562
DALv2/3_Mm|IA-Mm,0.0013981664987931935,17.502248231893194,2.854441107820839,1.267224503288493,0.0006132095293107301,10.015551242232155,3.212391104096205,1.0420062350745696,0.0006697598413811389,1.0689367068442976,3.1740808955466897,0.3157472048809518,0.0010777057208301189,1.479689954699753,2.9674998113503217,0.3943973826888558,0.0009537665847124573,30.348852725550387,3.0205578967217095,1.4962216515756697,Olf,0.6838351874093236,1.0231690135111358,0.18371433348044244,0.2077543271003827,0.24227051137902955,0.20678055525106648,0.18371433348044244,0.19493939531704144,0.5227064219047333,-0.3409323977915712,-0.44082202935749804,0.01065699762074565
DALv2/3_Mm|Mm*-IA*,0.000991212370553582,12.407996454589739,3.003833286067099,1.1273638864478723,0.00035069545782517544,5.72790891265859,3.455069857785269,0.82788010303398,0.0004178905248864796,0.6669532777188214,3.378937474756981,0.22192342735454282,0.0007700014197563205,1.0572119493254282,3.1135084734949716,0.3132790382579501,0.0006314491632876238,20.09271237581219,3.199661607195811,1.324132430574265,Olf,0.6655028430878906,0.8812138971720523,0.20315548463895725,0.2393353267806466,0.2689295223727543,0.22578139254073706,0.20315548463895725,0.21700354369843713,0.6342745647530721,-0.4293731144824593,-0.47180474600702066,0.09319124673952275
DALv2/3_V-L|IA-IA*,0.0005004442514294989,6.264561139394467,3.3006442942300103,0.861209383190652,0.00039543680154044457,6.45866927956008,3.4029229141916635,0.8726613507842704,0.00043624652457048237,0.6962494532144899,3.360268018901706,0.2294897206731181,0.0004968974525366835,0.6822402023328664,3.3037332288890022,0.22588800757347133,0.00044443966717318554,14.142070209450765,3.3521871853300076,1.180185255552253,Gust,0.7308371092464777,0.8625231805431242,0.2417809852705526,0.2325491842612794,0.26649997272972464,0.25053629113797626,0.2325491842612794,0.2391968078629473,0.16204437125933932,-0.09383377266302018,-0.22344423365797392,-0.006472052068205646
DALv2/3_Vl|Vc,0.0003333710739318612,4.173139103479038,3.4770720845993117,0.7137541565573771,0.00031428417765983765,5.133203473718128,3.502677481195831,0.7876873729782397,0.0003360664694239575,0.5363620852006361,3.4735748152194468,0.1864935809773072,0.000333017006290089,0.4572323496362922,3.4775335863626666,0.1635288037396489,0.0003239401396938934,10.307775245059688,3.48953523352201,1.0533771678047117,Gust,0.7251508013598478,0.7638572973677535,0.2647404158203793,0.24553074486670395,0.28124515270072087,0.2731538007071829,0.24553074486670395,0.25639980531574635,0.05982080613480023,-0.013968417854333165,-0.18096328007530227,-0.08837284949951905
DALv2/3accl_Lcv|Llv,9.131485411269042e-05,1.1430793437826587,4.039458565634638,0.33103825033678425,8.031301016516187e-05,1.311752395027589,4.0952140908422745,0.3639413162399271,9.157149912314818e-05,0.1461481126005445,4.038239671148273,0.05924074357266858,9.833718851908285e-05,0.13501695983670076,4.0072822080226285,0.05500235096391103,8.613238475398629e-05,2.7407324828718433,4.064833523230346,0.5729566508961995,Gust,0.7372629139362822,0.4224196899989052,0.3379265806896683,0.32264049673136536,0.3547278138874226,0.34209263773738746,0.32264049673136536,0.33170084230616514,0.09286102704147826,-0.05142168178326427,-0.15984871586963925,0.013415653500663576
DALv2/3accl_Lld|Lld*,0.00034486757522745714,4.317052306697308,3.46234763522795,0.7256709327231065,0.0003075554436869045,5.023303061738211,3.5120765802105542,0.7798347151927211,0.0003572212909585122,0.5701251803697854,3.4470626631527383,0.19593427850898862,0.0003650853166658113,0.5012621397821588,3.4376056323609716,0.1764565322971149,0.0003277205313316913,10.428067306974418,3.4844963483673586,1.0579727895477289,Gust,0.7370585330436089,0.7797878722641038,0.2628242495972544,0.24675389661965497,0.2777949937839885,0.26795777640183,0.24675389661965497,0.25613777889415756,0.08459608605190025,-0.04544079800321636,-0.13875509176319317,-0.011318637477870121
DALv2/3accl_L|Mp*-IA*,0.00043692633161258117,5.46944381912629,3.3595917805050886,0.8108669457897184,0.0003243265950090226,5.297226276282366,3.4890174360746258,0.7991492989516156,0.00033608359102693447,0.5363894112789873,3.4735526897504148,0.18650130536703016,0.0003986102906020118,0.5472919289965622,3.3994514925691397,0.1895722601708705,0.0003737041973390246,11.891267559327762,3.4274720230890043,1.1102956223151128,Olf,0.7205538123767309,0.8000277435243495,0.2494521164137051,0.24375309489097552,0.28124227340280206,0.2629925874091816,0.2494521164137051,0.24896888074697013,0.2073024568803577,-0.11558884962339998,-0.28808386296015553,-0.05157567560237751
DALv2/3accm_Lcv|Lcv*,0.0017128346524164974,21.441264178949716,2.766284559144654,1.3510473182916831,0.001626014815391231,26.55769997978497,2.7888755013940805,1.4402429676706028,0.0017183804685515019,2.742535227808197,2.764880671975774,0.5731658969698541,0.0017337080815311937,2.380381195942329,2.76102402613234,0.5289656771887651,0.001670588284816687,53.158119222866986,2.7771305681971366,1.7336635739689397,Gust,0.7249152693458311,1.25675919667875,0.17224208099342453,0.1526401240224339,0.1890192401683872,0.17991082888307103,0.1526401240224339,0.16365209144644258,0.055798632983521904,-0.010868724823509276,-0.18799510956477822,-0.07978789914111552
DALv2/3accvl_L-V|S-N,0.0008992979324368283,11.257411518244217,3.0460964045827743,1.0883987669170345,0.00093083411447489,15.203313591718379,3.0311277080121024,1.209603837224269,0.0008670505744899477,1.3838127168859566,3.0619555691724787,0.37727213226871814,0.0008923802238573557,1.2252380473561495,3.0494500622457594,0.34737647694538726,0.0009131237708389474,29.055598388095305,3.0394703508518695,1.4779253789211992,Gust,0.7103719631503425,1.049876752813966,0.2086553955790003,0.1841656149994866,0.22767908199947023,0.21744515117462382,0.1841656149994866,0.19712345074323115,0.012980318707820163,0.03474535365658147,-0.25128677361056906,-0.13444700906063708
DALv2/3accvl_L|S*-N*,0.0005475687814479488,6.854466006165422,3.2615613194808066,0.8951166644289665,0.0005153617719705296,8.41740382159466,3.2878877984425903,0.973931193519424,0.0005480606492923308,0.87470479627056,3.2611713783225857,0.2729328904934736,0.0005606588853823766,0.7697846496300031,3.251301289936686,0.24792042389440364,0.0005320535112212345,16.929942727059682,3.274044685574027,1.2535789023139023,Gust,0.7264899146560763,0.9107124297566846,0.23669492234046272,0.2175790894405958,0.2536040313798105,0.2437130607475223,0.2175790894405958,0.22837677606347304,0.05991460243602287,-0.015517099367126553,-0.18673051183654465,-0.06550449520452453
DALv2/3accvm_L-V|N,0.0006388718098525759,7.9973973157345455,3.194586273960925,0.9541168988965699,0.0006085267640458835,9.939067637161415,3.2157203152874874,1.038980307619753,0.0006338224715327003,1.0115806645661896,3.198032366717308,0.30353745250438435,0.0006406153913090092,0.8795649322672696,3.193402630588593,0.2740573336349693,0.0006235020471932712,19.839835141689885,3.2051621155333545,1.3188942790546667,Gust,0.72308880783493,0.9536776919019485,0.2279791247727074,0.20818757399970592,0.24538743608662186,0.236178418696811,0.20818757399970592,0.21931000961062644,0.055072834889081435,-0.0082272284637131,-0.19756472698500796,-0.08901254527022442
DALv2/3accvm_L|S*-N*,0.0010642439520008855,13.322205791147084,2.972958808790768,1.1560099096723075,0.0010098830551778053,16.494419940219096,2.9957289143333683,1.242899547222563,0.0010582897080219681,1.6890303740030612,2.9753954270017635,0.4295957078340943,0.0010800057962268117,1.4828479582194125,2.9665739133122564,0.39495012554407344,0.0010374282916916812,33.01096824162929,2.984041912123884,1.531618995826023,Gust,0.7244936858595835,1.1096482916185495,0.1991376345298314,0.17955899297404884,0.21641457787349513,0.20666006350961982,0.17955899297404884,0.19057094006546166,0.05637390566703014,-0.01073797027380992,-0.1947055445416417,-0.07689974295401489
DALv2/3accvm_V-L|-,0.00021562239726701592,2.699161168988505,3.6663061278149764,0.5681032535315431,0.0002061128004104922,3.366440369104569,3.685895033891411,0.6401275335324695,0.00021931806183680502,0.35003162669154086,3.6589255987497165,0.13034394267036162,0.0002182548898757882,0.2996639637994572,3.661036015404445,0.11383107728171005,0.00021116860675818191,6.719385067045349,3.6753706433859508,0.8875827054360135,Gust,0.7251410728222779,0.6436226752383707,0.28936638808800547,0.2693737611387897,0.305365776968085,0.29703388936266223,0.2693737611387897,0.28052001548990596,0.05139941897380361,-0.008157742742008702,-0.18017355320820017,-0.08360194929409498
DAMd1_Mm*-IA*,0.0006701857729754749,8.389385506106994,3.173804795166106,0.9726371705366668,0.00030228691146918065,4.937252125026127,3.5195806552219713,0.7735854916046309,0.000315304084184381,0.5032253183582721,3.501270402352188,0.17702408184146468,0.0005201041492577975,0.7141029969309558,3.2839096806861012,0.23403691423527925,0.00046121547544685176,14.675876428718823,3.3360961280410506,1.1952318313219454,Olf,0.6842002587311687,0.8177779282342037,0.22527472702384022,0.2477304394233974,0.2848493179401076,0.24795655368696048,0.22527472702384022,0.23607275262551525,0.5088687052762673,-0.3283556415960072,-0.4557987868802029,0.008307220138608767
DAMd1_Mm*-IA*||Mm-IA,0.0013752719410046067,17.215654157495667,2.8616114172994807,1.2604447721680736,0.0007595969694001367,12.406497301212433,3.1194167760850027,1.1273153250955008,0.0006579324116374079,1.0500601289733031,3.181818717824085,0.31176659925006783,0.001057909871813882,1.4525102540004602,2.975551329849856,0.38961083185076595,0.001016305175783436,32.33883069342894,2.9929758622371665,1.5229503635694637,Olf,0.6878364832221622,1.0475408221995333,0.18464744170648237,0.1956551128982337,0.24327747288329646,0.20782833961329059,0.18464744170648237,0.19186313664949514,0.4018072520641099,-0.23590611466927408,-0.4858916425649235,-0.07147264815789628
DAMd1_SM-IA-M|IA*,0.0018474377862606759,23.126226208411143,2.7334301776174756,1.3824893954671633,0.0017548217501510664,28.66150364521737,2.7557669911201024,1.4721931631545448,0.001605563157449978,2.5624787992901643,2.79437260580797,0.5517522884892148,0.001924511820604052,2.6423547296893632,2.7156794168418563,0.5613822395491224,0.001792102429209276,57.02469929743916,2.7466371712345263,1.7636128984807988,Gust,0.7166791646835455,1.2639446189083454,0.16796657604405227,0.14833154802852463,0.19285717298601782,0.1740099081401729,0.14833154802852463,0.1594914497422966,0.061428457720252884,-0.005012340017704989,-0.29283304031792323,-0.04788852448816456
DAMd2/3_IA|IA-L,0.00014284383671561194,1.7881191480060306,3.8451384903448114,0.4453113290442953,0.00011668892165492255,1.90588015738985,3.932970369817367,0.4632776994122726,0.00011740852492989759,0.18738400578811654,3.9303003645035544,0.07459119462815149,0.00013913113113537602,0.19102704304887128,3.8565756809223446,0.07592162253530702,0.00012828515324329464,4.082033576201635,3.891823599301344,0.706037530039601,Gust,0.7227364451039618,0.5102790545708029,0.31263873763662636,0.30152691004970056,0.3406811321865499,0.3224804437903809,0.30152691004970056,0.3091903907753606,0.14854778762328855,-0.07406399849839174,-0.276296193159455,-0.03670747433992149
DAMd2/3_SM|IA-V-IA*,0.0005456666238453745,6.830654797296399,3.2630726085931645,0.8937980791668303,0.0007777309897599991,12.702680255750066,3.109170595081269,1.1368055238303665,0.00040213478457620013,0.6418071161836154,3.3956283578088726,0.21532213372277875,0.00048779248118746636,0.6697390766703912,3.3117648972770213,0.22264861101846656,0.0006519019920498641,20.743521387026675,3.185817691195992,1.3373298799117388,Gust,0.6384321034352768,0.8537943282188976,0.23689159394952872,0.1943217261304022,0.27110159044345356,0.2515814923059327,0.1943217261304022,0.21247520148961968,-0.14282980561327915,0.20568221842416506,-0.5157328898902512,-0.34018667164967353
DAMd2/3_SM|Vm-IA-Vm*-IA*,0.000655619606626855,8.20704623575497,3.1833480664547893,0.9641203240880367,0.000678923035811491,11.088849943909084,3.1681794548543003,1.082384986818483,0.0007209159009984277,1.1505817779934904,3.1421153946817366,0.3325559616801804,0.0007133174126824387,0.9793848076129883,3.1467171737447996,0.29653023259809597,0.000673184363282638,21.420726439653542,3.1718659797203226,1.3506496797853567,Gust,0.7260587868923871,0.9806510680215472,0.22651664063570395,0.20200084411372823,0.23811068091488846,0.230103006757182,0.20200084411372823,0.21461515187378213,0.0019653660470993904,0.023964976705720557,-0.15538450584985228,-0.06129330717459008
DAMd2/3_V||IA*-L*,0.00024128124613242568,3.0203586390857047,3.6174764310269527,0.6042647963751643,0.0002450161410943539,4.001848632494082,3.6108053026086524,0.6991305448380578,0.00025182187694195287,0.40190771559935673,3.598906541675669,0.14671942595226753,0.00025431090338422745,0.3491688703465443,3.594635017675775,0.13006631206601757,0.0002442677709427228,7.77260047139744,3.6121338289362077,0.943128350831431,Gust,0.7225409194116198,0.6814488257329069,0.28301193548262504,0.2596019589369773,0.29755519695870425,0.28839279550437924,0.2596019589369773,0.2719536354913716,0.016384740120035164,0.018575076679538085,-0.1867919150824548,-0.07754357305442375
DAMv1/2_SM*|T*,0.0009156983082784292,11.462711423029376,3.038247587682527,1.0956125389486921,0.0027211038335300678,44.443788913046596,2.565254885672266,1.6574745338699743,0.000735937070632623,1.1745555647296664,3.133159319644993,0.33737050933277524,0.0008608361797453547,1.1819280747903718,3.0650794879975685,0.33884043037858785,0.0018076980637657342,57.520952389025666,2.7428741069118616,1.767311385360532,Gust,0.4935287129261749,0.8722189133567585,0.207633989789457,0.12353925513195183,0.23694518208743773,0.21947908649927533,0.12353925513195183,0.14431658467697991,-0.485365633603233,0.5092294373537796,-0.6829259393164003,-0.5834058227099636
DAMv1/2_SM-V|IC*,0.000280513732435011,3.5114709026214674,3.5520458716304986,0.6543181606681725,0.0003220151507308505,5.2594734568869805,3.4921236930299893,0.7965378021583226,0.0003099149630253694,0.49462428098848954,3.5087574536518185,0.17453203332872785,0.0003229391995711696,0.4433955210112159,3.4908792341453534,0.15938535330820636,0.0003046713915325119,9.694643678564528,3.516168322438104,1.0291663194347918,Gust,0.7159519668241865,0.7368336505885481,0.2744971296169806,0.24415732764074413,0.28582364536311183,0.274890536585174,0.24415732764074413,0.2586566572423329,-0.053936418373370716,0.07178156921592067,-0.1987235010921846,-0.06215023465075326
DAMv1/2_SMal|SM-SM*,0.0009064443049478777,11.346869809337534,3.042658874814549,1.0915568687828279,0.0008279870768988052,13.523512926988186,3.0819764410424573,1.162071675612078,0.0010641565328164263,1.6983938263750162,2.9729944840968767,0.4311053345648054,0.0011408934342325434,1.566446685201282,2.942754918817378,0.4093322467524851,0.0008856391617647012,28.181038127352792,3.052743187300346,1.4651007380358803,Gust,0.7564228616917125,1.1082356929317405,0.20820805264163583,0.1907828148868364,0.21610213116788568,0.2035603786542626,0.1907828148868364,0.20005018215707507,0.05494508992431014,-0.049009738284110704,-0.05055916137318502,0.14335243972740133
DAMv1/2_SMmed|SMant-SMant*,0.0003015916001302288,3.7753236504302046,3.5205807570780765,0.6790028114867892,0.0010604107146320086,17.3196882020846,2.9745258922966036,1.2629180777779851,0.0002518043581748944,0.4018797556471315,3.5989367557642358,0.1467107642023378,0.000286526471267563,0.393400845050364,3.542835247244182,0.14407606958350727,0.000678176890718135,21.57958866265106,3.1686570125088007,1.3537160260226067,Gust,0.4573607103020864,0.6191365232090171,0.27040241692576295,0.17679973769527133,0.29755912886912844,0.28165183236454916,0.17679973769527133,0.1970443309027284,-0.5488647384296693,0.5654003276032146,-0.711248374938252,-0.6309386253275591
DAMv1/2_SMmed|SMlat-SMlat*,0.0013904493492943796,17.405644954467043,2.8568448264965456,1.264951040215641,0.001958525167225289,31.98859155629065,2.7080708431351956,1.5183637737936422,0.0015369705744620156,2.453005036841377,2.8133344467727346,0.5381972118480991,0.001595420271921012,2.1905120333475496,2.797124893692719,0.5038603869482502,0.001691367370837101,53.81930974003656,2.7717620516374937,1.7389335627981437,Gust,0.6821018746749493,1.1861298431198026,0.18402714141098836,0.1421246097969598,0.1953247721653539,0.18460881529329606,0.1421246097969598,0.15975863331640386,-0.157447478561864,0.1712099329106953,-0.2860282557763362,-0.16754028295229947
DAMv1/2_SM|SM*-IA*,0.001220281424632326,15.275482873547457,2.913539999239586,1.2115338824141884,0.001814138432597854,29.630323019620754,2.7413295757909513,1.4861515767902205,0.001412235771204568,2.2539282908424907,2.8500927919388976,0.5124079778465176,0.001376042384919781,1.8893061944948593,2.861368188420595,0.4607935686815279,0.001534251787351769,48.819891873533294,2.8141033618221942,1.697402780631664,Gust,0.6742922622107032,1.1445455608348627,0.19140516773200927,0.14645273498056435,0.20010831942399446,0.19296911647095774,0.14645273498056435,0.16470976176727542,-0.1853546529306616,0.19520605811577116,-0.2772477522011743,-0.20898138508481554
DAMv1/2_T|SM-SM*,0.00012823017051800874,1.6051852745444335,3.892009776828839,0.4158386147184697,0.0013250376164403636,21.64183938932046,2.877771792055574,1.354911705386504,9.152283051740305e-05,0.14607043750577525,4.038470552216249,0.05921131019682318,0.000117641034724659,0.1615211406769568,3.929441160571598,0.0650271187387441,0.0007249053808766734,23.066489219495747,3.1397186759262516,1.3814127407193146,Gust,0.23555800921022882,0.32540283510148776,0.31873833251653994,0.16420864283292008,0.35475785959526923,0.3319627930052353,0.16420864283292008,0.1770714391695051,-0.8217402542489304,0.817837471793811,-0.9024637243394599,-0.8591787450230102
DILP_SM-SM*-T|T*,0.00032739639143625,4.098348027998977,3.4849261103659273,0.707429478344024,0.0017524079829770792,28.622079585964634,2.756364776842133,1.4716155444284684,0.0003233858086134523,0.5161237505470697,3.4902790411450964,0.18073465115506177,0.0003363720448730356,0.46183881761067785,3.473180103324579,0.16489948993972395,0.0010408339061533695,33.119334893800215,2.982618568243411,1.5330005566464877,Gust,0.37344759426016155,0.5724953698791193,0.2657624994657489,0.1484093408736309,0.2834189571463004,0.27258726019078466,0.1484093408736309,0.16645132851015657,-0.6818705828880587,0.6804629632050194,-0.7591067886198667,-0.7185533080502481
DILP_SM-Tdm|ncc*,0.002368701499252464,29.651405367642347,2.625489664883468,1.486450391722942,0.008486429114084652,138.60884672034462,2.0712750119752954,2.144912939491252,0.0021495139174754576,3.4306242122908306,2.6676597384057708,0.6464649164840257,0.002426188579498321,3.3311569196511943,2.6150754457254926,0.6366039186880648,0.005422056492549674,172.52983759293065,2.2658359617261956,2.2393741603248256,Gust,0.4602070990619761,1.0305758860374366,0.1539197373887496,0.059255184128072014,0.17636739395063736,0.16091781033036637,0.059255184128072014,0.0795232562143868,-0.5568439260303392,0.5668778458933392,-0.6917093914673905,-0.6091435915858232
DILP_T*|S*,6.819412923898038e-05,0.8536541098135562,4.166253005321941,0.26802869840948385,0.0005462968176093818,8.922665922014033,3.2625713286166884,0.996628369701917,2.1097077518693824e-05,0.03367093571983534,4.675777680771287,0.014382305154302628,5.42562459942405e-05,0.0744938257500922,4.265550250494484,0.03120392429431287,0.0003044632557632353,9.688020798386146,3.516465111398331,1.028897290248943,Gust,0.2597745745022402,0.2672813557809271,0.354426975134394,0.21428453063261044,0.4376938229508186,0.3757023495178284,0.21428453063261044,0.22836520427543583,-0.7740917732261646,0.7859837776734672,-0.9464226758605265,-0.845232020998242
DPLal1-3_IC,0.000356684957083971,4.464982292777149,3.4477152050963857,0.7375887591198236,0.0002083088388225965,3.402308264489469,3.681292299880792,0.6436804500481683,0.001239396311107412,1.9780765125274296,2.906789800451778,0.47393585142206646,0.00042402432293137126,0.5821853953847727,3.372609229619119,0.19925737137093644,0.0003306293452277975,10.520625765148516,3.4806586016442753,1.0614760692755678,Olf,0.8692632200935754,0.9227021060307512,0.26092005829792675,0.26877478434701035,0.20748658464292402,0.2594994695125556,0.26092005829792675,0.25326741438383144,0.12006056273191842,-0.3544525183419648,1.983599830862007,0.14655209783146578
DPLal1-3_IC-SLl,0.0003823674343347357,4.786475543002222,3.4175191018997246,0.7624141218828616,0.0003446200539728321,5.628679341538266,3.462659452626235,0.8214270107857053,0.0005426932369012515,0.8661384060943973,3.2654455898088948,0.27094385097208235,0.00038304464279426744,0.5259202945565292,3.416750606126439,0.18353184912454726,0.00037171867958012497,11.828088384239578,3.429785613052757,1.1081619435120391,Gust,0.7569971770972331,0.8388754630051971,0.25699048839985145,0.2403229987074317,0.2541602558927955,0.26524380755687493,0.2403229987074317,0.2492048462350501,0.060406969593498325,-0.05681691504052487,0.15377134398196596,-0.08528167232348767
DPLal1-3_IC-VL|IC,0.00036634006721709766,4.5858449614236285,3.4361155780487596,0.7470888774207296,0.0003464932971118576,5.65927502172797,3.4603051611133195,0.823426951212178,0.0003960798883469044,0.6321435018016595,3.4022172080056863,0.21275834026390555,0.00036702313557128994,0.5039227651393812,3.4353065576320336,0.1772255333732666,0.0003579603977438706,11.390299856209962,3.4461650168151245,1.0930818168136378,Gust,0.7301815546804161,0.7981481803938759,0.2594105408287888,0.24001662298072965,0.2719590304656876,0.26765858631132666,0.24001662298072965,0.25082912509257993,0.05398877635566835,-0.01619237563103741,-0.12640926645827866,-0.09073323302408687
DPLal1-3_IC-VL|IC-IC*,0.0004479797714553286,5.607810779077804,3.3487415951745287,0.8200575980564275,0.0005072598232015455,8.285074692350843,3.2947695331458653,0.9677854017048071,0.0004869889027395327,0.7772342887722942,3.3124809342670747,0.24974468363756222,0.00042319491027254007,0.5810466118041975,3.373459563136252,0.19894467382275285,0.0004785515576851688,15.22751056554207,3.3200712648961406,1.210251900567304,Gust,0.7037132091335573,0.8516702488082044,0.2480401275426305,0.2184746439881614,0.2602812004572221,0.2596101276650492,0.2184746439881614,0.23304354675560168,-0.03817858798638825,0.07480649973152498,-0.1984534218875313,-0.2176109120644605
DPLal1-3_IC-Vpd,0.00010563813830498595,1.3223782153018142,3.976179256998376,0.36593294901265216,8.90783461914623e-05,1.4549166283451536,4.05022784970139,0.39003674759362306,0.00012236527183840816,0.19529497385409944,3.91234181711327,0.07747509332512438,0.00010633127715416475,0.14599284353266823,3.9733389656586993,0.05918190556856445,9.823738521343078e-05,3.125913597491367,4.007723201253652,0.6155201289871998,Gust,0.7475490994170326,0.46013151809743696,0.3296917278423126,0.3167862122277171,0.3383440966168138,0.3376754338827152,0.3167862122277171,0.3245864851998968,0.10918139155260637,-0.07696586450755663,-0.015051149452713934,-0.03863307197261542
DPLal1-3_L,0.000192941224360647,2.415238246546579,3.7145749676191677,0.5334210053971797,0.0001772299375208923,2.894696569528734,3.7514629131703736,0.5904736280387481,0.00018580428009424687,0.29654363103041803,3.7309442836998135,0.11278713614348634,0.00019482052185045034,0.2674885765006683,3.710365295449031,0.10294405385540871,0.00018479498614333822,5.880176459081022,3.7333098138816836,0.8375995769306293,Gust,0.7253754128870593,0.6075741389500814,0.29564785356963563,0.2779064371273834,0.31473792855452415,0.30345335523527733,0.2779064371273834,0.2882240640834281,0.07555499624018056,-0.024991375828768474,-0.20596989584698772,-0.06483422157035698
DPLal1-3_SLl|SL-SL*,0.0004735016646026754,5.92729383749629,3.324678488971629,0.8405636096516641,0.00044072112555577393,7.198298143702456,3.355836130505104,0.9137237080534707,0.0002750230344536215,0.4389367629879799,3.560630928891853,0.15804170839884774,0.000352800558417862,0.48439516670772453,3.4524707349010515,0.17154953158648545,0.0004415792671596941,14.051052281021466,3.3549913246248733,1.1775668643062935,Gust,0.6716551543879673,0.7909188540477982,0.24490867521008053,0.22642154565285308,0.2925742000782094,0.269892246525106,0.22642154565285308,0.23778700534944497,0.10361487564551188,0.013733235032930901,-0.5085959092765762,-0.2919374723948725
DPLal1-3_SL|SMal-IA,4.376881954750317e-05,0.5478980830956447,4.358835156302412,0.18974236241516015,2.2895636105362852e-05,0.37395442450889144,4.640247267074315,0.1379723269647434,7.526042997274288e-05,0.12011564623649765,4.123433299056971,0.04926286367871864,7.788016046851707e-05,0.10692946032327394,4.1085731567306745,0.0441199461104732,3.644567849466628e-05,1.159701489700281,4.4383539483566965,0.3343937278477121,Olf,0.8479650277392845,0.2835541867102279,0.3794886534069442,0.39356838927514914,0.3658144866795219,0.35527413537628266,0.3794886534069442,0.3803881702938222,0.24744843403147512,-0.35601720713332763,0.6443646273082804,0.9113090566184586
DPLal1-3_SL|V,0.00012491049923589248,1.5636296294349021,3.903401052395827,0.40885528234786883,0.0001359663852589374,2.2207389704342244,3.8665684450607323,0.5079555282056677,8.686475064386575e-05,0.13863614202760977,4.061156417706137,0.056384964855856534,9.628785720707713e-05,0.1322032279453169,4.016428473478993,0.05392438873691682,0.00012722717470055182,4.048368698971558,3.895420113560075,0.7031510653488948,Gust,0.6666973517307809,0.46878895313478547,0.3202207361656859,0.2928856955526331,0.35771008470724014,0.34328288699514964,0.2928856955526331,0.3072848470802705,0.008613805567362694,0.08348099233774094,-0.4622960784628709,-0.3305104572583927
DPLal1-3_VLl|VL-IC-VL*-IC*,7.024589954740376e-05,0.8793381705344003,4.15337901550246,0.2740049346415832,8.322858137042286e-05,1.3593724195231165,4.079727502627007,0.3727964983159115,8.319175038292847e-05,0.13277403361115384,4.079919732681258,0.05414328520035399,7.27666054414244e-05,0.0999085492710757,4.138067878453967,0.041356577705509406,7.751891983319372e-05,2.466652029092224,4.110592281873846,0.5399102508201093,Gust,0.7092680501840211,0.3829410908735447,0.3527516184655787,0.3206251495695722,0.3601518487068577,0.35911243099612183,0.3206251495695722,0.33573539529081237,-0.06928174618069818,0.0882621544713698,-0.15501076186815665,-0.16981347390261417
DPLal1-3_VLm|VLl-VLl*,5.547303539840838e-05,0.6944114571172761,4.255918061721981,0.2290188793462646,6.317089032819766e-05,1.0317701517304525,4.199482995257178,0.3078745759144387,8.255046762413729e-05,0.1317505463281231,4.083280456982663,0.053750712813618005,6.184043157973864e-05,0.08490691255898114,4.208727481147681,0.03539247634464193,6.099531900067569e-05,1.9408710506015003,4.214703485904868,0.46847598226294657,Gust,0.7380216735663412,0.3457454284553354,0.3660955372744842,0.33620953063701836,0.3605891965647756,0.3683077184127406,0.33620953063701836,0.34994745581440434,-0.06505901474749623,0.050710438267668474,0.06658499131755154,-0.10252762091404868
DPLal1-3_VL|IC,6.52869627920376e-05,0.8172622002307266,4.185173528041651,0.2594175931847829,7.329882453072713e-05,1.1971897010603663,4.13490298401659,0.3418675546752201,0.00010801565845677729,0.17239299089701657,3.9665132785623687,0.0690732133625698,6.556956165615157e-05,0.09002700815389611,4.183297713034011,0.03743725880932865,7.149883808333034e-05,2.2750930278115713,4.145701009720551,0.5152236404778565,Gust,0.7421982523201175,0.38239808551667365,0.3568891973638981,0.32780541085587933,0.3453936997678807,0.3649984155320443,0.32780541085587933,0.3410470657830907,-0.061083515695885326,0.04030644611932004,0.190860467381556,-0.18801297314616708
DPLal1-3_VL|IC-IC*,6.871318435096646e-05,0.8601516417053982,4.162959918315702,0.26954834984771864,7.101968856716042e-05,1.1599645733674313,4.148621230366759,0.33444662813370424,8.193759778162422e-05,0.13077240605947227,4.086516767392526,0.05337520197319125,7.070181995439958e-05,0.09707359879739064,4.150569400626533,0.040235763836695256,7.063328173347649e-05,2.247551024759222,4.15099060912609,0.5115559833316043,Gust,0.7286724853011948,0.3727567697449367,0.35399842925590147,0.32959063484855544,0.36101035382088253,0.3607393165876,0.32959063484855544,0.3421028341471501,0.0008987878211123181,0.020922163884460044,-0.08502974109655079,-0.1131973285200602
DPLal1-3_V|IA-L,0.00013546891248632042,1.695799846503759,3.8681603523929717,0.43068764424836115,0.00010972449520003915,1.7921301801022391,3.959696404541274,0.44593566294183207,0.00011556650573573654,0.18444414315423552,3.9371680140771264,0.0735145847785995,0.00012933954746069162,0.17758319866352962,3.888268659558473,0.07099160067908009,0.0001212921458038083,3.8595160794771797,3.916167317106886,0.6865930234852,Gust,0.724635409113321,0.49752961646754995,0.3156346876608035,0.30500490258608826,0.3415748537657576,0.32660480957419646,0.30500490258608826,0.3124353437688121,0.1521865995662892,-0.07901926053950677,-0.24649034756247995,-0.05275826593620895
DPLam_IP|SM-SM*,0.0005497028570712196,6.881180364817526,3.2598720050001915,0.8965912666693727,0.00044062950272161927,7.196801667952208,3.3559264266711613,0.9136444269060662,0.0007949695024041873,1.268771325837083,3.0996495314156274,0.3557907246500889,0.0006887306079767919,0.9456271247521353,3.161950615411197,0.2890596123048424,0.0005138336034434508,16.3501852615706,3.28917749651358,1.2393041164553227,Gust,0.7855171654829182,0.9734946567292974,0.23647508340004797,0.2264332963444486,0.2325843857866901,0.232085410692766,0.2264332963444486,0.23148157437511407,0.10479715286123566,-0.12603929693793325,0.22483808701770142,0.1919286193126468
DPLam_SL,0.00012184191256234663,1.525217061455455,3.9142032888985243,0.4022987149460361,7.889806566717121e-05,1.2886421065419074,4.102933638692562,0.35957788384695955,0.0001541790244791193,0.2460697230686744,3.8119747037056415,0.09554234368495801,0.00016747404173973526,0.22994185930865652,3.776052495901626,0.08988458235141666,0.00010402555087257216,3.3100930287652464,3.9828599715256225,0.6344866440455079,Olf,0.7959524660999523,0.5050212090355046,0.321626485216033,0.32364508009305537,0.3252828222850008,0.31200155908483546,0.321626485216033,0.32201792515141725,0.2127100241002225,-0.2250201752635926,0.17641137643203758,0.43533763709724627
DPLam_SLlat|SM,0.001183541076813143,14.815567199546924,2.9268166641751314,1.199084771794971,0.0009222321080768312,15.062817021218883,3.0351597611535577,1.2058217121435313,0.0018012368202240227,2.8747739650775403,2.7444291836883625,0.5882463730145266,0.0013731981899930553,1.885401114860465,2.862266777371434,0.4602061952600621,0.0010927993004831507,34.77287374137386,2.9614595912633024,1.5535538297181604,Gust,0.7865483202898018,1.221945155244608,0.193132926527168,0.18469032623619527,0.1863577857342953,0.19308605434433043,0.18469032623619527,0.18889675973629683,0.11882615663178053,-0.1396338905530746,0.30534032316998855,0.11778636961434029
DPLam_SL|IC,0.0007240803484157908,9.064037801468867,3.140213238538064,1.0027722593550197,0.00021461013427886353,3.505227323176678,3.6683497716909295,0.6537167093462644,0.0003528835136754931,0.5632020878260869,3.4523686296896043,0.19401512642251206,0.000673188740367514,0.9242881405245966,3.1718631559208865,0.2842701032893122,0.0004478080065916122,14.2492507697451,3.3489081447414524,1.1832485063346907,Olf,0.6760024926193946,0.7998789396704264,0.22090328979250765,0.26709050843734605,0.27848548574077076,0.2333753791548103,0.22090328979250765,0.23554784416302393,0.6867113622332096,-0.506635363530155,-0.3698280892565616,0.3503214441944652
DPLam_SL|SM,0.000875468231568189,10.959111322770589,3.0577596081992064,1.0776989085858046,0.0007466045487750162,12.194292095142337,3.1269093678303372,1.1203860942589359,0.000786231014279978,1.254824698790845,3.104449828107805,0.35311278332831075,0.001056298800226906,1.450298252711542,2.9762132130822874,0.3892189503332206,0.0008144061421351185,25.91440344273947,3.089158959074579,1.4299847581291305,Gust,0.7406074758200824,1.0590574021792063,0.21017318658493786,0.19663016132714123,0.23320907239809022,0.20791447378793104,0.19663016132714123,0.2047777741550675,0.10860214784577904,-0.06698261336592258,-0.23676345301160354,0.151777054860054
DPLam_SL|V,0.00011609596057194572,1.4532892344396164,3.935182887044575,0.3897487530641693,0.00010326816243952917,1.6866788971248299,3.986033546569387,0.42921576411088785,9.447134478982321e-05,0.15077626628455784,4.024699897865653,0.06099089638135629,0.00010435022182091694,0.14327285456011896,3.98150661924068,0.058149891889707525,0.00010804722326906867,3.4380626444217652,3.966386385653586,0.6471934281201182,Gust,0.7090096321082685,0.4588663743743341,0.32435666522672896,0.30843228657139826,0.3529658154874426,0.33873833148392646,0.30843228657139826,0.3183912816288934,0.1070155783074219,-0.028222468852402968,-0.30942574570808135,-0.14320620731549719
DPLam_SM-IC|SM-SM*,0.0004365868932808953,5.465194730090247,3.3599293053353465,0.8105816102574066,0.00038820421707102274,6.340539477421014,3.4109397500527123,0.8657279786432431,0.0005328383058166416,0.8504099360833601,3.2734045604123443,0.267267951785147,0.0005066540986923564,0.6956360775046053,3.295288438818212,0.22933264833879105,0.0004204052506346094,13.37729507519327,3.376331867473276,1.157677186156946,Gust,0.7563991813101936,0.8756660758306024,0.2494960402075866,0.23359245519833433,0.25519599653453634,0.2494373283797151,0.23359245519833433,0.2423036771246369,0.07070693265354103,-0.06044122995620656,0.0017723075269635352,0.06993598154903193
DPLam_VL-SL|IC,0.0002650516211794592,3.3179161939244697,3.5766695334430936,0.6352742088946087,0.0003535363317117532,5.774308905848065,3.451565947396374,0.8308649964193973,0.00028810369037225703,0.4598134898341222,3.5404511772199982,0.1642973725583668,0.0002646408824300929,0.36335193157651746,3.5773430623536124,0.13460797778105016,0.0003105028227848547,9.880199821014077,3.507934445894473,1.0366368714988232,Gust,0.6815098813106583,0.7064782712574151,0.27770152985395746,0.23887934540119238,0.2899481080886601,0.2861425068936175,0.23887934540119238,0.2559703536807529,-0.12469433919125295,0.1521979667167635,-0.2706235179462946,-0.2474549215645909
DPLc1_SL-VL|SL*-SM*,0.0005901234418362715,7.387165244906447,3.2290571325357056,0.9236151996222125,0.00039657342324493823,6.477233721859575,3.401676392729031,0.8737409559479365,0.0009566754886544644,1.5268540798925252,3.019235352664508,0.40258016312005596,0.0010897210563012294,1.496187010301588,2.962684656901964,0.39727711887081074,0.0005341556082252687,16.99683145372805,3.272332206673245,1.2551960493648677,Olf,0.8376715568035074,1.0514420287650807,0.23246498996312856,0.23238696819038565,0.22211968661206996,0.20615393512556157,0.23246498996312856,0.22916861157928198,0.1442426784058125,-0.24113825082479293,0.42204580231824634,0.8194366125801391
DPLc1_SL|Mac,0.00021844086223903186,2.734442713508201,3.6606661158793647,0.5722258017321431,0.00010525709493574287,1.7191641315854884,3.9777486164247686,0.4344354228469812,0.0020664037689861435,3.2979804153018852,2.684784814498945,0.633264432201097,0.004539224674676004,6.232355478330154,2.343018320673884,0.8592797640495979,0.0004478375805475655,14.250191813023534,3.3488794641873607,1.1832753061623975,Thermo,0.9216523698540457,1.0905684901143453,0.28863242513316256,0.3073541271846749,0.17859596573288727,0.12551365628449224,0.12551365628449224,0.1922843073492131,-0.48850270521907757,-0.756765810993697,2.7093542108947957,8.152451787868165
DPLc1_SL|SM,0.0006172770403793609,7.72707399146884,3.2095198756129606,0.9408686580969384,0.00025686589476881677,4.195390659259084,3.5902935534316684,0.7156182092140166,0.0005983390669706753,0.9549491508851977,3.2230526393940404,0.291135465682184,0.0005537960060812057,0.7603619163494953,3.2566501798812544,0.2456019644704511,0.0004331025468691564,13.781323041376556,3.36340926138154,1.1697133084737814,Olf,0.7441981418231193,0.8704984706319613,0.2299225090279372,0.2569326624520037,0.24864344927851592,0.24440913854197815,0.2299225090279372,0.24035021921294472,0.48209374957953427,-0.3913525906803591,0.10132772983042615,0.14496360770106187
DPLc1_SL|SM-SM*,0.0014249466924803754,17.837482696469337,2.8462013820837835,1.2750228663933538,0.0014789608868024488,24.155868164144398,2.8300433110850385,1.400639310029533,0.0017509305523483536,2.794485161547972,2.7567310788712702,0.5791528588437183,0.0018090380405587432,2.4838092296871546,2.7425523004340864,0.5420543654049287,0.0014856952130789334,47.27482168017166,2.828070275649524,1.6837206782368184,Gust,0.7450288972118171,1.2544205601195095,0.18264205676931008,0.15799749694826123,0.18795869286741756,0.1775070108540815,0.15799749694826123,0.1700931397897134,-0.01295490259309087,0.011017906538235334,-0.0702183701964287,0.07902719151185696
DPLc1_SM|ncc,0.00013775145506519001,1.7243727145060483,3.8609038018574102,0.4352665220294525,8.228974492157065e-05,1.3440384038040132,4.0846542786045985,0.36996472271445696,0.00021461506865302817,0.342525649570233,3.668339786389755,0.12792259184675325,0.00014259030106595586,0.1957764833635574,3.8459100109670725,0.0776500081526483,0.00011414434412126388,3.632073029938617,3.9425455992281826,0.6657753979234666,Olf,0.795201987095898,0.5294259193883029,0.31469035645479687,0.32126629556281566,0.30659089227929565,0.3210924668277218,0.31469035645479687,0.31671919063684495,0.25061512134746206,-0.262712319082771,0.49369302985931607,0.11471482776451526
DPLc3_SLl,0.0007138072437130126,8.935439076799492,3.146419048530936,0.9971870646433718,0.0006726956127778884,10.98713744350125,3.1721814040672642,1.0787154849405194,0.0005202165571950321,0.8302656252832712,3.283815828575581,0.2625141231858073,0.0006215770827028372,0.8534253345509955,3.2065050054762283,0.2679750951157086,0.0006792263732050679,21.61298319538526,3.1679854588810925,1.354357859993794,Gust,0.693875825472833,0.9397561780888134,0.22171088287769292,0.20252163777569412,0.2565508669199167,0.23788349625653538,0.20252163777569412,0.2139304407255078,0.08178336434420448,0.00610133178692798,-0.3956101244300275,-0.18885097005133034
DPLc3_SL|SLl-SM*-SLl*,0.0001272086867860355,1.5923983411875926,3.8954832272985267,0.41370173488676626,8.816149057518918e-05,1.4399416255645652,4.054721070745079,0.3873794361754283,0.00012971404830255728,0.2070236210908814,3.8870129830205054,0.08171576919349476,0.0001364733797492655,0.18737795039574154,3.864952049876595,0.07458897981795772,0.00010820351247774475,3.443035767041838,3.9657586370185154,0.6476798093845534,Olf,0.7566378120964988,0.4900590339118059,0.31919034999439944,0.31737093754951395,0.3350479287849567,0.32357050256662173,0.31919034999439944,0.31962335308611817,0.21555472612792034,-0.1686183165507081,-0.0497925680218388,0.12292824422183853
DPLc4_SLlat|SLmed-IC,0.00018397453574756794,2.302993238488056,3.7352422819647804,0.5189076846540748,9.622654150324645e-05,1.5716681023725245,4.016705118474172,0.41021491813664956,0.0003618978190886821,0.5775889192655367,3.441414032880493,0.1979938471922594,0.0006490823499922538,0.8911900665393644,3.1877001994821574,0.27673517807887393,0.00016977042542694624,5.40209493708543,3.770137960488927,0.8063221100372018,Olf,0.9102590325164841,0.7339619837791134,0.29833739452787283,0.3124237315899403,0.2770599092819052,0.2354363328231551,0.29833739452787283,0.2896898956115077,0.12739433418518373,-0.41806190220803974,0.7001128913877113,2.425028926065788
DPLc4_SL|SM,0.0010339900605992342,12.943487578581214,2.9854836355296532,1.144371414127487,0.0008300628275268876,13.557416161996656,3.0808890340698922,1.1630842976303413,0.0016855644641705105,2.6901608848161347,2.773254633037732,0.5670453010817459,0.0013699731258436066,1.8809731017832718,2.8632879518056362,0.45953920350719835,0.0009801854249275332,31.18950022119411,3.0086917591650604,1.507714233819427,Gust,0.7994488278579874,1.2053403769717443,0.20076755286105416,0.19064130518015276,0.19010898559356393,0.19321894487961544,0.19064130518015276,0.19496948628841257,0.08964674150712187,-0.13673505295016264,0.36172179767728113,0.24316198114376772
DPLc4_SL|SMal-IA,0.0011476210287549617,14.36592003795461,2.9402015020582675,1.1865585688517197,0.000621912842577784,10.157702457822946,3.206270474160327,1.0475747759084983,0.0009262141049232937,1.4782377114575767,3.033288609135692,0.39414296137133586,0.001310171859611748,1.79886596324693,2.8826717324207007,0.44698210074695155,0.0008803491860095841,28.012711098824965,3.0553450324955653,1.4625883134371334,Olf,0.7517930071804106,1.0995636664258275,0.19487476240889212,0.20695781892193849,0.2239485071469396,0.1957414531754632,0.19487476240889212,0.20089162176070674,0.35170354706531526,-0.2771032672292935,-0.16368861579464103,0.3287936214725618
DPLc4_SL|ncc,0.0002571518371853758,3.2190266978865347,3.58981036688669,0.6252122735942808,0.00016475849321310955,2.691000469649718,3.7831521858703043,0.5671441004560929,0.000768009369796433,1.225742954195107,3.1146334809315688,0.34747500724911073,0.0003548204444674208,0.48716847025376875,3.4499913631981105,0.17236016930017958,0.00024140743487495328,7.681584577721013,3.6172493568164485,0.9385990005858548,Olf,0.8665246722910146,0.8133191913953316,0.27941161221787286,0.28203032063919076,0.23453432206120362,0.26956959348783954,0.27941161221787286,0.27249094806797075,0.10460322319216049,-0.3015613453987675,1.5290467389615972,0.3124163189864809
DPLc4_SMpos|SMant,0.0014138502064991658,17.698576884956555,2.8495966000883035,1.2718085544226347,0.002573481746392253,42.03267736382467,2.5894789076683042,1.633798367420285,0.0013562948858125735,2.1646466377568676,2.8676458755189698,0.5003252240406448,0.0015251733957695598,2.0940630723916054,2.8166807786258414,0.4905291625347903,0.0019962493912811467,63.52065563056609,2.699785203065851,1.8096987718491362,Gust,0.6189209356389352,1.1200604570974995,0.18308389346529277,0.12669164824128756,0.20239258996067344,0.18715372038462316,0.12669164824128756,0.1468282382566028,-0.2765131697257282,0.29960718416719573,-0.4679468522717878,-0.3279636519981876
DPLc4_SM|ncc,0.0007962928759068578,9.967994220602046,3.0989271691586904,1.040127212937428,0.0018838532946542624,30.768975861588068,2.7249529207408956,1.5020032146751143,0.0008232848900234297,1.313962684477394,3.08444985471524,0.3643563511342153,0.0008369698908691024,1.1491596601632774,3.077290164504103,0.3322686802435258,0.0013438221368111982,42.760420393332325,2.871658208721762,1.6410814854832236,Gust,0.5646519016819067,0.9266397815930706,0.21553052714209475,0.14432155897097323,0.23060637585496743,0.22106812288992186,0.14432155897097323,0.16541826541118676,-0.39643054907738073,0.4091761358626925,-0.5216142582360593,-0.45372595488246903
DPLc5a_SM-IC|IP-IP*,0.0002315561360228642,2.898619710734214,3.635343704241042,0.590910874176314,0.00021716737945672281,3.546994808666654,3.6632054072209908,0.6577244583685757,0.00027036979671308663,0.43151019555408626,3.568041823895842,0.15579444551661947,0.00023938681829647153,0.3286781015210554,3.6208997656438857,0.12341977728112803,0.0002266897806494074,7.213268820264143,3.644568055847432,0.9145160375170442,Gust,0.7391222212947874,0.6759391250593049,0.2853370930874161,0.2664210465655891,0.29353861690165867,0.29181075848867033,0.2664210465655891,0.27681225176448304,0.05223566079731379,-0.0260983672311459,-0.058135215913769585,-0.06329407688985361
DPLc5a_SM|IP-IP*,0.001167978896457881,14.620759825859755,2.932565003799294,1.1937021550311866,0.0009595855354026186,15.67291054973097,3.0179163066690573,1.222011420185007,0.0012929666902633797,2.063574837660354,2.8884126630444644,0.48622849383590133,0.0012941052074076718,1.7768064497707334,2.888030414877878,0.4435456094132064,0.0010756640209359787,34.22762914618285,2.9683233571124936,1.546883415722327,Gust,0.7531059173265824,1.1649670537948402,0.19388098670579132,0.18244634928195647,0.2050950758612029,0.19643880531855018,0.18244634928195647,0.1894417777249298,0.12043392553760282,-0.09155481319885783,-0.04914946880362126,0.06897402122256169
DPLc5p_IP-V-T,0.0004576969479355776,5.72945039425756,3.3394219826237364,0.827979596097968,0.0003223194610913646,5.264443758005258,3.4917134703992363,0.7968825145075586,0.00039648756153817956,0.6327941482149346,3.4017704315639237,0.2129314352390545,0.0006266016041051422,0.8603240024363602,3.2030084969624317,0.2695885894953159,0.0003942824344166353,12.546067063137336,3.4041925695449384,1.131813221357334,Olf,0.7624934544793197,0.8630001729781205,0.2468273197606857,0.24410394331857457,0.2719008892133119,0.2374284781200992,0.2468273197606857,0.24630223794074552,0.2002136806854405,-0.1658755231388132,-0.2029532669401286,0.41487596879181005
DPLc5p_IP|IC,9.820615364608572e-05,1.229344631341701,4.007861293831439,0.3481772106608747,6.517065986219933e-05,1.0644323875293016,4.185947875024789,0.31480066381339744,0.0002134985441859434,0.3407436765207657,3.670605079982609,0.12734575733481548,0.00012201481619810265,0.16752634263999494,3.913587426402055,0.06726668823954013,8.863290690813052e-05,2.8202990978167133,4.0524050019341065,0.5820973659081232,Olf,0.8322764906640729,0.4844659529228136,0.3338146697145833,0.33444813776173155,0.30688568626164525,0.32989966730457826,0.3338146697145833,0.3305465365133614,0.14763127804492326,-0.24841245657879105,0.912635686721522,0.22778565823425362
DPLc5p_IP|V,0.0013456143053419425,16.844399874270433,2.871079404176712,1.2515019467620967,0.0012100556309443417,19.763838620213935,2.917194662666155,1.3173076448156087,0.001936421392085375,3.0905285417682586,2.7130001280309375,0.6117794273088166,0.0016642033898940165,2.2849512543244845,2.778793597429313,0.5165289294102703,0.0013221455655224564,42.07067189492456,2.8787207269553905,1.6341816467331625,Gust,0.7729720527643528,1.263176742065163,0.18587955818144042,0.16933893811102688,0.18226776556738825,0.18222327204885036,0.16933893811102688,0.17762819447187206,0.0494911778396858,-0.06861912784809392,0.15779516279483283,0.11766309436123581
DPLd_IC|Mp*,0.0005484168044257388,6.865081557801398,3.260889245363493,0.8957032304455683,0.0003953644433707399,6.457487453574295,3.403002389923483,0.8725925313806595,0.0005281744774022121,0.8429664659339307,3.277222587901668,0.2655174329985926,0.0005420454730184316,0.7442284344543066,3.26596427750803,0.2416033620909734,0.00047049185112363166,14.97105070275396,3.3274478931897233,1.203333488423883,Olf,0.7441119843200628,0.895414869869879,0.23660746197501517,0.23255952683566233,0.255692855542944,0.24562122863928448,0.23660746197501517,0.23638325707309504,0.20442311868382237,-0.14310083599307324,-0.11075915458474153,0.025062539221568782
DPLd_SL|SM-SM*,0.0020661848333358764,25.864501743698504,2.6848308304729485,1.4291787901133859,0.002520142545834353,41.16148820111249,2.598574893522937,1.6249159320461468,0.0014605213333856969,2.330992048083572,2.835492094740886,0.5225735959221742,0.0019136977797157596,2.6275070515497383,2.718126646773843,0.5596082653402803,0.002255613703312958,71.77362803941833,2.6467352754556406,1.8619740266766134,Gust,0.6631342555909406,1.2347387601098623,0.16164209998959364,0.1278753543630641,0.19820825768998362,0.17432837840806717,0.1278753543630641,0.14398106203903555,-0.06012664230388453,0.1313293569820585,-0.49069054699104764,-0.25041681749064865
DPLd_SL|V,3.077519092320387e-05,0.385243839976666,4.511799229999294,0.14152622757758979,6.285413905177883e-05,1.0265966531327035,4.201666111097737,0.30676732109089266,2.0969349547248475e-05,0.033467081877408565,4.6784150200884955,0.014296647981521679,2.6529812931600524e-05,0.03642543315508752,4.5762657959567035,0.015538061727321188,4.614087457007587e-05,1.4682026288198142,4.335914168556915,0.392380810533808,Gust,0.563510609758364,0.22111074980138726,0.3993946331809404,0.33649363041754965,0.43803703310361264,0.41613731711481905,0.33649363041754965,0.35709898970471515,-0.3199045078944934,0.3707769820423421,-0.6447551735498298,-0.495164787427765
DPLl1-3_IA|SM,0.0004480222572338358,5.608342616053156,3.3487004092429196,0.8200925513226143,0.0004937963004181365,8.065174974729423,3.3064521672994083,0.9573761912032954,0.00034385475677118076,0.5487921918068046,3.4636249621334323,0.18999315048616353,0.00043504481178687415,0.5973165265833782,3.3614660052438396,0.2033909850974247,0.00046502109773204065,14.796971329833532,3.332527342045474,1.198573829940255,Gust,0.6855111183913783,0.8216356866369819,0.24803476781140882,0.2199949635870514,0.2799503285665459,0.25804934600531315,0.2199949635870514,0.2343603984651408,-0.010076958309236574,0.07674646844619253,-0.41756087297054756,-0.1722824784057074
DPLl1-3_SL-VL-IC,0.0005313784846967214,6.651795871433558,3.274596033163119,0.8837633757446353,0.0005552310037001187,9.068587983434039,3.255526290402242,1.0029685694612016,0.0009358518549935734,1.493619560569743,3.0287928940146362,0.39683019599567776,0.0006576458967610516,0.9029478162529239,3.182007884566602,0.27942687897323276,0.0005696332185456406,18.125729014122285,3.2444046916944442,1.2816179981146183,Gust,0.7714787867988924,0.9887410983250908,0.23839119480921322,0.21336772458257217,0.2233634572583839,0.2346955634200023,0.21336772458257217,0.22444236737025047,-0.03958718410729847,-0.009643695984663202,0.29668578099633375,0.023510746756137478
DPLl1-3_SLl|IC-SM-IC*-SM*,0.000452724923772574,5.667210595785082,3.344165594762072,0.8239441733110873,0.0005695732076018223,9.302839199760564,3.2444504470924724,1.0129569216833298,0.0005408080524712084,0.8631296517440485,3.266956849699439,0.27024307769700096,0.00047395898435242934,0.6507456855158855,3.3242592389288808,0.21768017084942975,0.0005166632312199186,16.440224017417812,3.286792443451749,1.2415520590887255,Gust,0.7011222341646829,0.8704797535000496,0.24744462972765552,0.211926369710309,0.25435692369908075,0.2532074434603467,0.211926369710309,0.2279890494000462,-0.10068286785216482,0.1165850161900374,-0.17643994406876776,-0.18928999189365728
DPLl1-3_SL|SM,0.0012521392169695695,15.674278718025072,2.902347381800783,1.2220470566481585,0.000805725684969022,13.159917612599036,3.0938127911321764,1.151060726482443,0.0017667019738494276,2.8196563502636867,2.7528367054986607,0.5820242917343033,0.002056538903878165,2.82362791502472,2.6868630702471537,0.5824756235847504,0.001090691373545602,34.705799506221055,2.9622981213579633,1.55273876202226,Olf,0.819224280221181,1.2720412946892135,0.1899486164584312,0.19232313830912434,0.18745189858746675,0.1702598928678854,0.1899486164584312,0.18903831200826715,0.18920353387235553,-0.24481290060571584,0.28629484703238445,0.681848276055686
DPLl1-3_SL|SM-IC*,0.00021525077393081077,2.694509188065889,3.6670552763548225,0.5675567509655256,0.00010674881478103148,1.7435283918185869,3.97163693412604,0.43830945891749695,0.00103804397860386,1.6567181898517607,2.983784246011017,0.42434548926791704,0.00028941924687952286,0.39737262596558487,3.538472589423297,0.14531223132669857,0.0002063853976445698,6.567183353050211,3.685321031426624,0.8789342570616903,Olf,0.8927085955088224,0.7846321661661319,0.2894638785334511,0.30655878340699366,0.21750625683764735,0.28108409788778893,0.2894638785334511,0.2751792035320592,0.08566720014858087,-0.4686522592838214,3.013667681880652,0.2569723263126678
DPLl1-3_SL|SMal,0.0007623288975554138,9.54283313959867,3.11785761657358,1.022957333035587,0.00043839138038999034,7.160246415909712,3.3581379925062644,0.9117032733928343,0.0024787663647461836,3.956111118134909,2.6057644054019526,0.6951410348815569,0.001494037372182703,2.0513133120068514,2.8256385385554195,0.4844868037386256,0.0007205430738473496,22.927680609822662,3.142340051478258,1.3789006030357431,Olf,0.9015715674724276,1.2431775780676106,0.21799404092180896,0.22672109846502797,0.1683126447726029,0.18831943847560342,0.21799404092180896,0.20941082549317486,0.0991442865443609,-0.3762104266227574,1.7398171551132073,0.8548982720094733
DPLl1-3_VL|SM,0.00011561746073582762,1.4472993734910902,3.936976569351356,0.38868709902181914,9.872376929490733e-05,1.6124553238937214,4.005578267137756,0.4170488722282655,0.00018293717356240738,0.2919677290056022,3.7376980328131895,0.11125166591152114,0.00013382287087113285,0.1837388017060654,3.8734696542921685,0.07325588355915129,0.00011141737721071041,3.5453009428448055,3.953047065244892,0.65756264300134,Gust,0.7814528085939195,0.513854174199838,0.32459008607423145,0.3109757387881151,0.31561682769731186,0.32467894101966194,0.3109757387881151,0.3176444286485761,0.0708199258951659,-0.0976427201017051,0.29887884732407216,0.06725861989928245
DPLm1_SL-Mac|SM,0.0003524927504646155,4.412504250316058,3.452849809257792,0.7333982504031005,0.00023896856749842905,3.9030736129518413,3.6216592179864935,0.6904684136334492,0.00038336721267784736,0.6118540714338444,3.4163850315926605,0.20732572057092913,0.0025567206181433266,3.5103774087107875,2.592316726097016,0.6542128832666156,0.0003948771758216314,12.564991734644313,3.4035379669645613,1.1324195334754652,Olf,0.89197441171568,1.010089247187123,0.2615882500119299,0.2610144332177559,0.2738027601922031,0.15795610434504956,0.2615882500119299,0.23276049711193741,-0.072005525881415,-0.3791313064223815,-0.226279987327478,4.795952077804725
DPLm1_SL-SM,0.00031218348421393956,3.9079128553900957,3.5055900752331226,0.6908968428163346,0.0002279634798557897,3.7233275164846136,3.6421347202500574,0.6742480606879554,0.00020771142773771798,0.3315074386693979,3.6825396069739336,0.12434359703410247,0.0003162869240054184,0.43426194665943946,3.4999187610256803,0.15662847601772664,0.0002648587195511941,8.427804456118995,3.5769857232195545,0.974410566161451,Olf,0.7194380106357651,0.7010279992616639,0.2684516045396115,0.2636790127106412,0.3084387859350515,0.27606689541831314,0.2684516045396115,0.26830788154874397,0.21737495141595278,-0.12270935788034633,-0.37906163839869167,0.0620427224879272
DPLm1_SL-VL|SM,0.00048695898143960093,6.095752529660924,3.312507618765579,0.8509984607023602,0.0003869182294979612,6.319535442390201,3.4123808070630894,0.8644835180517209,0.0004470480799294879,0.7134887355674626,3.349645765102048,0.23388125373409527,0.0006702651477979741,0.9202740479266184,3.173753361656877,0.28336321256252633,0.00044296026958716797,14.094995778263684,3.3536352242024665,1.1788329958965764,Gust,0.7585234327563528,0.8941724506939267,0.24332481901235883,0.2337799871527891,0.2651176457284887,0.23362136107880035,0.2337799871527891,0.239502510423964,0.13497029421634113,-0.11003057399578654,-0.20123319043005758,0.34519444048006337
DPLm1_SL-VL|VLant-VLant*,0.0002734160131958383,3.4226216531855043,3.5631760520461615,0.6456797878973108,0.00044218330798968195,7.222179969395476,3.3543976546801604,0.9149869785085453,0.0004375316876516182,0.6983005734919827,3.358990487308744,0.23001455625935924,0.000583124682592915,0.8006301892000722,3.2342385745602513,0.2554245272108593,0.000380012735589464,12.092005246456745,3.4202018472310183,1.117006170674063,Gust,0.7281838325772183,0.8133858343738417,0.2759455556485347,0.22623434960096542,0.2663337211555116,0.24149260427716296,0.22623434960096542,0.24355688908320203,-0.2627566661754285,0.1766655355453453,-0.09558015742809894,0.35392511465530924
DPLm1_SL|SM*,0.00025915620239093536,3.244117341529729,3.586438391045141,0.6277873827868832,0.0001716990703071672,2.8043609153269613,3.765232053862167,0.580281711235844,0.00038280355582366,0.6109544750945614,3.417024035624263,0.2070832676106633,0.0005256170786342874,0.7216722489648765,3.279330531061656,0.23595047928159857,0.00023351884549734704,7.430569663725583,3.631678063279867,0.9258569214164095,Olf,0.8386209713132072,0.7764430307352851,0.27897280014077497,0.2796982842552213,0.2738859169820373,0.24736064604928248,0.27897280014077497,0.2757365707232641,0.14968620661074739,-0.2482915397314171,0.3018691603477939,1.0078603025554387
DPLm1_V-SMpos|SMant,0.0002610053423485098,3.267264875518646,3.58335060161567,0.6301496010045897,0.00022181257698704245,3.6228648199293643,3.6540138306147902,0.6649111941482072,0.0003157606761548551,0.5039540391431487,3.5006419552586596,0.1772345644128653,0.0003389228918103096,0.46534113045555503,3.469899095413411,0.16593873993134448,0.00024764499639412215,7.880063785260966,3.6061704406517325,0.9484160853154675,Gust,0.7685142723333902,0.7288712976754991,0.2785709706624936,0.2652249007413302,0.28476753497741275,0.2721602862253328,0.2652249007413302,0.27243675861040667,0.08742102613775263,-0.08799277732822819,0.008509596598643322,0.21589352118599284
DPLm2_SL,0.00034954361519833434,4.375586975052749,3.4564986250902696,0.7304258929798679,0.00024188005234388566,3.950626894932684,3.616399944287393,0.6946601968671846,0.0024913518681782777,3.9761975816125306,2.6035649300104735,0.696897615834791,0.0010086758843104121,1.384911989158196,2.9962483618443114,0.3774723568234272,0.0004345872045209283,13.828564847855938,3.361923063688419,1.171099120764238,Olf,0.9479399071724185,1.1101315918269528,0.2620630886613259,0.2603300176334295,0.168026416041908,0.21052174787776842,0.2620630886613259,0.22902994452532796,-0.16377732522197308,-0.4289365026997342,3.569085637789343,1.0778706812791172
DPLm2_SLlat|SM,0.0007988484258341619,9.99998459459204,3.097535615722509,1.041392076932011,0.0005680412514229943,9.277817759491768,3.2456201237095503,1.0119009127509067,0.0011091524652142649,1.7702073344819667,2.9550087507991836,0.4425122747870803,0.00101142488639662,1.3886863690225595,2.995066364203532,0.37815913127167256,0.0007086387786428959,22.548885936416944,3.1495750849634887,1.371970366109878,Olf,0.7919763039851974,1.0865680197289194,0.215349437335282,0.21207858557720471,0.21376155776008118,0.21036792861444978,0.215349437335282,0.21356330109868157,0.1658550949056073,-0.18186711864508612,0.2409237665038374,0.27104269268303194
DPLm2_SL|IA,0.00017080192645189463,2.138098515324817,3.7675072327278167,0.49666657340973486,0.00013440312523805236,2.195206244513109,3.8715906294061155,0.5044988962856832,9.09807020743025e-05,0.14520520051058677,4.041050711382629,0.058883311536011215,0.0001311718165674881,0.18009890414716118,3.8821594636620795,0.07191840707335474,0.00014673868377075453,4.669224917585408,3.8334553778560627,0.7535236872835333,Gust,0.6822932307282032,0.5141241110269102,0.30253619390458614,0.2935392575138463,0.355093628609119,0.3258097893644838,0.2935392575138463,0.3008346196160325,0.20053717305357802,-0.06769933185123106,-0.509763330233079,-0.206092889115582
DPLm2_SL|SM,0.0003988382436749514,4.992657134323041,3.3992032037833346,0.7776194305529518,0.00031584147417222836,5.158638797655006,3.5005308405857405,0.789484733594179,0.001442281568170194,2.3018813827996296,2.8409499462742303,0.5187614675576409,0.0007841715994567414,1.0766676060541058,3.1055888901514237,0.3173669883940926,0.000427825296705018,13.613400941153673,3.368733538771358,1.1647512999926484,Gust,0.8932186214233816,1.040377550480525,0.254606948993272,0.24525139179030003,0.19891851520082576,0.22475077756007475,0.24525139179030003,0.23918953045013544,-0.03474274982477974,-0.24563901982721428,1.6759006988827327,0.6341943254074477
DPLm2_V-SM|ncc,2.0277775739434846e-05,0.2538371967062454,4.6929796628852944,0.09824114960299231,6.935925733114605e-05,1.1328447499896086,4.158895559482435,0.3289592442554872,1.9975139757869612e-05,0.0318803230535599,4.699510151681021,0.013629330962362627,2.136854693009475e-05,0.029339014935020093,4.670224988709743,0.012558434108658267,4.487679671573578e-05,1.4279796714947126,4.347978140700285,0.3852450462439817,Gust,0.47628102242308973,0.1834849045085141,0.4229725488660278,0.3309276846709425,0.4407822480593984,0.42836469669042676,0.3309276846709425,0.3514576168791384,-0.5414143526511024,0.5479907372010633,-0.6536911171034758,-0.5838772642018016
DPLp1/2_IC|SL,0.0004981887982305386,6.236327376249882,3.3026060409244686,0.859518206402629,0.00034524895691351147,5.638951213268383,3.4618676236055066,0.8220994772195698,0.0003619746006784371,0.5777114626827856,3.441321901118418,0.19802758086163436,0.0004745632926073487,0.6515754007498897,3.323705856511175,0.21789840568841026,0.00041361399429342923,13.161197298416917,3.3834047746146045,1.151099973559502,Olf,0.7235742264060432,0.8329062728843334,0.24203627717719323,0.24021995403759427,0.2770479197150214,0.2531354290392613,0.24203627717719323,0.24335004862835702,0.24483109984386542,-0.1486412035115231,-0.30662491575089584,0.021073313678263945
DPLp1/2_Mc|SL,0.0003933102468324604,4.923457669848739,3.405264737752196,0.7725752892526294,0.00015721414599018015,2.5677786464576124,3.8035083763415924,0.5523979018688567,0.00029254549468755195,0.4669026095213329,3.5338065843182624,0.16640128115650343,0.00046519400174285336,0.6387113643929376,3.332365892809613,0.21450246553490587,0.0002731604864096937,8.691966677556453,3.563582121026295,0.9864119122980899,Olf,0.7440662304638977,0.7339557932683246,0.2553957667180317,0.28467937349195443,0.2890834139895052,0.2542624028654186,0.2553957667180317,0.26588783941525074,0.49807995612264816,-0.40904401696667114,-0.14578575656881418,0.5257386574395588
DPLp1/2_SL,0.0009030779827737785,11.304730188362159,3.0442747453007972,1.0900720951627414,0.00044139985512532367,7.209383833761912,3.355167812733014,0.9143105617918729,0.0009514150765046789,1.5184584621014676,3.0216299704006686,0.401134792267826,0.0011938615791171688,1.6391719481278726,2.923046023689163,0.421467686427096,0.0006873544796355752,21.871619542004005,3.162819231965101,1.3592969181376855,Olf,0.7842117364999628,1.065976596591802,0.20841833394782275,0.22633457411939228,0.22243131019184548,0.20099556158115361,0.20841833394782275,0.21479880667821563,0.3644903846658312,-0.3418252872681862,0.10201858027018151,0.5532648448624922
DPLp1/2_SLc|SLl,0.000677574733608475,8.48188051531089,3.169042796338349,0.9768944783117605,0.00023650306334544225,3.8628045336211083,3.6261632277815843,0.6868868129208701,0.00014791453062802624,0.23607159088232987,3.829989157336121,0.09204362497994305,0.0006432570727724449,0.8831919609165668,3.191615429239734,0.27489459156083645,0.000428152103397882,13.623799930120605,3.368401917048851,1.165060236797922,Olf,0.6484396824726978,0.7554712900108106,0.22465502430503734,0.2616005625337195,0.3276271332133206,0.23594584124876952,0.22465502430503734,0.23780080687883234,0.6478734400098709,-0.4323675666480836,-0.7242273750292529,0.34709285493738146
DPLp1/2_SLlat|SLmed,0.0008889854869097768,11.128320325136587,3.051105328537263,1.0838006587367008,0.00033379299311068464,5.451840956476812,3.4765227828485057,0.8096836531100059,0.000561324903402018,0.8958745458296208,3.250785688932236,0.27780959573593333,0.0008009389720274518,1.0996892085936911,3.096400573412783,0.32215501617123277,0.0005904133560494309,18.78695298949289,3.228843825935617,1.2963789219612032,Olf,0.7071419397639348,0.9167239055447238,0.20930723189924055,0.24212710318984504,0.25225248968804714,0.22355505595868164,0.20930723189924055,0.2218542770195377,0.5670685440838861,-0.41932340862425177,-0.24145509657772785,0.21573539157537425
DPLp1/2_SLpos|SLant,0.0004104893322991705,5.1385054617210155,3.386698123683391,0.7880626465914193,0.00020497629346899517,3.347877801229098,3.6882963622447456,0.6382773295730262,0.00024108928079502836,0.3847784921488653,3.617822096801082,0.14138030962354525,0.00031983012386062933,0.439126760060644,3.495080632382867,0.15809904881520398,0.00029493144199777547,9.384718484369216,3.530278924320068,1.0163947278964272,Olf,0.7008254176535963,0.712315259678927,0.25297960039091355,0.26968625800473306,0.3000167727303232,0.27543728554600627,0.25297960039091355,0.26199033199063815,0.4437029096137524,-0.2885516557181539,-0.34997880130332076,-0.03140631249231079
DPLp1/2_SL|SMal,0.0003060607156197516,3.8312680381280506,3.5141924092138392,0.6840611327568067,0.00013805537239637374,2.254858397349972,3.859946685069784,0.5125320993290249,0.0001556213878550552,0.2483717350166681,3.807930713108903,0.09634392703490285,0.00026250441440740454,0.3604185609813664,3.5808633872258575,0.13367254863321898,0.00021233377502076717,6.756460721160812,3.6729809169376435,0.8896635975592269,Olf,0.6964212642422484,0.6195806473625036,0.2695710692746357,0.29202397281433,0.32475655756754546,0.2866006243718671,0.2695710692746357,0.28009732436263596,0.49693004598734575,-0.3336367942880766,-0.4165053712380698,0.10554605417998007
DPMl1_7-NA,6.731077726622123e-05,0.8425963098185572,4.1719153879788164,0.2654301970627689,8.222123538559808e-05,1.3429194375529736,4.085015996889097,0.3697573554225188,8.585675287700449e-05,0.13702737759169917,4.066225535609142,0.055770921850318234,7.164190016692875e-05,0.09836432892919317,4.144832897762274,0.040746420076503254,7.591579921817776e-05,2.415640731122416,4.119667825772035,0.5334721838271039,Gust,0.7119142385632513,0.3797864435439475,0.35516384930305495,0.3213133677718716,0.35836975436698776,0.3599927967857302,0.3213133677718716,0.33676406429467526,-0.08957219277810369,0.09751050803525071,-0.10975605188089074,-0.16559996020360682
DPMl1_IC*|N*,0.00027575492278659086,3.4519001234425444,3.5594767242032557,0.6485454125529828,0.0002486780740604558,4.061658983629425,3.604362503029222,0.7042928823242408,0.00039819934674765496,0.6355261574092573,3.399899455684366,0.21365749430487624,0.00026722395420826267,0.3668984891279446,3.573124612257746,0.1357362634716075,0.0002680982396387501,8.53088598530503,3.5717060360111135,0.9791332742630987,Gust,0.7561880609903708,0.7404088921161656,0.2754641436186473,0.2587635252118779,0.27165740976669417,0.2855935388891936,0.2587635252118779,0.26765118415019373,0.06029703253734703,-0.05636172545260093,0.1737577620853282,-0.11523900278796205
DPMl1_L|N*,0.0005350240121056665,6.697430583538733,3.2716267254082156,0.8863457810670166,0.0005170092262161784,8.44431169178884,3.286501705855169,0.9751703117178047,0.0005713164256541957,0.9118210153440964,3.2431232888000974,0.2814472312000565,0.0005468954974154514,0.750887517951415,3.262095651358174,0.24325824665333592,0.0005283925440837384,16.813450752744554,3.277043318331989,1.2507480574593328,Gust,0.7281504005661766,0.9107326990463805,0.23800478394368535,0.21739871028133798,0.2512553432446746,0.245117784974174,0.21739871028133798,0.22868696044516154,0.04252876341914067,-0.005792931719644359,-0.14657542406750698,-0.08237458881164368
DPMl1_Tdl,0.00017013740007377104,2.1297799741234655,3.769200205526302,0.4955138073921973,0.00048613702920318966,7.940076097975696,3.313241296431339,0.9513412155286103,5.4432667202309525e-05,0.086874536854886,4.264140376740463,0.036179414282810504,0.0001855298517455851,0.25473248644668833,3.731586200121378,0.09855114251496803,0.00032305465301962267,10.279599059084392,3.4907239980056985,1.0522936626329704,Gust,0.4775281706242862,0.5024998676766521,0.30275650892019784,0.2208784669085638,0.38412540227383374,0.30621493767084146,0.2208784669085638,0.2410775672227334,-0.46490964384045474,0.5088630224458203,-0.8687616959299523,-0.49755625839959156
DPMl1_Tdl-Tdm,0.00016202166874126084,2.028187249303103,3.7904268964469927,0.4811827264504775,0.000823120408337008,13.444025629368351,3.084536629811274,1.159688250364272,4.523806166834267e-05,0.07219994642267491,4.344496002121121,0.030275781187798154,0.00043216396390710296,0.5933611224444524,3.364351448684723,0.20231421629771165,0.0004988950033239632,15.87483900576851,3.3019908448389277,1.2272396381406991,Gust,0.4028418899638813,0.49438353526718903,0.3055188443491918,0.19111598505299365,0.3945824816055723,0.25842484318831216,0.19111598505299365,0.20887922496474204,-0.6712478746971645,0.6482482327847026,-0.9296323384335623,-0.2449245847588507
DPMl1_V-IP|N,0.00037676564034267183,4.716352285809566,3.4239287089992465,0.7571189855263257,0.0003721174777918001,6.07779476477347,3.429319930181238,0.8498979652217205,0.00044882733399233103,0.7163284250517603,3.347920701050422,0.23460039513282913,0.00038841945499365976,0.5332999117062949,3.4106990243380255,0.18562711066644047,0.00037864747509434263,12.048562657501982,3.4217649336550373,1.115562675329876,Gust,0.7344350788651003,0.8193083614348597,0.2578246026215685,0.23598435994458125,0.26489315451764034,0.2644562849591206,0.23598435994458125,0.24751716758901943,0.024348505979579174,-0.00156384753813273,-0.06453098148225585,-0.09066536140881158
DPMl1_Vm|Vpd*,0.0003437156987107585,4.3026331164612746,3.4638006303823277,0.7244915797852854,0.00026996853952021256,4.409396155983632,3.568686841302129,0.7331487880713023,0.00033658112536164725,0.537183476077189,3.4729102405491417,0.18672570737761782,0.00033695084356110533,0.46263350820939764,3.4724334507397696,0.16513551867372306,0.00030613867820572635,9.741332740506213,3.5140817958375514,1.0310581701846255,Gust,0.7388808148618584,0.7618291009559928,0.2630133351220822,0.25412087296288827,0.2811586682758119,0.27249009455644846,0.25412087296288827,0.26043105074508427,0.15887519090234378,-0.10171481890514454,-0.13003712912775559,-0.02174932363451019
DPMl1_Vpos|Vant,0.0005137745733525514,6.431430109227238,3.2892273918789554,0.8710723977149135,0.0005376163319598654,8.78088754990048,3.2695275457455386,0.9903782658852291,0.0005600417260553339,0.8938265947843127,3.251779613788873,0.2773402110051785,0.00053985587429317,0.7412221154045224,3.2677221678053123,0.24085417453013125,0.0005292335166853123,16.840210500926638,3.2763526586553295,1.2513999744151902,Gust,0.7216833201615864,0.9031144883860788,0.24029524667985488,0.21518977795064942,0.2523818340995479,0.24584999169362065,0.21518977795064942,0.22809585122729917,-0.0014273132369131537,0.0312009631570008,-0.1655484543571482,-0.09649363033881413
DPMl1_V|N,0.0015221415911650595,19.054168438204215,2.817544946884894,1.302204658330296,0.0014311126284736035,23.374362560859367,2.8443261856434106,1.3869332668353453,0.001693768094550929,2.7032538789032827,2.7711460519256166,0.5685834864019326,0.0015247175015947957,2.0934371296896543,2.816810614303536,0.4904412939437619,0.0014854874891375002,47.268211904355255,2.828131001206079,1.683661210679987,Gust,0.7330180450061008,1.234154049105249,0.17891285156656217,0.1598561988329723,0.18983458538993978,0.18717061655057682,0.1598561988329723,0.17047190069122947,0.05540741372391259,-0.020729475552249504,-0.0996887066718212,-0.08966595540303976
DPMl1_V|V-L,0.0004340781047558411,5.433789715333619,3.362432118766732,0.8084668621359414,0.0004072178894543476,6.651089788457859,3.390173150231896,0.8837232986053107,0.00047927171864535516,0.7649176629579868,3.3194181966379284,0.2467244494648646,0.0004484645449927072,0.6157418202749869,3.3482718850353796,0.20837196597584687,0.00042358678250265305,13.47853141923442,3.373057598945602,1.1607245129061563,Gust,0.734764232937703,0.8528588563774808,0.24982174383419092,0.23088999372475327,0.26118398109782376,0.25633232916823717,0.23088999372475327,0.24141385505220142,0.055560753657118135,-0.022749314198663616,-0.10654883575268331,-0.06094770179611304
DPMl1_V|VL,3.7646739918920484e-05,0.47126189030504656,4.424272614740646,0.1676899857056989,4.209645439051999e-05,0.687561389560363,4.375754471127428,0.22725958041409716,6.38167293708835e-05,0.10185150007593007,4.1950654505069505,0.04212306725321522,3.629295054502911e-05,0.04983022109832497,4.440177711116207,0.02111907049663642,4.1154807744587253e-05,1.3095459824327662,4.385579412232419,0.36352661335373493,Gust,0.742311300496016,0.26984991312352336,0.38800435707939257,0.3591486191994667,0.3751363367288135,0.39842749415544265,0.3591486191994667,0.372261318198814,-0.05935059075200409,0.038029540121592806,0.22238670675944802,-0.21914750576231054
DPMl2_IA-V-L|V*-L*,0.001658039092724877,20.755333362730013,2.7804052337442307,1.3375657424889922,0.0014669020030847408,23.95891041638307,2.833598898090451,1.397225622257139,0.0015724185906599239,2.5095800706932385,2.803431829894189,0.5452551552433301,0.001800097512671826,2.4715338848984176,2.7447039679508634,0.5405214086686436,0.0015642760950896953,49.77526534575411,2.8056865911573974,1.705652201656277,Gust,0.7331975105902063,1.250579948187087,0.17407967498645172,0.15846020326422064,0.19403609511505138,0.1777870181069885,0.15846020326422064,0.16774144784170783,0.09249143469018273,-0.04613226856217924,-0.2057355825027215,0.02132889306505788
DPMl2_IP|L*,0.0002686029600307653,3.36237185366512,3.5708892040566034,0.6397226825887781,0.00022284896722906989,3.6397921817523984,3.6519893723180283,0.666498528757595,0.00037147140838560247,0.5928683677834216,3.4300746064629957,0.20217988784925547,0.0002958225953819169,0.40616442345937187,3.528968655527879,0.14803610590858532,0.0002521783717844213,8.024315790180285,3.5982921619466586,0.9554142842825647,Gust,0.7695085126655351,0.7351994248776831,0.27694930668760454,0.264961447860306,0.27558425302184303,0.279847303447609,0.264961447860306,0.27154192205144556,0.09924610705954516,-0.09996676113840225,0.16542195840796836,0.04246575314866773
DPMl2_L|N*,0.0004856405760064362,6.079248730448569,3.3136850335601444,0.8499871715976146,0.0004600278295665823,7.5136345403109885,3.3372158937621634,0.9301150035422189,0.0004827669050205424,0.7704959804127856,3.3162625087181734,0.24809494510908134,0.0004955903806603684,0.6804455926466857,3.3048771309327014,0.22542445599274571,0.00047311434025430114,15.054498306891862,3.3250338872226086,1.2055967386815443,Gust,0.7250465874039519,0.8741138011663876,0.2434780418869841,0.22399840113902106,0.26077331564949,0.250685152830758,0.22399840113902106,0.23496073215387664,0.05705063938424651,-0.0118367146893536,-0.19445096742546553,-0.07114054224118543
DPMl2_SLc|SLpv,8.042658470905996e-05,1.0067799873880123,4.094600367691697,0.3024997613758993,4.55936060232481e-05,0.7446803671777112,4.341096048326095,0.2417158739966856,0.00020003327087509093,0.3192531003166451,3.6988977613862253,0.12032812346604889,0.0002474152046112035,0.3397010759311824,3.606573613073469,0.12700790615895674,7.651604133326035e-05,2.4347404352243442,4.116247501233298,0.5358939228194148,Olf,0.9171491198240282,0.49149463963287204,0.3451024591160278,0.3546383453383699,0.3105675543641419,0.2899464246198495,0.3451024591160278,0.33570127432774266,0.09256425085965918,-0.3887553340849894,1.0831630226947846,1.8941434672637927
DPMl2_V-IP-V*-IP*,0.00024099685196230352,3.0167985928641152,3.61798862858708,0.6038800562274095,0.0001789183566848743,2.922273519734052,3.7473450969272264,0.5935378759124,0.00035465201609350425,0.5660246176852328,3.450197565746122,0.19479858482334245,0.0002370260486008012,0.32543676472890004,3.6252039216009075,0.12235901280513659,0.00021557281230071912,6.859526887408883,3.666406010544493,0.8953964040073767,Olf,0.7758684668676978,0.6947098352160531,0.2830785903122577,0.27737056510941166,0.278202954333869,0.2923708798253601,0.2830785903122577,0.28067525120747316,0.15530283813928927,-0.1535464082881583,0.303348528614403,-0.02157653681247923
DPMl2_V-IP|S-N,0.0001083465438982754,1.3562820365186115,3.96518493349542,0.3722272723514248,8.836653195503589e-05,1.4432905664216011,4.05371218413784,0.3879751181767212,0.0001378641742618233,0.22003122212187,3.8605485728916507,0.08637094495486014,0.00011219728801363526,0.15404687644272122,3.950017636668474,0.062223449865581884,0.00010002909397401446,3.1829257702531395,3.9998736605116734,0.621480157706259,Gust,0.7599664426825254,0.4723040646498005,0.3282609815501323,0.31723964609059435,0.3316039827653205,0.33464051272794737,0.31723964609059435,0.32379020661649793,0.11787960487540394,-0.10022988980451276,0.09044824170142851,-0.0031985953212696986
DPMl2_V-V*,0.00017696704630845502,2.21527348568924,3.7521075952452385,0.5072179191806903,0.0001491097661833993,2.4354098110734608,3.826493907888897,0.5359785516057116,0.0001818477022691969,0.29022893282163825,3.7402921797003503,0.11066677653175278,0.00018581298480221047,0.25512122813343496,3.7309239380002315,0.09868567495389789,0.00016366579392651263,5.207845562741632,3.7860420757918885,0.7929409041129875,Gust,0.741373897881761,0.5878656888721332,0.30053216207641625,0.28767059564639247,0.3159544170032095,0.30612875418951785,0.28767059564639247,0.2956400859891021,0.11521745797637259,-0.07266419780851571,-0.12148610005609714,0.00829944550583131
DPMl2_V|S-N,0.00044140477621385464,5.525504988645032,3.3551629708880277,0.8146141260173277,0.0005947654285602418,9.714303744674428,3.225654282563582,1.0299639542233385,0.0004254075170927952,0.6789503972801012,3.3711948392161672,0.22503786558071925,0.0004248874625545593,0.5833704860874099,3.371726082724084,0.1995825454610652,0.0005166135246369259,16.43864235394698,3.2868342276002074,1.2415126708981365,Gust,0.6692036700984261,0.8308248358387323,0.24887577327293078,0.20948033083400242,0.26792193449445106,0.2593845411911193,0.20948033083400242,0.22683998766963034,-0.12413710135635742,0.16468531469719314,-0.35289027875182044,-0.27402890414446585
DPMl3/4a_SL|A-T,0.0005476674765086018,6.855701470934679,3.2614830482950983,0.8951849712161172,0.0001254603345777228,2.0491436446579465,3.901493555158653,0.4841778843892659,0.00014589674534867993,0.23285120557649316,3.835954393223549,0.09091066418982545,0.0005118940231991168,0.7028304938523873,3.290819940331561,0.23117141880909467,0.0003141750378808243,9.99704970536783,3.502828322500836,1.04127618801851,Olf,0.6172006858885675,0.6426763774444573,0.23668473651968833,0.2974306747651473,0.3284034191872256,0.2488558203278854,0.23668473651968833,0.2523737510280578,0.8223747851262152,-0.5880059262016267,-0.6278311564225412,0.4667196732896556
DPMl3/4p_IP|IA,0.00012869255128324683,1.6109733569636837,3.8904465859307393,0.4168024401941856,9.94323512609996e-05,1.6240285931459064,4.002472286403555,0.4189685630884667,0.00014555438652369526,0.2323048008918176,3.836974698857181,0.09071814043659919,0.00013425428335358592,0.18433113104447346,3.8720718461019152,0.07347314519061514,0.00011515752968746388,3.6643125946551005,3.938707656231488,0.668787648437179,Gust,0.7555216540243188,0.5052835503382921,0.31853490666857176,0.31057154198438747,0.32853619666114814,0.3244970372504262,0.31057154198438747,0.3159304923486676,0.1539973269936271,-0.12008062153795578,0.000576624494682815,0.03663496791815855
DPMl3/4p_IP|V,0.0003907724408749556,4.891689414872694,3.4080760712676077,0.7702398445924901,0.0003137882370417589,5.125103275603049,3.503363339427526,0.7871134157543482,0.000404555117037735,0.6456699667922251,3.393022300185442,0.2163427434082438,0.00041153981382776797,0.5650441643855255,3.385588142168514,0.1945265975235537,0.0003538663258729395,11.260026489276935,3.4511607618864883,1.0884914085294088,Gust,0.7463275633002253,0.8123711406009838,0.2557616196058584,0.2456199990278804,0.27076245113388814,0.261188480300858,0.2456199990278804,0.25226798107094167,0.13967152115385797,-0.09685764833293797,-0.09550300273202116,0.03350822381091743
DPMl3/4p_V-IP|V*-IP*,0.0002672759434332896,3.345760259897919,3.573040127176892,0.6380657641669089,0.00022017473357506908,3.596113923481603,3.6572325185348875,0.6623907849697357,0.0002580111541326867,0.411785801995768,3.588361516874597,0.14976880998217698,0.0002454331327425347,0.3369796912555002,3.6100668074191837,0.12612481037143983,0.0002422587929194107,7.708674790695649,3.6157204492354778,0.939952072932388,Gust,0.7295117466755758,0.6857060785162347,0.27722921706847437,0.2656437646947264,0.2961829201532212,0.29040101146702146,0.2656437646947264,0.2734039028172437,0.1379849093477069,-0.07485907691930983,-0.15785131360466223,-0.10017897991146761
DPMl3/4p_V|L,9.32470104616976e-05,1.1672660769595304,4.030365078302033,0.3359122332679305,8.282365796910826e-05,1.3527588056094453,4.081845587224225,0.371577407515196,0.0001165104863617535,0.1859507362333586,3.9336349810899085,0.07406664903973442,9.831584646250764e-05,0.134987657193023,4.007376472902355,0.05499113867265872,8.944635809542064e-05,2.846183114596285,4.0484373326477465,0.585029956908599,Gust,0.7516354829876625,0.4397292742232462,0.3367431997130566,0.3209007865092329,0.3411150825169624,0.3421049048975375,0.3209007865092329,0.32974055899451005,0.07475232475974906,-0.05791158213835142,0.029466345737728276,-0.024239326799535013
DPMm1_L-V-L*-V*|N*,0.0014941795670687383,18.704139820566468,2.8255972065801176,1.2945574805954108,0.001406611806851081,22.97419064129871,2.851825741207382,1.379743954489165,0.0015366680490057866,2.452522206213235,2.813419938369314,0.5381364805902364,0.0015369273982457497,2.1102013177914145,2.813346647042639,0.4927885010449166,0.001454420463427617,46.27965914626677,2.837310023337274,1.6746743369208072,Gust,0.7287680074994359,1.2204490797282157,0.1799607323842875,0.16083215349842012,0.19533589761429904,0.18671983317009602,0.16083215349842012,0.1715808926729453,0.058069424495010735,-0.01700929599259621,-0.16580977764340532,-0.06284584351799438
DPMm1_SL|IC,0.0007234268825199345,9.05585771538454,3.1406053563050835,1.0024191197037047,0.0004068395014120854,6.644909576563591,3.3905768855263547,0.883372352975061,0.0008281623391908617,1.3217470933486153,3.081884522468229,0.36581491051663695,0.0009136925856344611,1.254499920076115,3.0391998987796027,0.3530502242464914,0.000578761861276284,18.416202425811356,3.237500094603212,1.2881642911336535,Olf,0.7859985871184352,1.0124953128074723,0.22095431803823012,0.2309425338174123,0.23027253634227393,0.21611124614904376,0.22095431803823012,0.2249271488371288,0.29607008694806053,-0.2806823140446746,0.13742556037302753,0.40954925558298205
DPMm1_SM|IP-IP*,0.0007250219044677314,9.075824200127062,3.1396488716634328,1.003280581456009,0.0010177574110904544,16.623031795340395,2.992355726071371,1.246080624775286,0.0008184390914452177,1.3062287899465677,3.087013634882687,0.3629023893778134,0.0007956400639213127,1.0924138077639625,3.0992833558440527,0.3206475772586246,0.0008794556033449327,27.98427729843576,3.0557860792021576,1.4621624760293925,Gust,0.6812890582224364,0.9961552962622505,0.22082984590911717,0.17912002311861558,0.23094001338778644,0.22393020685119383,0.17912002311861558,0.19674404911669252,-0.15506642965038503,0.17052176149565237,-0.2688079433845375,-0.20157451084748013
DPMm1_SM|V-V*,0.0012324755567015059,15.428129018789448,2.9092216848382533,1.2155881049393633,0.0015652661248808258,25.565491617678532,2.8054118132767654,1.4243178573197035,0.0013025872990727696,2.07892932932014,2.8851931604128223,0.4883997206542444,0.0013576205489555845,1.8640130137160176,2.8672215968359556,0.4569749870199712,0.0014081784391019726,44.80823793222477,2.8513423092269825,1.66094358644909,Gust,0.6940230029442246,1.1527330555883477,0.19084320388616516,0.15479207697398456,0.20467610588531956,0.19373084977675348,0.15479207697398456,0.17109259349588046,-0.10191475987700484,0.1256184717740959,-0.27235467122464707,-0.14814837043712806
DPMm1_V-L|V,0.0009565645151732183,11.974274600938347,3.0192857333490535,1.1130830855481306,0.0009103799393082831,14.86923554872219,3.040777320269523,1.2005560064670113,0.0009422557860037579,1.5038402344619977,3.0258311865861516,0.3986066138733837,0.0009404558134699678,1.291245831894266,3.026661604135567,0.3600716879268615,0.0009320016828134679,29.656293547124548,3.0305833030213005,1.4865196459738028,Gust,0.7213365489919452,1.072280951435471,0.20516638887038396,0.1854213672933472,0.22297803546133674,0.21447957517198044,0.1854213672933472,0.19657010141102754,0.05680712350857685,-0.007414501481242248,-0.20196132090662827,-0.10532320598486522
DPMm1_V-V*|N*,0.00013782487865725417,1.725291831031508,3.860672378055755,0.43541301443671265,0.0002671968640223355,4.364126380076805,3.5731686416736164,0.7294990013800475,0.0001416200549986723,0.22602560777788097,3.8488752382227993,0.08849954130840133,0.00014361269033575218,0.19718022383098774,3.84280717894097,0.07815953413539996,0.0002030288139297863,6.4603768592458,3.6924423203285497,0.8727607663140913,Gust,0.6078701574098689,0.5305252244005045,0.3146602401183027,0.2547041120555049,0.33008487335487346,0.32068867978112353,0.2547041120555049,0.2752013265902521,-0.30703594685596836,0.32580064315464063,-0.4541397008963672,-0.37824080386160314
DPMm1_VL|S,9.185355150449556e-05,1.1498227577332751,4.036904042371087,0.33240265595680085,9.008259588118425e-05,1.4713190385273824,4.045359102566972,0.39292881489944254,0.00013809866606344075,0.22040547103725144,3.8598105132373437,0.08650414590249225,9.583234224130969e-05,0.1315778058973182,4.018487892585043,0.05368442087151249,9.35128106737052e-05,2.9755776356372996,4.029128884763551,0.599400238840081,Gust,0.7548103631501014,0.45243351195113907,0.33759414780404046,0.3161526178179966,0.3315079353719976,0.3435508895011004,0.3161526178179966,0.3267957488101607,0.011630394814291208,-0.020892020468901564,0.16597452686023098,-0.09116649153016004
DPMm1_Vpd,0.0001936679166475689,2.424334980594267,3.712942317033214,0.5345762423099366,0.0001241061280189893,2.0270253889341525,3.9062067702063583,0.4810160635821966,0.000230055185941005,0.36716807676184393,3.6381679704649907,0.13582190909825903,0.0002050596634017104,0.2815469178505484,3.688119757722871,0.10773451047391279,0.00016121980344984007,5.130014145773911,3.792581609956584,0.7874614767083765,Olf,0.7715377361899505,0.6075562450763762,0.29543538858516877,0.29804402900671917,0.3026644830053556,0.3005584321769642,0.29543538858516877,0.29727544966721514,0.24342668351740612,-0.21364344860312062,0.1323174290888981,0.13367626441002792
DPMm1_Vpd-Vpd*|N*,0.0003150258560476934,3.9434936660050264,3.501653798234964,0.6940339820400864,0.0002902901563695727,4.741309123984231,3.537167689185718,0.7590109308122872,0.00043155668213356517,0.68876446468517,3.3649621534705023,0.2275690818856302,0.0003234125169057205,0.44404538571155416,3.4902431744352853,0.15958084313274198,0.00030898723919460156,9.831973951172222,3.5100594546447224,1.0347076069470729,Gust,0.7533208685387799,0.7794668331490514,0.2679393571313379,0.2500191280932655,0.2671108439331684,0.2748077629546236,0.2500191280932655,0.2595375068037501,0.05070162417290177,-0.04450307575352462,0.10342980614630481,-0.07116977559775267
DPMm1_Vpv|Vpd-Vpd*,0.00013725680635403762,1.718180701939843,3.862466107184017,0.4342783248198458,0.00013342915313446275,2.17929835814518,3.874749267148399,0.502331285768173,0.00016146755813974893,0.25770222279103927,3.7919147197837613,0.09957782846463696,0.00014327372462057285,0.19671482390404654,3.8438334457801027,0.07799067074025125,0.0001368479522114372,4.354501839367932,3.8637616938009964,0.7287190720908667,Gust,0.7362107615527169,0.5364908230220062,0.31489366705891864,0.29395030683733553,0.3226723162716285,0.32082223301652557,0.29395030683733553,0.30513446842403064,0.03274824767094333,-0.0092248905532127,-0.06863585026304375,-0.07173187062126636
DPMm1_V|S*-N*,0.0005873170022490969,7.352034234154195,3.2311274258378466,0.9217922657915429,0.0006093220454594123,9.952056968488582,3.2151531079703095,1.039495694168655,0.0006538016730210758,1.043467470141637,3.1845539717685205,0.3103677285900976,0.0006309111704842457,0.8662410370748694,3.200031782514752,0.2709677349684344,0.0006036681410679621,19.208720248782555,3.2192017429624373,1.305538811957179,Gust,0.725863073121017,0.9476424141259995,0.23273440758259079,0.20811376047532387,0.2436334251561326,0.23704110338460485,0.20811376047532387,0.2207678689930157,0.0009177943199650936,0.024793846511977354,-0.1458276151751072,-0.07415056647766499
DPMm2_L|S*-N*,0.00035220810263580026,4.408941028794947,3.453200655967197,0.7331122465541818,0.00031497660255091516,5.144512849464097,3.5017217043885003,0.7884874567625676,0.00033894555500076513,0.5409571057812211,3.469870055859857,0.18779054982692409,0.0003400160104821532,0.4668419823919963,3.4685006313853406,0.16638333138146108,0.0003323535217225824,10.575489061212572,3.478399713637634,1.0635393488994094,Gust,0.7250378803460339,0.7711063151906288,0.26163390744855797,0.24540636485161046,0.28076303384040824,0.2719782971086426,0.24540636485161046,0.2551663444237946,0.09200089335256487,-0.03624703768018116,-0.19438553392578417,-0.09224357852014226
DPMm2_SM-V|Vm-S,0.0018452215763495735,23.09848369274396,2.733951475552464,1.381989717073154,0.0017402664751559678,28.423772338722422,2.759384245819007,1.468698351629623,0.0020410238105412993,3.257474001623914,2.690151928571206,0.6291520046121496,0.002005406078016112,2.7534225451161225,2.697797672909552,0.5744274582800017,0.0018098162188675063,57.58835208436405,2.7423655238875733,1.7678112827705783,Gust,0.7377925325365504,1.3042779633619928,0.16803441515097006,0.14880227946979419,0.1792944151242056,0.1716828673884628,0.14880227946979419,0.15934507803020012,0.05019379500763369,-0.022536703885190995,-0.10948209219245685,-0.017190010208264443
DPMm2_SM|V*-S*-N*,0.001313317873677309,16.440113142692553,2.881630144809206,1.2415492980901066,0.0016378112810337883,26.750371653124866,2.785736141582366,1.443268803884658,0.001480139126273813,2.3623020455330055,2.8296974607080934,0.5266367248131772,0.0014208014212074892,1.9507603513178826,2.847466616840984,0.46993393931137145,0.0014890407157746107,47.38127557594811,2.827093426607282,1.6846773143832947,Gust,0.7003909067588193,1.1799326718169283,0.18725257881664717,0.1522315834324446,0.19745417298848006,0.19116003544949606,0.1522315834324446,0.16819920412306266,-0.09472003230353401,0.11414238028100741,-0.21785142795741064,-0.15667932077137234
DPMm2_V-SL|IP-IP*,0.000550017772652119,6.885122478059225,3.259623276188813,0.8968084435282275,0.00041176273971987604,6.725320827844735,3.3853529540556395,0.8879165244553637,0.0005784027427269463,0.9231307773922064,3.2377696555775533,0.28400881828352514,0.0006156375756669915,0.8452703913907793,3.2106748800019123,0.2660600132511513,0.00048517908925548156,15.438398620109423,3.3140979241746753,1.2158595075882082,Olf,0.7572675147001583,0.9207309075358806,0.2364427150761086,0.23026271749398683,0.250558648183738,0.23842614287911978,0.2364427150761086,0.23469647975908578,0.17109496566042462,-0.13478066352959087,-0.05589695793552549,0.12872156311805247
DPMm2_VL-SM|V*-S*-N*,0.000829910527311849,10.388819980889725,3.080968725882893,1.0564787282637753,0.0008862341876503281,14.47486298689281,3.052451500009914,1.1896268125031526,0.001039544831426565,1.659113550956798,2.983156776120285,0.4247368832138568,0.0008958575853054349,1.230012464624362,3.0477610242636732,0.3483072905380488,0.0008717632695000819,27.739507235492606,3.0596014328122196,1.4584793174954553,Gust,0.7313351676725971,1.066637216207554,0.2131935051212974,0.18694058667717925,0.2174246010432387,0.21722534821634523,0.18694058667717925,0.19993256595425002,-0.020817996270884563,0.03191619841612849,-0.05973767424600959,-0.08984064713823937
DPMm2_Vpd|V*-S*-N*,0.0006068541860208662,7.596600700609203,3.2169156472764313,0.9343267548702332,0.0005891271604475927,9.622213911590531,3.229790953847134,1.0262150430526114,0.0006829941448088254,1.0900586551148854,3.165583018798437,0.3201584742619072,0.0006189348078860944,0.8497974912276076,3.208355091903978,0.2671241861022888,0.000602417659509266,19.168929925584845,3.220102304819813,1.3046828570753484,Gust,0.7314180623008458,0.9542686072391827,0.23088495777546386,0.21001865655266258,0.2411646401859817,0.2381242572543361,0.21001865655266258,0.22131108801682686,0.03718940994745875,-0.006320001523164273,-0.10512090099673566,-0.08911208372669392
DPMm2_Vpv|S-N,0.00047978007418315914,6.005886968624786,3.3189577918364765,0.8454631262305274,0.00047190603014911846,7.7076411904255515,3.326144472163209,0.9399005250740682,0.0004975615906271027,0.7941082986408559,3.303153151605429,0.2538486550305591,0.0004752296067742981,0.6524902501011113,3.3230965097515353,0.21813890577354592,0.0004765484913546342,15.16377299490446,3.321892900082335,1.2085427425530508,Gust,0.7217880815752326,0.8723117476490367,0.2441642122867724,0.2225576216860961,0.25906732945789906,0.25305613169852254,0.2225576216860961,0.23434244292912756,0.03628323476724804,0.005901770660205088,-0.17613363141146,-0.11613473730634256
DPMm2_V|V*-S*,0.0019586803656238706,24.518760816879613,2.7080364299252992,1.40685958135564,0.002005038073066479,32.748286847394795,2.697877376061266,1.5282517317861013,0.002162696293733824,3.4516632847991833,2.6650044638165302,0.6485223077102987,0.0021325906340361376,2.9280469405316167,2.671092502266136,0.5941766690059638,0.002000038699259998,63.64123141045313,2.698961600762641,1.8105096211215859,Gust,0.7279032279066124,1.3178757973703803,0.16466196068091732,0.14079808295639834,0.17602184979121224,0.16820758999919574,0.14079808295639834,0.15316241449752324,0.007688679908259377,0.01800336741445485,-0.14703343402113603,-0.05525061228553209
DPMpl1/2_IA|SM*,0.000619445599286681,7.7542200118706734,3.2079968273551924,0.9422174571435211,0.0009763568062256073,15.946835716082845,3.0103914414614183,1.2290886193925856,0.0003113236414689128,0.49687253178438473,3.5067878969728,0.1751848189805491,0.0004745600900093309,0.6515710035828114,3.3237087873643585,0.21789724941789462,0.0007758825017322376,24.6885812051198,3.110204041987464,1.4097401185986564,Gust,0.5927830826726405,0.8356700932702054,0.22972430714247988,0.1814671009460228,0.2855673371041283,0.2531358104458412,0.1814671009460228,0.20048634917596445,-0.1837473088775389,0.26967858064201455,-0.6855097265334705,-0.46153314278922597
DPMpl1/2_IC-SL|SL-SL*,0.0009419677732504215,11.791552585548779,3.0259639546430193,1.1069232605391894,0.0004268588160539522,6.971885042609201,3.3697157435070837,0.9015610273941741,0.0016269741845076039,2.5966507984741356,2.788619337770296,0.5558982738880889,0.0011407180695498192,1.5662059094919019,2.9428216785737913,0.4092915007405127,0.0007280457567396172,23.16641597945462,3.1378413243829546,1.3832122467766736,Olf,0.8180050453995712,1.1314745967217958,0.20603545920037128,0.22822776909480846,0.19210847144830076,0.20356906643518238,0.20603545920037128,0.21103826641123058,0.34536856839465196,-0.39833705024626337,0.7813922415806744,0.40291017433325316
DPMpl1/2_IC-V,0.0003909311351700242,4.8936759500583635,3.4078997382955185,0.7703862535073942,0.00037175733148634636,6.071912495166496,3.4297404567617478,0.8495368782632964,0.0004187499455504625,0.6683249130985383,3.378045235388748,0.22228063516516386,0.00040679046571721276,0.558523309429733,3.3906292334794372,0.19271330201292763,0.00038346201722551224,12.2017613881158,3.416277646296412,1.1206318789411598,Gust,0.7314414210500004,0.819676574006654,0.2557386725144855,0.23603908517125535,0.2688134108023158,0.26184450272003706,0.23603908517125535,0.2469245403074069,0.04990220586256203,-0.014692223322575002,-0.1378615517218651,-0.05926854720679232
DPMpl1/2_IC-V|V-V*-IC*,0.00047790261820021866,5.982384974630337,3.3206605892718724,0.8440037900164667,0.0004127549701392909,6.741526927285038,3.3843076874767695,0.8888266287309379,0.0005148041838533687,0.8216274774299765,3.2883579313648954,0.2604595685547227,0.0004968765038888303,0.682211439839364,3.3037515386506744,0.2258805820589788,0.0004480260243522215,14.256188094887687,3.348696757567541,1.183446034525903,Gust,0.7419233385080811,0.8780262328796078,0.24438580583151134,0.23012669172744865,0.25714195346769436,0.2505386738788167,0.23012669172744865,0.23866108908932296,0.09987227650747364,-0.06252663454498011,-0.09172245876860101,-0.015314330370917789
DPMpl1/2_IP-V|IA,0.0008938617236117241,11.189361056171562,3.0487296589252724,1.08598094129914,0.0005761302343818899,9.409935118159407,3.2394793323503746,1.0174480226985134,0.0011516472840958775,1.8380290654170204,2.9386805118778154,0.4530168389317397,0.0010242373320423462,1.4062778568941412,2.9895993983524414,0.3813457746033831,0.0007538133230554813,23.986339939625417,3.122736190430283,1.3977026442641618,Olf,0.783721694306122,1.0954098844988558,0.20899807413360932,0.21127945369193396,0.21163668238341057,0.20965648501186512,0.20899807413360932,0.21014066071363716,0.2275453701765309,-0.21917868578558306,0.21244029664996045,0.2111951549528308
DPMpl1/2_SL-SMant|Vm*,0.0005992983982835439,7.502017349713403,3.222356882295593,0.9295219868787051,0.0009543180286726553,15.58687636231048,3.020306871087176,1.219764607462617,0.0008206868724004023,1.309816248351042,3.0858225129095946,0.3635774320560681,0.0007460888649465807,1.0243800115716555,3.127209441037129,0.30629204049854186,0.0007948369046243617,25.29171030514719,3.0997219760653625,1.4198188383668444,Gust,0.6797245218491221,0.9650856810212793,0.23159305289622817,0.18275744538318742,0.23078500672947969,0.22756436795572776,0.18275744538318742,0.2014480204255666,-0.22811273011573346,0.2130191883188293,-0.189670013429879,-0.1725388136274132
DPMpl1/2_SL-SMpos|S*-N*,0.0007199865626475585,9.012791791222137,3.142675608274525,1.0005551854190005,0.000623197024378754,10.17867699917819,3.20537462828908,1.048390407668872,0.0005230596814509324,0.8348032515956882,3.2814487541914357,0.2635895011072163,0.0007014330542102625,0.9630675834306903,3.1540137717348813,0.2929352515132864,0.000660629984497609,21.02124610671392,3.1800417178977036,1.342841890564786,Gust,0.7095261609876564,0.9527814514258394,0.22122373027886147,0.20684123801922927,0.2562428276942635,0.23105254953869403,0.20684123801922927,0.21609279850715093,0.12321970088301586,-0.04053425744047988,-0.374445390768817,-0.057735432618960775
DPMpl1/2_SL|SM-SM*,0.0003334541131113713,4.174178587928146,3.4769639199462,0.7138414144101375,0.0002972303639745225,4.8546635347958755,3.5269068252370084,0.7675019413929599,0.00017617712942140536,0.2811786985565629,3.75405046809426,0.10760970927975849,0.000260050676205571,0.357049578430249,3.5849420109287196,0.13259571445808302,0.0003040141293964678,9.673729597395605,3.5171062301721854,1.0283161964208685,Gust,0.6731952274825851,0.6922575557735732,0.2647263398132159,0.2486838305603854,0.3177448518672592,0.28713139606859767,0.2486838305603854,0.2590396539514067,0.12948454668928785,-0.006423825401569923,-0.5425249572208911,-0.24151235030541288
DPMpl1/2_SM|IA-IA*,0.0005446439834704176,6.817853385082688,3.263887288737074,0.8930875214752745,0.0004099174430564018,6.695181597440211,3.387303599867837,0.8862188731389883,0.00034312062220249605,0.5476205130351838,3.464553177968682,0.18966447747137505,0.000492413337760676,0.6760835127454081,3.3076701911759465,0.22429565404420362,0.00046457217032361937,14.782686459697569,3.3329468087470726,1.198180928868354,Olf,0.7060386216073965,0.8459620114544827,0.23699761235028777,0.23051656478731125,0.2800711219345298,0.25104862772630615,0.23699761235028777,0.23629839435366054,0.21018123447790948,-0.10112793480668557,-0.41553543348274885,-0.05786351311455143
DPMpl1/2_SM|S*,0.00037721885117267126,4.722025578979499,3.4234066107651175,0.7575497948856751,0.0004910118397475802,8.019696378597228,3.3089080347419375,0.9551919185486886,0.0004029352138523986,0.6430846013084281,3.394764775431778,0.21565992553821975,0.0004051540563066394,0.5562765193090158,3.3923798076094855,0.1920867649804966,0.00043672925761096735,13.896724977180982,3.359787711610524,1.1730907999106033,Gust,0.6890437617951142,0.8083108976976416,0.2577566593677218,0.22031455789738258,0.27098920815056504,0.2620723136849481,0.22031455789738258,0.23700045711101508,-0.11399541612646583,0.13814691602035098,-0.27447652915650306,-0.180575238073576
DPMpl1/2_V,6.200039892890128e-05,0.7761209937919863,4.207605509108927,0.24947254767363475,5.936630519660171e-05,0.9696298627760958,4.226459972268806,0.2943846202443059,6.610960764754361e-05,0.1055109338054796,4.179735413746846,0.04356304222717413,6.295439826205713e-05,0.08643638881380443,4.200973915937713,0.03600430332484403,6.093477822404633e-05,1.9389446430891542,4.215134758044367,0.46819140593401787,Gust,0.7286493628170765,0.3411473696102533,0.3598083832264603,0.33972017954809,0.37314136239068246,0.3672987082019388,0.33972017954809,0.3508163169492518,0.04772534221508888,-0.009950825290118839,-0.143571311439992,-0.08393697611259983
DPMpl1/2_V-L|IA-Mv,0.0006045274257057034,7.567474314983995,3.2185839909210925,0.932852811102787,0.0005074728514769103,8.288554083172375,3.294587185601599,0.9679481141472829,0.0005077350175192247,0.8103450879606826,3.294362882242054,0.2577613679697914,0.0005491133687990988,0.7539326553611627,3.2603379819703084,0.24401291402060174,0.0005485362087088751,17.454422161116405,3.260794698704208,1.2661004512565526,Gust,0.7171733363518246,0.9080134847842124,0.23110206767613578,0.2184509141904365,0.2579234077517992,0.2448890506678848,0.2184509141904365,0.22692701062426457,0.13631652205083697,-0.05863096777323531,-0.26836564161422244,-0.11122538505966223
DPMpl1/2_V|L,0.00019079302175962657,2.3883470463870053,3.719437511353091,0.5299878859006779,0.0001688569505698219,2.757940573656901,3.77248105545339,0.5749499080857019,0.00019627020208862607,0.31324724253344727,3.7071456281454545,0.11834649757431602,0.00019240504679997802,0.2641721292563698,3.7157835383121403,0.10180621136463452,0.0001801656267904543,5.732870244472256,3.744328060664416,0.8282002448477612,Gust,0.7339555412903315,0.6078621590040236,0.296280640699831,0.2806416330793543,0.3116408905071972,0.30415845827180715,0.2806416330793543,0.28994928971321143,0.09150112857943361,-0.04666744119364641,-0.1392248222781543,-0.05218304400425235
DPMpl3_Ldor|Ldor*,0.0006095456989691707,7.630293059696078,3.214993728108924,0.9360255433453277,0.0005543913450495737,9.054873838694686,3.2561835576030504,1.0023766257530027,0.0006140086704323011,0.9799578380099525,3.211825495424621,0.29665594232487447,0.0006461252851153749,0.8871300164634097,3.1896832625111537,0.27580182252181434,0.0005837886416764509,18.576154578144667,3.233744358253323,1.2917273856536124,Gust,0.7330523292553143,0.9469037688162583,0.23063484882405436,0.2134532580499361,0.24718240489486623,0.23569439873099687,0.2134532580499361,0.22336496423369867,0.0758424288440473,-0.034343608828985524,-0.16921133426081555,-0.01801366317449468
DPMpl3_V-IC|V*,0.00029667021752457617,3.713717782972645,3.527726048491413,0.6733635771347016,0.0002689929856481568,4.3934624345913456,3.570259043044847,0.7318676582227686,0.00036230985196527535,0.5782465237365795,3.4409198552277753,0.19817484141856848,0.0002909595978725229,0.3994875278789739,3.536167310687088,0.1459690324217059,0.00028592746257673137,9.098211859191592,3.543744128283156,1.0042444778976602,Gust,0.7427800648231301,0.7459327783910945,0.27133226942586725,0.2543254714371235,0.2769955994729284,0.28078410043879753,0.2543254714371235,0.2638838734835649,0.06928189295562129,-0.04319596358019189,0.001087568815224972,-0.09698022277379915
DPMpl3_V-Lven|Lven*,0.00029158282636085374,3.6500338203851674,3.535238057178596,0.6674561115895754,0.00025657289061240137,4.190605022372352,3.590789231223245,0.7152179826198409,0.000272554705867826,0.4349973105650503,3.5645463135479596,0.15685108712725668,0.00029658236707023037,0.4072075899874263,3.5278546715052728,0.14835816888883593,0.00027330617699609835,8.69660255201585,3.5633505511127197,0.9866195949497638,Gust,0.7281133279546885,0.7183708767041793,0.2723098446785077,0.2569971674815513,0.2930837286615441,0.27970233513651066,0.2569971674815513,0.2663069127333212,0.09961093949587671,-0.045113708896963464,-0.2120394808851296,-0.0369058407081837
DPMpl3_V-T|N*,0.00028121324099822864,3.5202273508158264,3.5509642327583455,0.6551602787763531,0.0002605716863411499,4.255917353010002,3.5840727747304975,0.7206485275155937,0.0003044951576317681,0.48597427158030193,3.5164196081090138,0.17201129003866536,0.0002859347809910772,0.39258845430074896,3.5437330125048665,0.14382279019740965,0.00027228374697450304,8.664068828728688,3.564978279980756,0.9851600143886686,Gust,0.7335668510180593,0.7226807295040016,0.27435637054204576,0.2561231214139597,0.28682075983557553,0.2817686630470033,0.2561231214139597,0.2664263684063636,0.06395306601624837,-0.027078704997417092,-0.116837220701637,-0.0684632298214585
DPMpl3_VL-SM-S|V*-L*,0.0003371937109234478,4.220990873339719,3.4721205328088947,0.7177529340339942,0.0003340099443912374,5.45538442174208,3.476240601559004,0.8099221098511085,0.00029232755346121186,0.4665547753240942,3.5341302466115945,0.16629828837128935,0.00032769363388847437,0.4499233593288753,3.48453199425894,0.16134504671757505,0.00033288063830554527,10.592261910882451,3.4777114631409565,1.0641681848480404,Gust,0.7069840204343366,0.752349901742178,0.26409604562672684,0.24209038152765558,0.2891255337821399,0.27406453852075247,0.24209038152765558,0.2542888040961635,0.04233086661888304,0.01894164096121961,-0.307261145568336,-0.12775106296872948
DPMpl3_V|L,9.885203680877099e-05,1.2374297967721954,4.00501437339146,0.3497494174615751,8.745642348208205e-05,1.4284257647328462,4.058208282072842,0.38532483193519906,0.00010047227785734062,0.1603537554603156,3.997953747198576,0.06459041217767501,0.00010296602826914712,0.141372356813539,3.9873060348521614,0.05742735005215384,9.341353602481832e-05,2.9724187163097193,4.029590183414685,0.5990550194302491,Gust,0.7353301908039956,0.4405032417397364,0.3334441857223178,0.317824745796643,0.3494852051627848,0.33949303843617407,0.317824745796643,0.3270808116946218,0.09074200346404278,-0.04766025548856578,-0.15012251050684344,-0.021689560120951586
DPMpm1_IC-SL,0.0010217698295208809,12.790514725942387,2.9906469247421654,1.1395804763618247,0.000419834029687404,6.857149206884369,3.3769223615117157,0.8952650004544616,0.0007941502415813007,1.2674637855637558,3.1000973271050842,0.355540359522465,0.0008758015936996316,1.202475588149594,3.057594268359902,0.34291110346743214,0.0007023622267389224,22.349166054832512,3.1534388523491765,1.3682713737992533,Olf,0.7227626599816569,0.9889354577039043,0.20143947750419117,0.22916560233088842,0.23264265967886477,0.21850499743960125,0.20143947750419117,0.21275136993302995,0.512704526165591,-0.38660186691246123,-0.0986834073787596,0.1164854667915262
DPMpm1_L-IA|S,0.0004748532856581249,5.944213429868407,3.3234405517160472,0.8416230603812345,0.0003798725844021087,6.204458921039642,3.420362047424993,0.8576013694066751,0.0004475932236635292,0.7143587849669926,3.349116496123832,0.23410171725182752,0.0004563736176161652,0.6266009769869949,3.3406794685933745,0.21128102881494276,0.0004250984724595676,13.526633393663442,3.3715104545936314,1.1621649764476938,Gust,0.7332532841280726,0.8521612856788956,0.24474757624497376,0.23481862586955268,0.26504876930985827,0.25534429005240006,0.23481862586955268,0.24174812321621342,0.1526526086925352,-0.09000140362057275,-0.16709368401046956,-0.046093447105192455
DPMpm1_SM|S-N,0.0006691475576097913,8.376389126159367,3.1744781022266952,0.9720356225474178,0.0006550729395591906,10.69930632182026,3.183710339827016,1.0681601122131095,0.0007279560843511798,1.161817910624483,3.1378948191277742,0.3348191106434857,0.000731511140745666,1.0043647962437996,3.135779054689988,0.3019767663856845,0.0006678781218101787,21.251881835999882,3.175302782165492,1.3473667450442053,Gust,0.7326062776921509,0.9870893357730246,0.22536234783836126,0.20402195583406443,0.23756143631397464,0.22867957463087693,0.20402195583406443,0.2154374925949008,0.03149726248574339,-0.0034487849784371216,-0.13974931876106347,-0.029012947461882103
DPMpm1_SM|SM*,0.00041663539031474726,5.215441815960006,3.3802438414457225,0.7934720052887799,0.00038343026896293366,6.262566582971596,3.4163136046584093,0.8610901270141667,0.00042638934651529107,0.6805173970384046,3.3701936538246287,0.22544301272853864,0.00047531640519708567,0.6526094243355987,3.3230171951773744,0.21817022507858577,0.00040311428924171987,12.827096683671527,3.3945718060069106,1.1407309995866601,Gust,0.7381578727175283,0.8420395679978288,0.2521396723700811,0.23429178176897325,0.2677916452332388,0.25304581009639154,0.23429178176897325,0.24429252942176172,0.06489708525526995,-0.03283258570445072,-0.16452879109653393,0.04611781087817219
DPMpm1_SM|Vpd-Vpd*,0.00029777798941052654,3.727584871440971,3.52610740529607,0.6746393342103884,0.0002981237909331332,4.869255877310865,3.5256033634743837,0.7685830435196698,0.00034342309961967995,0.5481032669930093,3.4641704950393217,0.18979992714104685,0.00033351669752833897,0.4579184257064094,3.4768824169283565,0.16373322476612837,0.000301872605892676,9.605586319504951,3.5201762947778703,1.0255346830635066,Gust,0.7359413977191931,0.7547334280632667,0.2711216272931815,0.24851420456353596,0.2800213214914088,0.273069060772664,0.24851420456353596,0.26025907360202466,0.015385556572985726,0.003226058157557114,-0.10227864925951657,-0.020730379910631896
DPMpm1_V-IA|Vpos-Vpos*,0.0005347479546779388,6.693974896658439,3.2718508670453312,0.8861507649886674,0.0004171061383813449,6.812594558182507,3.3797534177307265,0.8927952867807221,0.00044875740977672805,0.716216826003658,3.3479883664183827,0.23457215553378608,0.0005191686726545062,0.7128185875546369,3.2846915205016636,0.23371136728767183,0.0004707701315980751,14.979905587450748,3.327191098206063,1.2035742090849633,Gust,0.7275492844291406,0.8756595545771338,0.23803395261569507,0.22953402183275362,0.26490196015031914,0.24805829841158078,0.22953402183275362,0.23592371179278454,0.17237193257580138,-0.09754274110077779,-0.24577386824505465,-0.01989846202346639
DPMpm1_VL|N,1.5488779409786916e-05,0.19388854065171263,4.809982777344216,0.07696378371177101,1.2325314824790123e-05,0.20130936703329708,4.909201943514726,0.07965486343446483,2.5714662984876957e-05,0.04104060212386362,4.5898191462589795,0.01746766796825093,1.7122738795214092e-05,0.02350952036582895,4.766426743003359,0.010091886688915816,1.4501710522983906e-05,0.46144442884134784,4.838580738377258,0.164782306038717,Gust,0.7887551086019973,0.12997288569525578,0.4381987491993766,0.42856880617012383,0.42650760903764123,0.4408839120127545,0.42856880617012383,0.43307576416509797,0.10315468422466682,-0.13367465351799696,0.40402136983780246,0.05011959416917637
DPMpm1_Vl|L,0.0003167078417775235,3.964548763371039,3.4993411818670275,0.6958797808306484,0.0002819521467023531,4.605124412089533,3.5498245929297574,0.7485852566962581,0.0003174667674744168,0.5066769608891691,3.4983017287138143,0.17802014737629188,0.00032603107231220045,0.4476406622846512,3.4867410062973536,0.16066077335701606,0.0002997637569696148,9.538482746773141,3.5232208753745042,1.0227780888522313,Gust,0.7328635170127417,0.7495567473198166,0.2676384047996396,0.25166623426559154,0.2844629895953345,0.27435200830299894,0.25166623426559154,0.26112601704738647,0.08887730371291816,-0.04333625600576339,-0.1632570515745252,-0.03478195449671351
DPMpm2_IA|L,0.00014806928842429152,1.8535313524952814,3.8295350077624364,0.45538264861824895,9.165935283385583e-05,1.4970722098353673,4.037823208703495,0.3974311013740145,9.34545200429891e-05,0.1491534139886106,4.0293996839424135,0.06037801163093275,0.00012556014181050492,0.17239407470582324,3.90114819901071,0.06907361484225305,0.00011603985660644853,3.692388237217192,3.935392812795706,0.6713939374387463,Olf,0.7102458111824358,0.47685473171915194,0.3106081784263365,0.3151719342679323,0.3535774221498769,0.32828088844447206,0.3106081784263365,0.31504371272361453,0.32033321272141696,-0.19339831273156535,-0.36115936534760124,-0.03591202085063698
DPMpm2_SL|IP-IP*,0.00011614997370700057,1.4539653708642333,3.9349808804363784,0.38986842988703707,7.899387502764715e-05,1.290206960826561,4.102406575930952,0.3598747303239968,0.00019431465424169116,0.31012618816973914,3.7114944436072252,0.11731312785918181,0.0003814614574890866,0.5237465811325159,3.418549335064482,0.182912744190377,0.00011330796381982176,3.605459408746728,3.9457395609599066,0.6632729589046398,Olf,0.885083417971178,0.5870518975151753,0.3243303770967139,0.32357649078042355,0.31220682360855007,0.265477885147738,0.3243303770967139,0.3143930254844726,0.06294893533424986,-0.28657145010350155,0.36324056916239617,2.0060088913952767
DPMpm2_SM-IA|IA-IA*-SM*,0.0014709843057075503,18.413781538847115,2.832391960546888,1.2881101382474611,0.0012524801693994565,20.456758606801323,2.9022291412725068,1.33156411532313,0.0015745604532126072,2.512998483327321,2.802840660256452,0.5456779622933869,0.0017020453600957936,2.336908279411525,2.7690288697443326,0.5233442694977968,0.0013771592145791181,43.82120620790754,2.8610158473609237,1.6514835398918004,Gust,0.7504183334952672,1.2393035258004694,0.18084496769368338,0.16739139998021318,0.1939591632540765,0.1809525392087916,0.16739139998021318,0.1753095931513236,0.10169795296804811,-0.0742597587979426,-0.09596029453204588,0.09767037936273344
DPMpm2_SMpos|SMant,5.495187773735943e-05,0.6878876055162654,4.2600174549908045,0.2273435240851199,5.324961678325135e-05,0.8697259909208442,4.273683505170362,0.2717779651726287,6.633513941189736e-05,0.10587088250138818,4.178256347251279,0.043704423270130306,6.017486127581289e-05,0.0826200845316911,4.220584895035865,0.03447607976628828,5.491442425730612e-05,1.7473769798674808,4.260313557430841,0.4389182549951256,Gust,0.7418610061601031,0.3256163382727206,0.36662901181868707,0.34586561401564864,0.37294888407186166,0.36985078297244767,0.34586561401564864,0.3568225010117669,0.030508042871841026,-0.01451704715346116,-0.04635627132730009,-0.028304351311998065
DPMpm2_SM|V,0.0009198004982083703,11.51406263657238,3.036306359054891,1.0973983244188457,0.0009753154420810942,15.929827115510513,3.0108548991392765,1.2286525231908516,0.0004698285520153201,0.749846369016451,3.3280605932625837,0.2429999206764262,0.0006584773264913264,0.9040893692725911,3.18145917395189,0.27968732832948545,0.0009129579895859237,29.050323228624094,3.039549205901047,1.477849147741516,Gust,0.6483627849156907,0.9581823891149693,0.20738136800144813,0.1815274130110625,0.26230865938502834,0.23462415696400088,0.1815274130110625,0.19548934234236726,0.03507591099335911,0.08314710258579282,-0.5946859774467042,-0.3619338609998602
MB-AL_IP-V|L*,0.00037005463556666205,4.6323439280234755,3.4317341499664016,0.7506891662836124,0.00039997822820514255,6.532844401274593,3.3979636466554988,0.8769589967216127,0.00039349579231316137,0.6280192845318056,3.4050599061273985,0.2116595449734192,0.0003827968520251008,0.5255800778304633,3.4170316412176898,0.18343500873171573,0.0003867973505366131,12.30789169407503,3.4125165082626974,1.1241092577170002,Gust,0.7144768170786208,0.8031500045022534,0.2588403636840465,0.23190380997905183,0.27232896498656417,0.2652803800585546,0.23190380997905183,0.24551791084836916,-0.016358203336208663,0.04923135063024871,-0.19816523741741965,-0.12383521329389377
MB-AL_L-V|Ldor*,0.0008189032276920479,10.251030604249056,3.0867674165889967,1.051192306024105,0.0007486517369367381,12.227728819387744,3.1257201628961897,1.1214852828964343,0.0007703049516290254,1.2294067027999247,3.11333730985976,0.34818930251788666,0.0008675874294127644,1.1911975405837256,3.06168674866098,0.34068153179085015,0.0007834071959008254,24.928016973564265,3.106012443051162,1.4137693023315774,Gust,0.7275232767868167,1.028550075452881,0.21394811773798345,0.19647540414269812,0.23436564483840558,0.21903757236474458,0.19647540414269812,0.20661911063898983,0.07691997022636156,-0.02838443147091463,-0.2234182154379029,-0.01755010610439164
MB-AL_L-V|Lven*,0.000672484717015814,8.41816368760396,3.172317580406319,0.9739662342066604,0.0006272943388834289,10.245598436983045,3.2025286311116115,1.0509825714625465,0.000653118333048424,1.0423768595452847,3.1850081247459,0.3101358811985029,0.000681305095935246,0.9354318967190928,3.1666583620329023,0.2867778941259314,0.0006492644526641791,20.65959488377418,3.187578373501931,1.33565032941826,Gust,0.7245639329048804,0.9677640556689936,0.22508118833065285,0.20647087417573096,0.2436925263539729,0.23269805330071894,0.20647087417573096,0.21712885175518232,0.06678959147129353,-0.01795474901154891,-0.2057414700029214,-0.06935446153984536
MB-AL_Mc|Mp-Mv-Mm,0.002300427495159227,28.7967513844032,2.6381914500819375,1.4741689173401953,0.0005269929894504905,8.607376496694862,3.2781951613129148,0.9826048102949948,0.00041602016537175526,0.6639681839333214,3.380885616652833,0.2211450180639038,0.0011525814765697118,1.5824943673302143,2.9383283639789397,0.41203938295445625,0.0012654020216024335,40.265092327389425,2.8977714757055613,1.6155828211461014,Olf,0.5488864680162421,0.8867715484865998,0.15557268420916062,0.21631773810497212,0.2691830438189244,0.20298432893910498,0.15557268420916062,0.17255396662458367,0.8997567092801114,-0.5705050557292837,-0.7366232211291535,-0.18038974347856354
MB-AL_Mc|Mpl-Mp-Mv-Mm,0.001854741445956455,23.217653420482904,2.73171662296876,1.3841320597026816,0.0009224288367425425,15.066030190515946,3.035067128223455,1.2059085787335828,0.001049743237575931,1.675390207171186,2.978916913983302,0.4273871330721536,0.0014719702241274171,2.0210151177269435,2.8321009747768118,0.48015289856985865,0.001329903258216906,42.31752167646196,2.876179949646705,1.6366636013921991,Olf,0.6996608084975124,1.1451093785885165,0.16774358260935493,0.18467827144981006,0.21687284658283798,0.1891604276151101,0.16774358260935493,0.17681295331020874,0.44670212189920716,-0.28994433966135585,-0.37229947831557164,-0.011353397627064547
MB-AL_SL|SM,0.00018519265395971736,2.318241642267742,3.7323762421342237,0.5209080091995684,0.00015408851089259416,2.5167276484087404,3.8122297390079636,0.5461387358537045,0.00021728713912511015,0.3467902740436758,3.6629659761091546,0.12929997143418687,0.00023151846488989188,0.3178748522938215,3.635414363979711,0.11987417085073336,0.0001733205811104185,5.515060890933516,3.7611498610240113,0.8139184790620871,Gust,0.7652914998509887,0.6228848935978601,0.2979644224337092,0.2858143280250201,0.3058915714769032,0.29369961574722614,0.2858143280250201,0.2926576887632707,0.10262803463288733,-0.09460245227458063,-0.008225451332954208,0.18696310721118847
MB-AL_V|L,0.00025644443391679343,3.21017142377042,3.5910067210909244,0.6242997791805373,0.00022074008569663444,3.605347819683131,3.656118791214139,0.663262435936704,0.00027040242375033814,0.4315622683055397,3.5679894183111327,0.15581024316680236,0.0002646691846836555,0.363390790570659,3.577296618829196,0.1346203561008616,0.00023965315338398606,7.6257633406784375,3.6204168503252574,0.9357975385250519,Gust,0.7401166382753547,0.6925993283195131,0.2795672997725807,0.2654988297895244,0.2935317971008777,0.28613646296555434,0.2654988297895244,0.27400811732628455,0.10336896317512376,-0.06271325799918281,-0.10810910853906451,-0.01943321682642367
MB-AM_Mc|Mp-Mv-Mm,0.003109909187405319,38.92984320793978,2.507252292500584,1.6012976048584935,0.0006991378058692527,11.419017783262504,3.155437212145434,1.0940872489663755,0.0005448639004763229,0.8696027851602114,3.263711964180601,0.2717493463561485,0.0015876000001568498,2.1797748002153545,2.799258909448413,0.5023963632275,0.001704426249785521,54.23484326817528,2.7684217856171465,1.7422131260124092,Olf,0.5466887313261267,0.9524482835594493,0.13853291690011538,0.20034263235519026,0.25393465052116504,0.1848865254342695,0.13853291690011538,0.15552224765134812,0.9070403051924378,-0.5769041819801632,-0.743862089736193,-0.1616998064017672
MB-AM_Mc|Mpl-Mp-Mv-Mm,0.004701371021891856,58.851762452042244,2.327775473798714,1.7770769435799694,0.0016450011086120283,26.86780310696026,2.7838338047667617,1.4451027334735997,0.001447056531664448,2.309502224536459,2.8395145018148784,0.5197626773425136,0.002933958015229221,4.028324354909721,2.532546105029353,0.7014232843289692,0.0029265824941894776,93.12385496510917,2.53363922938318,1.9736997059645665,Olf,0.6310460587223462,1.2454954205503932,0.11517670104736366,0.15198402283040557,0.19873171363570025,0.15017785455543023,0.11517670104736366,0.12954706642923355,0.6722644382419274,-0.4225552940630942,-0.6054158933466687,-0.10137057609594437
MB-AM_SM|SMal,0.00037722365855098007,4.722085757741169,3.423401076034931,0.7575543623533189,0.00033192973513283017,5.421408363924515,3.478953839306012,0.8076302893775893,0.0004087026062637758,0.6522893595969862,3.3885925917558426,0.21808610610287515,0.0004657110831406355,0.6394213171520926,3.3318834255333862,0.21469057785401324,0.00036008509721683626,11.45790779343973,3.4435948511255505,1.0954451121418696,Gust,0.7528628385845917,0.8247199166407443,0.2577559391056074,0.2424434687226332,0.2701859910261439,0.2541996169862898,0.2424434687226332,0.25100650576058325,0.08017487615193346,-0.0619951385468715,-0.1028269519337519,0.1483070577513777
MB-AM_Vl|Lld,0.0002870617199326519,3.5934386101169373,3.542024715884148,0.662137916538936,0.00024402919484666549,3.9857288394305876,3.612558211216301,0.6977286546849285,0.0002944228875237701,0.4698989284879371,3.531028430838686,0.16728747331344548,0.00029545594943522946,0.40566101857457004,3.529507258975356,0.14788060125833202,0.0002662720549973436,8.472776790015473,3.5746744083373936,0.9764773040098582,Gust,0.73902005809294,0.7216363139358029,0.2731930265110826,0.2598300736991315,0.2887218789856514,0.2799173946073994,0.2598300736991315,0.2680791654455587,0.11176953507001808,-0.06729339012746413,-0.12585250642958232,-0.014677187571358205
MB-PL_Mc|Mp-Mv-Mm,0.0026540620654675003,33.22354893552217,2.5760889251757413,1.5343250432879763,0.000649553565225917,10.609158380834906,3.187385028490755,1.0648007362064467,0.0005392721419534862,0.8606783385577641,3.2681920133740916,0.2696713017371408,0.0013578317926986184,1.8643030513752028,2.867154026515794,0.45701896565299516,0.0014850038251023956,47.25282171475823,2.8282724273885083,1.6835227149713636,Olf,0.56296253041905,0.9477602076382279,0.14749097211285137,0.20450016144436398,0.25451766172423257,0.19372205651312008,0.14749097211285137,0.1643114768598347,0.86663222207633,-0.5491558534504505,-0.7092435672472952,-0.1776816748258918
MB-PL_Mc|Mpl-Mp-Mv-Mm,0.0016338394831976902,20.452402650668688,2.786790612767776,1.3314759398537022,0.000768505125553071,12.551994215658308,3.114353231057816,1.1320032076185522,0.00216161581294239,3.4499388374560547,2.665221491100174,0.6483540418263519,0.003606460028076737,4.95166961854936,2.442918876796418,0.7746388152086421,0.0013151303911263664,41.84744904564097,2.881031185749451,1.6319249709878085,Olf,0.8448679976805581,1.3787611826033725,0.17491063628749468,0.19499616846468235,0.1760500926368309,0.13851421518387685,0.17491063628749468,0.1767418075204234,0.2920673414756986,-0.40022782808305046,0.31047256513515603,1.4558576898138376
MB-PM_Mc|Mp-Mv-Mm,0.004043506999626753,50.616620621327705,2.3932418006476057,1.71278956755476,0.0009025766336863133,14.741784157998556,3.0445159134018978,1.197053953312855,0.0007172237027753508,1.1446890296294598,3.1443453657234612,0.33136433031724216,0.001966955074761548,2.7006293176476053,2.706205559029146,0.5682755851322225,0.002209015398481739,70.29086997968895,2.655801256565581,1.853033914545686,Olf,0.542888369812552,1.0059905610750792,0.12369616151044117,0.18590788911169082,0.2384008781970368,0.17277702765102457,0.12369616151044117,0.1407611728120137,0.9132328774834294,-0.5785388934753104,-0.7398415526134083,-0.19859806187966375
MB-PM_Mc|Mpl-Mp-Mv-Mm,0.0017289559300061761,21.643070331817313,2.7622160762256454,1.3549353155267185,0.0006559923142555066,10.71432246873519,3.1831012482183594,1.0687171749988118,0.000611032155342932,0.9752073199273196,3.2139359338575835,0.2956126863802105,0.0012664315113234213,1.7388104650470573,2.8974182915617583,0.4375619786459555,0.0011141538072203412,35.452374145751264,2.9530548509482517,1.5617258192060146,Olf,0.6554929407608874,1.0237002498935563,0.17171262896760364,0.20394269169739887,0.24745704680093933,0.19766049665347377,0.17171262896760364,0.18495156666971482,0.6142462484374877,-0.39556668419708196,-0.5626555797920709,0.018154961512937336
OLP_LO,7.228582981606267e-05,0.9048740176374725,4.140946823057609,0.27986625809346993,4.70585184854484e-05,0.7686067824228286,4.327361740343475,0.24763128615641822,0.048708541930207475,77.73883292061113,1.3123948706480717,1.8961889733206718,0.00010223151873312096,0.14036387522057506,3.990415183108396,0.05704345114806896,0.0025529377918022626,81.23448053514801,2.592959767480066,1.9150539533830755,Vis,0.09339108273754379,0.17884896220725913,0.3511337550982364,0.3528510311651501,0.0,0.33989764744538237,0.0,0.008002808675404724,-0.9702465407887069,-0.980884470805579,14.369618434556198,-0.963766071861684
OLP_LO-SL,8.698282215529606e-05,1.088850967739996,4.060566500776577,0.31990745568303586,4.07774861074171e-05,0.6660186805924435,4.389579540917079,0.2216798667182676,0.003039051817128986,4.850326700137861,2.5172618948079735,0.7671801190916533,0.00012453680650961976,0.17098903533770793,3.9047022715737216,0.06855282853553689,0.00021677314514998827,6.897721478672627,3.663994519187257,0.8975018138258938,Vis,0.6160201977948965,0.5528792448743054,0.34067346183536074,0.36094774466047014,0.1567953705313146,0.32874339767846905,0.1567953705313146,0.21074701723262781,-0.5796729776327485,-0.8055365231586809,10.258112505382257,-0.4817994691570948
OLP_LO|SL-VL,5.388574918295782e-05,0.674541808272266,4.268526066633518,0.22389599503818908,2.031598241423081e-05,0.3318209407716319,4.692162150397042,0.12444583920201924,0.003978876414665234,6.350286757805713,2.40023954987803,0.8663042826084583,4.649383814748719e-05,0.06383603977649992,4.332604591228637,0.026874698910806155,0.0002378589159837843,7.568670706604015,3.6236805628723627,0.9329134532459248,Vis,0.38312872472263637,0.357425941618702,0.36773627999722863,0.4003243326310997,0.1415666676406139,0.38442846616831544,0.1415666676406139,0.17578618130445575,-0.7622170571005237,-0.9115274832765515,12.459870602638723,-0.82333582749179
S-AN_ORN13a,0.005202744660992119,65.12795766629935,2.2837674876939977,1.8203851099117063,4.281967701017127e-05,0.6993737846071273,4.368356602780292,0.23028891432408335,2.8963556535366224e-06,0.004622583623044449,5.53814796073253,0.002002936746712785,0.0004039606612342084,0.5546379878745682,3.3936609245092386,0.19162927556729273,0.0021411472513317917,68.1313055373776,2.669353464103946,1.8396747585651358,Olf,0.07746355922414988,0.14250775461328402,0.1094497217631251,0.3581858976000106,0.5499183795785478,0.26223903183306146,0.1094497217631251,0.11337729827263554,1.5662043310854237,-0.9791567283178558,-0.9989048230888807,-0.8284289111514348
S-AN_ORN1a,0.0036765322318289616,46.02283047803494,2.434561622136579,1.6723087673664216,5.500489967599177e-05,0.8983950264079736,4.259598615201654,0.2783865874056575,1.7531173354313815e-06,0.002797975267348485,5.756188768053193,0.001213448410325643,0.00024845936818947373,0.3411347125241474,3.604744621737654,0.12747240347983937,0.0015237791560284261,48.48665274482452,2.8170779712075866,1.6944880793190418,Olf,0.09913372228435484,0.16798091066936371,0.1290733164916464,0.3440326768555697,0.5782931201011612,0.2897084088318436,0.1290733164916464,0.13434513915569196,1.547043475089619,-0.9623934807727875,-0.9990689293555581,-0.8517824369811874
S-AN_ORN22c,0.004242885451413896,53.11244008079915,2.3723386929696755,1.733297117923219,2.4347047177742902e-05,0.3976603215540748,4.613553684873443,0.14540163607385992,1.5499346215564463e-06,0.0024736956560040884,5.80968634039967,0.0010729857996277506,0.0002704770793587694,0.3713650299595904,3.5678695301708556,0.13715307068774926,0.0017381803728077473,55.30889946274252,2.759905158103261,1.7505770392939697,Olf,0.0614627008936308,0.10759519295738304,0.12097593558683578,0.3900946199478558,0.5852550266936668,0.2849096687803233,0.12097593558683578,0.1241131517259019,1.5783452232241553,-0.985398756710738,-0.9992779507681443,-0.8584673823620144
S-AN_ORN24a,0.004042248765722324,50.600870049312064,2.393376962792437,1.7126570243874757,4.164970270869509e-05,0.6802645943411167,4.380388083768273,0.22537767625807967,2.3450102043039016e-06,0.003742636286069027,5.6298550779144705,0.001622372202496027,0.0003404551049547229,0.46744485910283456,3.467940148131746,0.16656179112082037,0.0016689324618071005,53.105430934701936,2.7775612376908345,1.7332408604225205,Olf,0.08810774788337156,0.15271194875126543,0.12371375083619716,0.35975161438179937,0.5618526852990708,0.27190535862027687,0.12371375083619716,0.12818658204109007,1.5575980468050104,-0.9739933183653827,-0.9988625621925732,-0.8145121716035821
S-AN_ORN30a,0.0037877797983168014,47.41542751532972,2.4216152764272985,1.6849837710902174,1.0911214883312054e-05,0.17821287268913577,4.962126851429031,0.07122376335611,6.963663503719283e-07,0.0011114006951935976,6.157161599251592,0.0004824071649054427,0.0001251134284278423,0.17178073723142748,3.9026960714945846,0.06884635441321303,0.0015411314168548565,49.03880168432154,2.8121603258398786,1.6993069007792132,Olf,0.03510852404141208,0.059660157179744454,0.1273885437890915,0.4354561890765862,0.6304737196030687,0.3284823208306007,0.1273885437890915,0.1292728083939637,1.5965704082014691,-0.9926183700507977,-0.9996340457139443,-0.9261474293720786
S-AN_ORN33a,0.002736197198098922,34.25171652580231,2.5628526060037213,1.5471802691156096,4.892639031804137e-06,0.07991147330645695,5.310456735589321,0.033388155273696936,3.709069333503407e-07,0.0005919674656271437,6.430733877446723,0.0002570121398786747,6.146643284838364e-05,0.08439341230083075,4.211361982989369,0.035186870573803965,0.0011104912094245353,35.33583028388871,2.954484874557407,1.5603350883930873,Olf,0.02437482543639485,0.038032895401863234,0.1457684637136405,0.48078609865073546,0.6660750481037057,0.36865055931065704,0.1457684637136405,0.1471018179703318,1.6032648629939494,-0.9954061382679009,-0.999729473631904,-0.9496435292887755
S-AN_ORN35a,0.0036011058900693054,45.078643531887565,2.4435641079453116,1.6634996857952096,1.1831393368205064e-05,0.1932421478828933,4.92696406934233,0.07672858517752239,8.018633843569878e-07,0.0012797739614337524,6.09589907573783,0.0005554434242797592,0.0001397508738808186,0.19187794983836393,3.8546454646242045,0.07623178524855055,0.0014668377769928831,46.67477806391354,2.8336179134356176,1.67828867999089,Olf,0.03970570584267172,0.06663763664680408,0.13024485498492316,0.43088028041974474,0.6225013210882027,0.3222292550918741,0.13024485498492316,0.1323467552205273,1.5935664398534828,-0.9915906745424168,-0.9995572734711465,-0.9133312905101587
S-AN_ORN42a,0.005024092833993393,62.89159409592929,2.298942344320052,1.8054437239191037,3.026945390042922e-05,0.49439099055571045,4.518995399851727,0.1744642406019345,1.5975682763994083e-06,0.0025497189691334556,5.796540300176979,0.0011059195850021152,0.0002512224397104898,0.3449284097225025,3.599941569387698,0.12869916754292393,0.002055867090664633,65.41769082494862,2.6870049651740393,1.822283772204615,Olf,0.05732260594503366,0.10445805459411463,0.11142450173446736,0.3777892774996937,0.5835442667455525,0.2890833636129178,0.11142450173446736,0.11447112272390643,1.5812450329242744,-0.9846524186363251,-0.999370776869833,-0.8888584835209512
S-AN_ORN42b,0.004599710764301034,57.57917934752035,2.337269476358207,1.7677432832325728,2.434607308519337e-05,0.39764441170046333,4.613571060757326,0.14539669238271297,1.4591499640118567e-06,0.0023288033425629233,5.835899773599607,0.0010102106062222739,0.00024954321064879384,0.34262282822079393,3.6028542397973338,0.12795402709293419,0.0018813895242590205,59.86581466192203,2.7255212782630722,1.784373439230826,Olf,0.055720199461416826,0.09942564394759595,0.11641220307314026,0.3900968811585098,0.588666311830587,0.2894624039775031,0.11641220307314026,0.119313690860159,1.5824913974292403,-0.9865103381777941,-0.9993719677265362,-0.8793574717051318
S-AN_ORN45a,0.00390536082155219,48.88730676419031,2.408338834768984,1.6979900585789323,2.3814963994671122e-05,0.3889698069249634,4.6231500525161255,0.14269280525640665,1.9478770280757803e-06,0.003108811736808945,5.710438241190508,0.0013480454568246805,0.0001876408209676265,0.25763084718855117,3.7266726732775193,0.09955318120763437,0.0015979208661905284,50.84584196218262,2.796444731776372,1.7147139316934144,Olf,0.05701966886990508,0.09777242059177152,0.1256608140501153,0.39134344325376236,0.5723393752748893,0.30557551585362003,0.1256608140501153,0.1287107098469061,1.5814898211961308,-0.9844645813191465,-0.9990129379449444,-0.8931971386694991
S-AN_ORN45b,0.0029224300807294207,36.582979750570885,2.534255870408152,1.5749912099829306,2.0722386855999257e-05,0.33845874451903585,4.683560201970591,0.1266049894162219,2.2300847482358828e-06,0.0035592152581844696,5.651678437727751,0.0015430032322181076,0.00025071464581135147,0.3442312086989856,3.6008202937101625,0.1284739740943828,0.0012021209531686947,38.25148872982787,2.920051832595144,1.5938561333077177,Olf,0.07580784269276103,0.12082679502868382,0.14204702751878764,0.39920491807017994,0.5646926682345714,0.28919771640287134,0.14204702751878764,0.14578189102750383,1.5676322264121272,-0.9820323099826109,-0.9984979523061404,-0.810322985772704
S-AN_ORN47a-33b,0.004697635174459607,58.804997113885356,2.328120714130779,1.7767374737595656,1.7867658243672575e-05,0.2918324620939041,4.747932338604711,0.11120619360790371,1.2651355577224313e-06,0.0020191563501250004,5.897862594595305,0.0008760243432300936,0.00022368180765589468,0.3071151219115434,3.6503693342833974,0.11631383900301813,0.0019165487051908611,60.984579799173204,2.7174801393310277,1.7922836614164668,Olf,0.0459843733601647,0.08241704105389783,0.11522162889807504,0.40758198608934726,0.596729843558464,0.29564578081194454,0.11522162889807504,0.11760696968617222,1.5893355566980285,-0.9902805773613059,-0.9994654112851832,-0.8938338606722622
S-AN_ORN49a,0.0033039474366679577,41.35881401220949,2.4809668704655605,1.6269437919651086,1.7473632283532105e-05,0.28539683608692984,4.7576167830004525,0.10903722659065732,1.1867092479468678e-06,0.0018939879597232013,5.925655307228284,0.0008217705533537668,0.00021962146996582616,0.30154027826307933,3.6583252039935497,0.11445761259640662,0.0013531802520933781,43.05819562161129,2.86864434848024,1.6440267068950063,Olf,0.060462942498752004,0.09940269224540538,0.1351122634961207,0.4088422712635381,0.6003466482248517,0.2966811179189353,0.1351122634961207,0.13815706716637377,1.579078970199975,-0.9865389640560628,-0.9992898509513406,-0.8523774793849257
S-AN_ORN59a,0.0036625353944161505,45.84761806730137,2.4362181695157483,1.6706875144014914,1.5452015472708916e-05,0.2523777687157547,4.811014837544899,0.0977353497387403,1.0708153277387218e-06,0.0017090212630710001,5.970285015340198,0.0007415849920920024,0.00019990240316964422,0.2744659995519215,3.6991819827136423,0.10532825376844923,0.0014961425789831373,47.60725686324343,2.8250270169332596,1.6867011124801785,Olf,0.05081126563902221,0.08570341827986463,0.12928889128530519,0.41579122710684846,0.6061545353026737,0.3019980148292807,0.12928889128530519,0.13188773836064738,1.5859852234659049,-0.989233039398263,-0.9994203945482321,-0.8784629934839449
S-AN_ORN63a,0.003876264956975965,48.52308473142513,2.411586544868416,1.6948076885183552,2.234725434349363e-05,0.3649977051922814,4.650775808656054,0.1351319212499126,1.5583900195188582e-06,0.0024871904711520976,5.8073235631506765,0.0010788320221587976,0.0002929619290813291,0.4022367286286649,3.533188811829552,0.14682133835129005,0.0015900774584584475,50.5962647281478,2.7985817188267292,1.712618262350629,Olf,0.0660427857851294,0.11310608103212313,0.1260834548048275,0.39493852103687954,0.5849475466756978,0.28039649348912604,0.1260834548048275,0.12935661266282295,1.5749512232946552,-0.9853498016545089,-0.999206393199276,-0.8324235252666892
S-AN_ORN67b,0.004911486135002491,61.481983437961176,2.308787077529072,1.795754807400765,3.460203591426151e-05,0.5651550525876333,4.460898334889711,0.19455736753591749,2.442567484143993e-06,0.003898337704693813,5.61215325079491,0.0016897351104509764,0.00031471198976892374,0.43209956195273225,3.5020867098177275,0.15597321189894112,0.0020154027684435973,64.13011609187527,2.695638148993286,1.8137818522876383,Olf,0.06741468257216852,0.122275527827131,0.1127056460934198,0.37022881593435814,0.5595490580218384,0.2763490214349821,0.1127056460934198,0.11619447060688344,1.5738853452378578,-0.9821045877190322,-0.999018711937817,-0.8579844581198838
S-AN_ORN74a,0.005444362390057102,68.1525283987348,2.2640529747254416,1.839808063686749,3.958523778117151e-05,0.6465456886798744,4.402466731019017,0.2165737861054776,2.6612897032724836e-06,0.0042474183664228836,5.574907683159464,0.0018407239579455795,0.0003222293575338181,0.4424209078939323,3.491834893251455,0.15909200885934974,0.002233499227216519,71.06994541002963,2.6510141932621516,1.8577541930996548,Olf,0.06649476955153337,0.12353093695355637,0.10688417361236176,0.3626248191480468,0.5547021060670192,0.275014901283218,0.10688417361236176,0.1103736969052134,1.574500883913703,-0.9815267605749433,-0.999035256540072,-0.8687928696318338
S-AN_ORN82a,0.0033875071457811403,42.40481445088831,2.4701197798653345,1.6375379040168756,3.439429882761488e-05,0.5617620827514338,4.463513527153421,0.19361487460011473,1.7034803563314783e-06,0.0027187546487050396,5.768662615184844,0.0011791379734846805,0.00021418022502210166,0.2940694489553456,3.6692206274626185,0.11195758428378774,0.0013951892351898977,44.39492146374255,2.8553668829572105,1.6570072690764364,Olf,0.0797711618958965,0.13218139512417373,0.133700677357779,0.37056914398033897,0.5799164042011818,0.2980989938551776,0.133700677357779,0.13792183300945518,1.56388784250142,-0.9743097077884219,-0.9990116071339659,-0.8604131569562524
S-AN_ORN83a,0.0035809143688501463,44.82588606926613,2.44600606411689,1.6611108710433657,4.1102698606997515e-05,0.6713303763480905,4.386129652919081,0.2230623065318671,2.2714249862079015e-06,0.0036251942779878107,5.64370140998525,0.0015715549926803736,0.0003307779059206268,0.45415806482902066,3.4804635052346082,0.16261161625616555,0.001481867888245122,47.15303620395978,2.8291905126382697,1.6826236759891846,Olf,0.09548941491495071,0.16067275034225084,0.1305626389520052,0.36049879348487074,0.5636545777270352,0.2735350857004154,0.1305626389520052,0.13536875925958894,1.551527562384251,-0.9710971648583199,-0.9987592668240906,-0.7970499636663653
S-AN_ORN85c,0.004310782581436624,53.962376354423654,2.365443880562757,1.7400655016224968,2.7038681934861486e-05,0.44162279204209265,4.568014466874365,0.15885163988073164,1.8438475221059937e-06,0.002942780645281166,5.734274760460093,0.0012761565908419612,0.0003254663952069923,0.44686536061920046,3.487493844869205,0.16042811932865775,0.0017694054783207137,56.30248232016511,2.752172632182075,1.7581734358347403,Olf,0.06827767434912396,0.12004399330120478,0.12007867917230283,0.3841683738006095,0.575441340716808,0.2744499789507607,0.12007867917230283,0.12348685184994888,1.5732882613534256,-0.9840712528823408,-0.9991562165672856,-0.8327042974799072
S-AN_ORN94a-94b,0.0038721752082131683,48.47188925641244,2.4120449998468807,1.6943584957284004,2.800813976732694e-05,0.4574569468197509,4.552715719498105,0.1635957345907271,1.7077848740932968e-06,0.0027256246590529015,5.767566583020168,0.0011821134811730784,0.00027808584659697565,0.3818118673776476,3.555821112778905,0.1404489182034944,0.0015906075686622717,50.613132834833486,2.7984369550815957,1.712760220852315,Olf,0.07106872299670967,0.12172368169553645,0.12614311584358023,0.38217747130645396,0.5797737720551203,0.28334174797959916,0.12614311584358023,0.12976038163876502,1.5711350540648328,-0.9816465406053797,-0.9991306859030856,-0.8410007459916263
S-AN_ThermoCool,2.757774137149086e-06,0.03452181664883226,5.559441148122672,0.014739653774392356,5.822293663306289e-07,0.00950955224027816,6.234905147598836,0.004110432705725982,9.039099808403285e-07,0.0014426403294211642,6.043874337703236,0.0006260792393639975,0.04182825598167335,57.43019546283752,1.3785302428277186,1.7666373391305612,0.0018539927885076676,58.994050530313984,2.731891959233119,1.7781081845508697,Thermo,0.005015196406117893,0.008917561776848333,0.5357295144935291,0.601089193010201,0.615731081789292,0.0,0.0,0.0004366843200944408,-0.9984288640991061,-0.9996726495461733,-0.9996052211125189,19.51970562547186
S-AN_ThermoWarm,0.0005152885519853751,6.450382093752925,3.287949505182054,0.8721785461648344,3.3709781148829816e-05,0.5505818555038374,4.472244054119989,0.1904946976647892,1.6922678982937242e-06,0.002700859565676784,5.771530627250587,0.0011713872406629708,0.03508846660712104,48.17646465157719,1.4548356103591886,1.6917573036320508,0.0017791535697378783,56.61266658905929,2.749786563413818,1.7605179769122183,Thermo,0.29999200349232,0.5281413150781424,0.24012894889419065,0.37170529110961337,0.5802896329521721,0.009929999025383862,0.009929999025383862,0.04047720095444898,-0.694221549996878,-0.9802586842508134,-0.9992301623125003,16.92945473461571
S-LNa_AVp,4.77517993556267e-06,0.0597757024333735,5.321010167990662,0.02521395818635445,0.0019554876765664245,31.938980221359408,2.7087449163939095,1.517710149445391,2.0007050765316923e-06,0.003193125302144581,5.69881670882326,0.0013845473566837499,3.847458666911091e-06,0.005282560749668928,5.414825924200776,0.002288148648756332,0.00098096074456128,31.21417089193993,3.008348371139135,1.5080469582281024,Gust,0.011700794391073658,0.017645347390311074,0.504701298826319,0.142212330320674,0.5708270071569761,0.5252633396420706,0.142212330320674,0.14299528286147925,-0.9951148182638507,0.9742850083333682,-0.9984309104709128,-0.996610690252576
S-LNa_VM,3.010803016887494e-08,0.00037689232165397655,7.521303233165067,0.0001636514180214502,0.00010125336870843318,1.6537712711148393,3.994590514568344,0.4238634882445312,4.424430183234389e-09,7.061390572442084e-06,8.354044506407016,3.066712132584315e-06,2.0153705778867476e-08,2.7671038034385045e-05,7.695623537354491,1.2017212863295582e-05,5.069252364450628e-05,1.6130361023681896,4.295056079029619,0.41714541009126554,Gust,0.0017286713777835132,0.0007211073307985367,0.791036437487826,0.3095458476043733,0.9163650773498069,0.822074937677734,0.3095458476043733,0.3096667153185777,-0.9994040114524507,0.9780115902689169,-0.9999328591739015,-0.9996564762075622
S-LNad_ACp,4.7217100481789385e-05,0.5910636638310396,4.325900676492808,0.20168755758331816,0.0042635152787131245,69.63599504722146,2.3702321762403846,1.8490260674353147,3.6631903327636476e-06,0.005846451771090781,5.4361403970347855,0.002531688236610904,2.4420612606966077e-05,0.033529501109364424,4.612243427910733,0.01432287766011372,0.002154313559310373,68.55025745725607,2.6666910848812404,1.8422987419780823,Gust,0.038631811389754106,0.07117133752367855,0.37520272486756573,0.09815997478463397,0.5366436252477645,0.4208192662593768,0.09815997478463397,0.10068083815752624,-0.9779965646075692,0.9607525234317801,-0.9986913475275181,-0.9902007227592319
S-LNad_ACpl,1.3024892031131174e-06,0.016304559844570004,5.88522553463106,0.007023874128215761,0.00015007040744494457,2.4510999647982796,3.823704935445213,0.5379575392774337,2.8599435414872125e-07,0.0004564469892213592,6.543641021709985,0.00019818718116928333,1.5904644016796976e-06,0.002183707623506225,5.798475773914696,0.0009473381922069448,7.572434201583728e-05,2.409548562943942,4.120764485916325,0.5326968805757479,Gust,0.03504663451865958,0.018669232882768286,0.5781254657243434,0.2873076527166413,0.6807682193544787,0.5751896129435747,0.2873076527166413,0.2895545352951665,-0.9827333367566011,0.9633292167048289,-0.9970935328995638,-0.9818446530790949
S-LNp_VM,3.035284114599668e-07,0.003799568654655864,6.517799220187088,0.0016470047242579334,0.0015962300416955573,26.07122527101354,2.796904519580604,1.4325079128225011,9.524409659646438e-08,0.00015200957816795713,7.021157373404711,6.601190390105709e-05,2.3314221055293438e-07,0.00032010425508917893,6.632377227270734,0.00013899726599749616,0.0007990813954979146,25.42677000474364,3.097408980073486,1.4220440850068825,Gust,0.0011975109836137642,0.001702913410978727,0.660445442473872,0.15368498030641792,0.7429098099179197,0.6837093788129486,0.15368498030641792,0.153768764023149,-0.9996188412852423,0.9781798005471775,-0.9999083107742301,-0.999747899469944
S-MNa_ACp,0.00022817954977186325,2.856351604044184,3.64172327922052,0.5861766239690638,0.024213704970937965,395.4824432903298,1.6159387534843057,2.598223961008112,1.0048442797590487e-05,0.016037314704954418,4.997901192218709,0.006909658019624125,0.00022881260455807304,0.3141597060582343,3.640520053421362,0.11864814699325879,0.012222244216347542,388.9118109641788,1.9128490427249485,2.5909663907634646,Gust,0.035622198788872385,0.09229591982706334,0.28616729907918265,0.0,0.4796133662045342,0.29436404464416577,0.0,0.0023015671511647916,-0.9812585427367467,0.9626897994937609,-0.9993672981917386,-0.9838172287660685
S-MNa_ACpl,8.691551015705586e-05,1.0880083561460252,4.060902711367405,0.31973223236702863,0.00520200786430622,84.9643944477135,2.2838289954972186,1.934318608257422,1.6296539469954988e-06,0.002600927699404816,5.787904340675393,0.001128102126771621,5.288008244801305e-05,0.07260435320112192,4.276707868178562,0.03043955522950074,0.0026412396316144613,84.04424507797216,2.5781921946276256,1.9296449303478458,Gust,0.05404213932837449,0.10428214018014977,0.34071721460069365,0.08691589683407756,0.5824204261533604,0.3771543460983154,0.08691589683407756,0.09038167636176994,-0.9669558950093371,0.9517828382613355,-0.9995250304378918,-0.9826884822483294
S-MNa_AVp,1.0961604499956034e-06,0.013721736513044962,5.960125475342251,0.005918758861592759,0.0010311636900120237,16.84199654896638,2.9866723876161942,1.2514434510312884,4.557169660651911e-07,0.000727324277840045,6.341303849606779,0.00031575810506696074,8.459264862225529e-07,0.0011614570655835651,6.072666863536799,0.0005041216933372274,0.0005166207069215327,16.43887089424317,3.286828189808445,1.24151836246157,Gust,0.0056335697604269165,0.006994180303778245,0.587872569530071,0.1783804218671367,0.6544370714053502,0.6108714704694365,0.1783804218671367,0.17876407719090914,-0.9978707958778914,0.9766717801579274,-0.9993214028378957,-0.9985851118468386
S-MNp2_ACpl,2.2486903496713152e-07,0.002814910579718552,6.648068412574383,0.0012207827396608579,0.0003110322184104815,5.080089223298395,3.507194620659934,0.7839099524473785,1.959224895392333e-08,3.126922933046163e-05,7.707893543292242,1.3579841437121622e-05,1.2630495800208902e-07,0.00017341670733686822,6.898576162774827,7.530738947517172e-05,0.00015577499189076203,4.956760241964048,3.807502259893473,0.7750101202117385,Gust,0.0037302526487899435,0.00289098355375885,0.6773980238621982,0.24611858281214816,0.832278221581314,0.7183511773603927,0.24611858281214816,0.2463771322332957,-0.9985514304705027,0.977328597844231,-0.999903246270986,-0.9992993898709376
S-MNp2_VM,8.628384653779172e-07,0.010801011909600769,6.064069998938204,0.0046656680188860425,0.0015568884672779446,25.42865933605067,2.807742498123197,1.4220751329492305,3.2710782306538466e-07,0.0005220640856123538,6.485307741546275,0.00022667038849365445,6.842273422722342e-07,0.0009394441409397775,6.164798940327072,0.00040780388196110364,0.0007796479814749623,24.8083987705333,3.108101440612843,1.411761060464299,Gust,0.0031571266925269252,0.0044571085274619565,0.6013993901377579,0.15509538064713702,0.6731770179238036,0.6228610783087106,0.15509538064713702,0.15531276453413437,-0.9988894560494815,0.9775502800853785,-0.999677246570081,-0.9992416791443905
S-MNp_VM,1.502756510742886e-06,0.018811506001479447,5.823111092761416,0.008093841046911538,0.0033244256756768736,54.29784456083038,2.4782833720132147,1.742708203391839,3.3219219136900553e-07,0.0005301787374249328,6.478609273092249,0.00023019268384350238,1.203244543363047e-06,0.0016520547580374636,5.9196457382077785,0.0007168862604532518,0.001664615808983006,52.96807504183924,2.778685984894845,1.732136927725834,Gust,0.002578711321568977,0.004466681106034313,0.5700422028139926,0.11222121717722523,0.6723053127296361,0.5909580662812758,0.11222121717722523,0.1123997951198021,-0.9990941062941233,0.9777392447857066,-0.9998464846705041,-0.9993754188838659
S-PNa_ACa,2.582305778314059e-05,0.32325303732935395,4.587992316137767,0.12164289952245098,0.0059598299789060125,97.3419030454719,2.2247661294949728,1.9927386082062317,1.881160694083424e-05,0.030023324677571447,4.725574081111721,0.012847059330480103,2.3826188613600133e-05,0.032713356966472984,4.622945406336048,0.013979794159795032,0.002995459008696493,95.31550565672242,2.5235366189827886,1.9836962090256236,Gust,0.02019560893207571,0.04006195287752261,0.4093100204672147,0.07922975075009735,0.44417407752326654,0.42221196822479534,0.07922975075009735,0.08054847755191691,-0.9913477665537116,0.970689546006047,-0.9951680757080092,-0.9931258112964391
S-PNa_ACp,9.538453851964887e-05,1.1940236531889645,4.020522012564555,0.341241305277924,0.013543159259437047,221.2004201843853,1.8682800144299834,2.3467448758631178,1.172655776462405e-05,0.018715586192339984,4.930829415744663,0.00805295084819481,5.106234422132175e-05,0.07010859861587476,4.291899242542168,0.029427853747226028,0.0068200029130747845,217.01249269403965,2.166215439776611,2.3384813805432954,Gust,0.026786851777822515,0.06264055412581102,0.33546227235051385,0.03283843006484818,0.47088498055403116,0.37913127560543863,0.03283843006484818,0.034608524657992364,-0.9859615317621359,0.9670957822199138,-0.9986769204542307,-0.9935287406914343
S-PNa_AVa,3.1963983829392696e-06,0.04001251495763378,5.495338961845482,0.017038565399106764,0.0008080591737153239,13.198030484292385,3.0925568343846668,1.152228104303683,1.3327067489617617e-06,0.002126999971342972,5.875265077089343,0.0009227633392866966,2.4910601739899897e-06,0.003420225618888256,5.603615607188475,0.0014828507142050583,0.00040591883923235224,12.916337464373449,3.391560790961449,1.1435249516319055,Gust,0.0176734536315841,0.020210035209225933,0.5273875764641375,0.1921596943774304,0.5937891156114063,0.5498314850913043,0.1921596943774304,0.19332938434610444,-0.9920969584764717,0.9716975977273393,-0.9974739518565968,-0.9946964838815465
S-PNa_AVp,1.9132418850950227e-05,0.23949961917619494,4.718230097330168,0.09324639767124439,0.004228656031434547,69.06663896142044,2.373797639821422,1.8455112852469957,8.402731761625993e-06,0.013410759891555084,5.075579448428296,0.005785511101998464,1.521595858524754e-05,0.020891511137544873,4.817700653924491,0.008979592608253296,0.0021253560590719705,67.6288297996701,2.6725683023332953,1.8365065937343437,Gust,0.01992013761378918,0.03658346407581935,0.4262585141596843,0.09862396638876507,0.4897220260984348,0.44755644242504133,0.09862396638876507,0.09993637509549524,-0.990965120231302,0.9706914775087278,-0.9969580878891496,-0.9938127433935843
S-PNa_VM,5.764759246128994e-07,0.007216325624304275,6.239218072088025,0.0031227564873041375,0.000327760701777439,5.353315542130911,3.4844431178490423,0.8030004254286278,2.474298772488144e-07,0.0003948980840891078,6.606546105102911,0.00017146820482913218,4.523556250099192e-07,0.0006210842731386191,6.344519044820742,0.00026964974367881786,0.00016431606440603136,5.228537169399917,3.784319972924666,0.7943860604866589,Gust,0.008787895916908001,0.0069809820173993425,0.624192284686864,0.24315781598738978,0.6889543723996865,0.6462489541580473,0.24315781598738978,0.24375019465514505,-0.9964792913721533,0.975466054572229,-0.9988415568721042,-0.9976211052923893
S-PNm_ACa,1.9986031074460918e-05,0.25018513699010175,4.699273419949787,0.09697433142364476,0.006707271877904806,109.54987158181919,2.1734540891990863,2.0435582424250023,9.79976710244667e-06,0.015640428295504886,5.0087842011462165,0.006739979949021942,1.8952583436362425e-05,0.026021897058125607,4.722331559842608,0.011156629460042868,0.0033665324531038424,107.12306265776427,2.47281719448275,2.0339183388813757,Gust,0.014247361681951416,0.02897797020559679,0.4237915869434034,0.07255225837161598,0.4810296265744069,0.4351455853396041,0.07255225837161598,0.07349633488146481,-0.9940420297077133,0.9732470694931414,-0.9977604477728242,-0.9951349589895441
S-PNm_AVa,0.00017588855284097959,2.2017729044633825,3.7547624218583153,0.5053905250111315,0.014612128870641075,238.6599008441807,1.8352865061839243,2.3795953752980723,8.182049254683604e-05,0.1305855061047503,4.087137905135604,0.05330341358555754,0.00014194230388239325,0.19488678323052594,3.8478881469049506,0.07732675737821942,0.007395178976122288,235.3145950202112,2.1310513108035325,2.3734905449120975,Gust,0.045532586114781365,0.10807116262882943,0.3008776479384631,0.028544819859874837,0.3610911855812544,0.3213498915485595,0.028544819859874837,0.03144756417011705,-0.9761206493356769,0.9577724468365253,-0.9914842933951364,-0.9834063051418679
S-PNp_ACp,9.136204799382655e-06,0.11436701167867208,5.039234126203129,0.04702824729784186,0.0018368628271468943,30.001480555790224,2.735923274398162,1.4913824351844533,4.752278354307051e-08,7.584636253474053e-05,7.323088990870584,3.293840760787171e-05,4.9110877992147426e-05,0.06742923548321841,4.308822292746363,0.028339093385276664,0.0009252530112137346,29.441550816821035,3.033739492360196,1.4834667733952442,Gust,0.029432760883450093,0.04366252281988547,0.46803237354825455,0.14574918594727795,0.7822016810426105,0.38133355674856895,0.14574918594727795,0.14749823325540914,-0.9900885442935661,0.9665822923819837,-0.9999604772346589,-0.954122934755591
S-PNp_ACpl,2.5919922328301253e-07,0.003244655877056751,6.586364628686713,0.001406854995174652,0.0004313831596645598,7.0457811468012554,3.365136811883444,0.9055682151567895,2.516445113196326e-07,0.0004016246400661336,6.599210811845426,0.00017438834799202193,2.2976936888017198e-07,0.00031547334347247613,6.63870597852661,0.00013698672556344284,0.00021604327300088982,6.874496946888314,3.6654592498793357,0.8962228189481378,Gust,0.0036811634066353342,0.0032991426453034493,0.669368201928448,0.2276318898266654,0.6879997940095399,0.6845329708594299,0.2276318898266654,0.22788187306027555,-0.9987960747754777,0.9773920560379401,-0.999103960924282,-0.9990810237878414
S-PNp_VM,8.370386377528325e-08,0.0010478049667389955,7.077249306052185,0.00045481767664538164,0.0006221507963701306,10.161588957113342,3.2061043379325285,1.0477260249048415,1.4469393423530127e-08,2.309315190395408e-05,7.839519661047828,1.0029112640131548e-05,6.119342685488416e-08,8.401857507175594e-05,7.213288128448931,3.648727074821783e-05,0.0003114356029449812,9.909880885709303,3.5066317395105187,1.037820008978666,Gust,0.0008557905352970923,0.0008881565410258857,0.7332494795568489,0.20693619878388675,0.8494073864528283,0.7593062191027923,0.20693619878388675,0.20699648955809163,-0.9997303045464724,0.9782790770857879,-0.9999642601854819,-0.999830222844033
S-PaN_VM,9.891550100408828e-08,0.001238224241569177,7.004731254436628,0.0005374213000535137,0.0002423213524510917,3.9578346495836807,3.6156083139790174,0.6952920383715229,3.054924686475201e-08,4.875659799614421e-05,7.514985276041185,2.1174205279159967e-05,7.883814374553047e-08,0.00010824477136261334,7.103258101143109,4.700756278207017e-05,0.0001213314726075809,3.860767458373224,3.9160265277312267,0.6867048446990994,Gust,0.002382391331566476,0.0016359996693558374,0.7238123428892583,0.2602269988230241,0.8071741041677986,0.744987461468093,0.2602269988230241,0.2603919709759359,-0.9991819257280837,0.977806697362881,-0.9998063120584405,-0.9994385499875845
TRdc_Tdor|Tdor*,0.0002548246167799019,3.189894552850812,3.5937586185285144,0.6222030932070391,0.0020406715806829054,33.33028892729389,2.6902268834463277,1.5356774585088082,1.5103118510673096e-05,0.02410457714303426,4.820933341028148,0.010344307183919193,0.00016748977850986177,0.2299634658940402,3.776011689151882,0.08989221160503796,0.0011325245932344128,36.03693255671901,2.9459523579470828,1.5686350107081939,Gust,0.24362071817243872,0.38215198785916127,0.2799254179464032,0.13980248609778004,0.4565836548395794,0.31199624869844594,0.13980248609778004,0.15324155031079592,-0.7730988831523276,0.793214124582444,-0.9896905488053771,-0.8715808255474393
TRdc_Tin|Tin*,0.00020897541124366813,2.6159541979482377,3.6799048093677555,0.558222920778901,0.0041606046191625095,67.95515524478127,2.380843552998264,1.8385667405723016,8.394303939720534e-05,0.13397309087793974,4.076015304795532,0.054602748893852186,0.00016363537045789662,0.22467136363869206,3.786122813326217,0.08801956289938175,0.0021784268935113667,69.31754375153169,2.6618570099045136,1.8470636920744368,Gust,0.13909695871412958,0.2569209421188457,0.2911360525157394,0.09954088630203498,0.35964374598283955,0.3133120598457453,0.09954088630203498,0.10777550143031665,-0.9035269894174144,0.8955309099040675,-0.9702923023278006,-0.9349519714426027
TRdc_Tv,2.9992027293001626e-05,0.3754401976537943,4.522994162894299,0.13844171257843632,0.00047799593972114155,7.807107683465404,3.3205757915257355,0.9448333064430133,1.164243594337164e-05,0.018581327765621138,4.933956105572161,0.007995710596606542,2.3722171209638525e-05,0.032570541070833695,4.624845545684409,0.013919730596076697,0.00025300867319458264,8.05073598105162,3.596864589139342,0.9566838962784996,Gust,0.16366218784360062,0.15657297953967952,0.40085148577641194,0.22183294142975657,0.47129187233562087,0.4224592428594341,0.22183294142975657,0.2313524217852579,-0.8807248716337682,0.8759966496377597,-0.9645054569403634,-0.9187646945650182
TRdc_Tven|Tven*,0.0002939566568902544,3.679749430952204,3.5317166989304076,0.6702226001536004,0.004000491922831719,65.34003457561047,2.3978866020045637,1.8217756935324676,0.00010452764760665122,0.16682612558021534,3.9807688191310047,0.06700614453977112,0.00023684159443140162,0.3251835091543144,3.6255420220507695,0.12227602279712055,0.002136912980829515,67.99657104999518,2.6702131625718777,1.838827507968136,Gust,0.18272840104494295,0.3360060103284746,0.27185159272187936,0.10175878348931118,0.3472488445438297,0.29241487852749887,0.10175878348931118,0.11224407315862901,-0.8615273828090512,0.8597637563423026,-0.9622527393277039,-0.90393064191845
TRdc_T|T*,0.0003611907436863028,4.521385729465139,3.442263386772612,0.742048088441808,0.004027483952728058,65.78089539990737,2.3949661812181775,1.8246522377886107,0.00016356449916306938,0.2610489406642587,3.7863109491747893,0.10073194164681805,0.00028226344184240223,0.38754770564961827,3.5493453655650753,0.14224792364640398,0.002182619105655362,69.4509399419536,2.6610220473008526,1.8478867917517003,Gust,0.21256142671766276,0.39278945286746597,0.2602105859188137,0.10137873452944521,0.3219430695818381,0.2824990266140879,0.10137873452944521,0.11330122136024126,-0.8333067802496454,0.8343361407359626,-0.9421312590081075,-0.887828567069826
TRdl-a/b_S-V|VL*,1.06484205499658e-05,0.13329692844447188,4.9727147643327685,0.0543437117082249,9.497924975864754e-06,0.15512960863079903,5.022371219508553,0.06263071596426292,1.4735973656974179e-05,0.023518613956530786,4.831621134049081,0.010095745254605631,1.0861773125016797e-05,0.014913214500648062,4.9640992327787785,0.006428907200076442,1.0291456785427515e-05,0.32747415491230353,4.987523103048553,0.12302607439513681,Gust,0.757211707172497,0.09315678381947216,0.459375876372359,0.44329608993372843,0.45797451078739465,0.4666080215258314,0.44329608993372843,0.45197342051710415,0.06675499767137302,-0.060986130571424615,0.13170175690378982,-0.06302817844644601
TRdl-a/b_S|V,1.7485162087307714e-05,0.21887925900891797,4.75733031259194,0.0859606869610669,2.022200719652052e-05,0.3302860435407697,4.694175717916107,0.12394503478247698,1.6004691982916265e-05,0.02554348840473436,4.795752652485434,0.010954081451092305,1.8181875313997317e-05,0.024963714806118316,4.74036130093981,0.010708491012836137,1.8810008016910172e-05,0.5985344550980817,4.725610996262838,0.2037220015696739,Gust,0.6947544257223532,0.14153676220754713,0.43134682068388225,0.4005863682407652,0.4533067659289203,0.43749188570241015,0.4005863682407652,0.41559587197884756,-0.04523910897421612,0.08971517810498651,-0.3300445240059922,-0.1451105741610619
TRdl-a/b_T-V|S,0.001022608916308395,12.801018414348489,2.990290424477716,1.1399111353441704,0.0014498691040387443,23.68071207626481,2.8386712043342612,1.3923576856015314,0.0009187075534050062,1.46625725523439,3.036822712466678,0.39203837586942175,0.0009538533613122873,1.3096406650817705,3.0205183850794355,0.3635444174197483,0.0012280921143212656,39.077891077702674,2.910769056911988,1.6029048606283138,Gust,0.6539347464074015,1.0481951835501675,0.20139308434217576,0.15912028783869975,0.2244084176849214,0.21368012735836564,0.15912028783869975,0.1771630951533827,-0.14704796217058447,0.19345929786844432,-0.41255665867736413,-0.31491736083483474
TRdl-a/b_Tant|Tpos-S,0.0010003359197351051,12.522205043244046,2.9998541359763906,1.131047517051533,0.0019410287777066365,31.702823026282495,2.7119680254870446,1.5145852441531846,0.00014639360336815566,0.2336441909755764,3.8344778962850787,0.09118991806185701,0.000578882088890448,0.7948051080465852,3.237409886919764,0.2540172968724521,0.001408751740349551,44.826480377922714,2.8511655341167095,1.6611165033031776,Gust,0.507110753221868,0.8423700411793501,0.20263765794077254,0.14263176962342475,0.32821127525771837,0.241905303011969,0.14263176962342475,0.16193788205944923,-0.2761759605796927,0.38606275665600653,-0.9187949754030318,-0.6393187525752944
TRdl-a/b_Tdl-Tin|Tdm,0.0011391558876723098,14.259953401881974,2.9434168404883922,1.1835532074500266,0.0057976230671328765,94.69257755548128,2.2367500236742397,1.9808782528059894,0.00030479195202749097,0.4864479554358756,3.5159965032179024,0.17214970798246487,0.0007870323920203982,1.080595474244007,3.1040073923925284,0.31818764946613226,0.003412462373573157,108.58455272709786,2.466932128406965,2.039749339383811,Gust,0.3359779314860316,0.6853107637961723,0.19529319047640978,0.0807892748225205,0.2867656990804506,0.22454496934877166,0.0807892748225205,0.09787547041620265,-0.6624927927663908,0.6951715277539786,-0.9307727547754386,-0.7992115112958814
TRdl-c_Tdl,4.3473531776525486e-05,0.544201670778546,4.361775066434195,0.18870401801190775,0.00011445700509674057,1.8694262642450639,3.941357618314666,0.45779506914468376,2.9087975617110786e-06,0.004642440908490881,5.536286353199977,0.002011520890058674,3.7922330774985236e-05,0.052067360154054734,4.4211049665376985,0.02204354704839176,7.667785976453508e-05,2.4398894977075063,4.115330012005734,0.5365444916102864,Gust,0.4597343763830909,0.24666794725223756,0.3798712386127789,0.3026183846352791,0.5496761192817703,0.3959454625343004,0.3026183846352791,0.3220681048156231,-0.42375431418479276,0.4972313847625821,-0.9704423485558802,-0.5671632803112387
TRdl-c_Tdl-Tdm,0.00040716572883961255,5.09690059361427,3.3902287826552864,0.7851091141630172,0.0028752033774558493,46.96069676398639,2.5413314299249072,1.6808854838212315,0.00014670908862793514,0.23414770545018448,3.83354297782023,0.09136714010495708,0.00027826493082878836,0.3820577500279264,3.5555415219192006,0.1405261906463196,0.0016234118325183038,51.656964510732436,2.7895712926593097,1.7214558199383816,Gust,0.2799922137652247,0.4819942259235775,0.2534390626972241,0.12042597621147336,0.3280896096430297,0.2833053634229921,0.12042597621147336,0.1354013099223157,-0.7468863079999212,0.7639114248063094,-0.9300842366019328,-0.8510470151098695
TRdl-c_Tmed|Tmed*,3.604861363546871e-05,0.45125654548879734,4.443111420756818,0.16174419151545402,0.0009597494863335069,15.675588360285166,3.0178421111962708,1.2220811659539488,6.503930099159919e-06,0.01038027243825923,5.186824068184767,0.004484858078900063,2.170239079004355e-05,0.029797382554729798,4.66349240053043,0.01275178364242759,0.000496229366724891,15.79001844918603,3.304317536993577,1.2250511733492033,Gust,0.105420631782868,0.12914566866081675,0.3904559451056586,0.18243669385408431,0.5041988447220443,0.4274885513257994,0.18243669385408431,0.1889012070970823,-0.9269874328268137,0.9183626967401662,-0.9899014602417888,-0.9621502563113904
TRdl-d_V|IC-V-IC*-V*,0.0004527667062759357,5.667733629162163,3.344125515074926,0.8239782417714877,0.0005626973300402133,9.190535491546804,3.249725144766492,1.0081970058821355,0.0005401429703671348,0.8620681807059472,3.2674912708112616,0.269995578880692,0.0004940052869399299,0.6782692589685237,3.3062684022689828,0.2248616396292005,0.0005140923603503674,16.358418906348692,3.288958849056581,1.239510164877371,Gust,0.7056984061457844,0.8747203477554591,0.24743941395755736,0.21261279249361592,0.2544264705906196,0.2508662059265002,0.21261279249361592,0.22843001260276377,-0.09592047520182587,0.10884485322296618,-0.17317320877102935,-0.15060429989746393
TRdl-e_A-T|SLP-SLP*,0.0025864771715018078,32.377521232859635,2.5872913501952617,1.5234540808494157,0.0008266023419347206,13.500896050819794,3.0827033680814355,1.161394839331731,6.018290080701286e-05,0.09605190968799251,4.220526875944715,0.039831123087395164,0.0005552623854169488,0.7623752551774707,3.2555017447245014,0.24609838642634502,0.0014862268041175184,47.291736907019434,2.8279149101616965,1.6838728259339661,Olf,0.4997914163368624,0.8415851846046919,0.1489487996959489,0.19087741353726034,0.3784497593353899,0.24425968693252786,0.1489487996959489,0.16308712101930245,0.8121258640742357,-0.42846856570995034,-0.9676758964955924,-0.6650158369733787
TRdl-e_Tdm-Tdm*|Tv,0.00020857710430925952,2.6109681917433107,3.680733364095191,0.5576236628352448,0.0018201052082557324,29.72777836644088,2.739903507356353,1.4875311616857951,5.407233684428271e-05,0.08629944960347521,4.267024853081626,0.03594955949227188,0.00014950721304557739,0.20527340351157775,3.825337851188396,0.08108557319155514,0.0010046452080391447,31.96781051980559,2.9979872824829994,1.5180901054464233,Gust,0.24131980264168568,0.3663452046386267,0.2912438764854295,0.14626715356442277,0.38450077360331036,0.3184153088090797,0.14626715356442277,0.15958073700305284,-0.7906926858807888,0.8025115000967906,-0.9584025630336496,-0.8708107941638662
TRdl-e_Tdm|T,0.0007897380581390332,9.885941011784418,3.1025169319175676,1.0368659766533006,0.004552959181047372,74.36348230404673,2.3417062431886366,1.8771609575991914,0.0003710107024630672,0.5921330811310552,3.4306135610375312,0.20197936615622972,0.0006202175910090043,0.8515587524553629,3.2074559194852097,0.2675374973535044,0.0026443399372626302,84.14289680369689,2.5776827156682898,1.9301484220269172,Gust,0.3263432044721147,0.6298908211510598,0.21599768091974098,0.09444775247884139,0.2756543898755533,0.2380072434513643,0.09444775247884139,0.11114901495035477,-0.6982298819645468,0.7169225425675084,-0.8913190901952349,-0.7959279361568186
TRdl-e_T|Tin*,0.00014998641416085338,1.8775299324655628,3.823948074863355,0.45901984991677713,0.0015648243489534593,25.558276091456847,2.805534404524685,1.4241998813787449,5.399668034322372e-05,0.08617870182778506,4.2676329312624945,0.035901282741867026,0.00011989798615548273,0.16461993499147778,3.921188107765242,0.06618421972589443,0.0008518890102628888,27.107108306565124,3.0696169837966103,1.4488161671619972,Gust,0.21984116792032024,0.3185094382907354,0.30988112291192754,0.1548080303860674,0.3845799058575504,0.33088878197593574,0.1548080303860674,0.16708625015794873,-0.8226131920243287,0.8264120870166585,-0.9510435272739464,-0.8778966450788188
TRdm_S-S*|V-S-N,0.00038455562602980625,4.813867326641114,3.4150408294263794,0.764465116879697,0.00038791486345456186,6.335813464803358,3.411263578412559,0.8654482795544741,0.00042676356927893387,0.6811146565691786,3.369812660245902,0.22559733450859798,0.00041259083848898945,0.5664872212453825,3.384480418640006,0.19492685643747995,0.0003896412343504273,12.398384077030597,3.4093350884014604,1.127052423085192,Gust,0.7291330659136852,0.8217711886895539,0.25666797841082867,0.23363459660203498,0.26774206463376293,0.261044326699161,0.23363459660203498,0.24570482249878636,0.015714755967124724,0.011143498327178057,-0.1358809223418236,-0.061620558964839825
TRdm_T*-SM*,0.000261090111613288,3.268326017175139,3.58320957443824,0.6302575836795096,0.0024718468696274284,40.37267492162479,2.6069784370222995,1.6167136008120166,0.00013320481067549006,0.21259487783808217,3.8754800871298962,0.08371572938521295,0.00021464853872716288,0.2947124436723947,3.668272061717934,0.11217332209008575,0.0013590067719659938,43.24359548395792,2.8667783788418784,1.6458504129483795,Gust,0.240650536476979,0.39607478483688496,0.27855261809071874,0.1289689494987408,0.33354709537495614,0.2979755522517236,0.1289689494987408,0.14215606432986355,-0.8063509130822827,0.8092991257502289,-0.924261168297775,-0.8629120514198365
TRdm_Tdor-SM,0.000589900189056807,7.384370566613109,3.2292214639077987,0.9234704647110673,0.003092347362637188,50.5073094739532,2.509711727678171,1.7118688647488904,0.0005639378730357138,0.9000448453649993,3.2487687372393363,0.27876385140794274,0.0006144115427136184,0.8435870481457981,3.2115406332694665,0.26566364839012174,0.001842178094319474,58.61810696124566,2.734668386041657,1.7753781818720993,Gust,0.37718314478204434,0.6696427258159466,0.23248637522628257,0.11631114625061213,0.25199001367891866,0.2385388076808389,0.11631114625061213,0.13447333311023896,-0.6760976223166524,0.6756667563850622,-0.7626219679538373,-0.7095032497519113
TRdm_Tmed,0.0009747011461971611,12.201308948096061,3.0111285227820734,1.1206169948991538,0.007535737743291485,123.08120456117982,2.122874224093751,2.0937060008898025,0.00040392195957489655,0.6446594474815348,3.393702534309024,0.21607598411515674,0.0007829847799850826,1.0750381029195184,3.106246679319366,0.3170260758605259,0.004220889382358655,134.30870014665243,2.374596029230674,2.1313257219797865,Gust,0.27043744155664806,0.5763902753760892,0.20410485027093278,0.06597004761176499,0.2708509734017537,0.22483637895363182,0.06597004761176499,0.08048288774939935,-0.7670391208885764,0.777465076312741,-0.9259913219671467,-0.8388571087678441
TRdm_Tv|S*,0.00014581743807837665,1.8253426898651188,3.8361905333390234,0.45107113155059375,0.0007172759508581521,11.715268105366198,3.1443137295303516,1.1043255218419321,6.580687315060625e-05,0.10502776954836757,4.181728737848906,0.04337319205740338,0.00011535466244493568,0.1583819515368967,3.937964843557599,0.06385178227072019,0.00042639468659806743,13.567878927550506,3.370188214772331,1.163396323415967,Gust,0.35717664921986586,0.41553800051242645,0.3114742952491363,0.19889507794191663,0.37340076362327035,0.33307202249303985,0.19889507794191663,0.21664894902045187,-0.6541060518471201,0.6791270215138139,-0.8803318939036829,-0.7643784741014447
TRdm_Tv|T,9.489752767749471e-05,1.1879272514668788,4.022745097327208,0.3400328776194599,0.0014275197361815588,23.3156798510534,2.8454178783957524,1.3858864166734082,3.879348138607432e-05,0.06191439629217462,4.411241233208071,0.026089508537940544,7.39262477551233e-05,0.1015007381677843,4.131201330679034,0.04198479252817367,0.0007580969800220114,24.122645904300406,3.1202752328526957,1.4000653771481117,Gust,0.17093323117717932,0.23931769877522294,0.3357515734867332,0.15999826626960845,0.4032683722720327,0.35821885279948046,0.15999826626960845,0.16988853994904132,-0.8740270589699751,0.8701148240783028,-0.9605220321764824,-0.915497930382793
TRmotor_Tin|mot,0.00021279975599129082,2.6638273454989783,3.672028872323426,0.5639349997491447,0.0030971420902447823,50.585621759968035,2.509038869545391,1.7125286694477415,0.0001364921976191465,0.2178415474001578,3.864892170553478,0.0855907861898741,0.0001932761588778569,0.2653681661392975,3.713821711786323,0.10221690437321228,0.0016516936836163802,52.55689301267322,2.782070491770919,1.728815374415581,Gust,0.18344920413125396,0.31714980452641417,0.29011111744623824,0.1162235838573117,0.3321692368482762,0.3039031559763126,0.1162235838573117,0.1266465277130928,-0.8703203318183625,0.8626260653963961,-0.9362350162060208,-0.8985795898346343
TRmotor_Tvant|mot,0.0003578858771052701,4.480015409603771,3.4462554381899246,0.738781779706354,0.006151926566911845,100.47941661737116,2.2109888571047094,2.0063779618943443,0.0001536905969186806,0.24529019268221425,3.8133526998192577,0.09527056781329583,0.00028673886228663666,0.39369245791955215,3.5425134407574155,0.14416694982800254,0.0032443004402197065,103.23364000779105,2.4888789343862627,2.0180079042990506,Gust,0.1560137447275223,0.31483697003943434,0.2607300915311397,0.07743684540367672,0.3254621478096377,0.2816099540773023,0.07743684540367672,0.08655039277347089,-0.8890247177471636,0.8825937882486872,-0.9634655429501477,-0.923437771301173
TRmotor_Tvdor|mot,0.00014989277644965516,1.8763577755967833,3.824219293031172,0.45884290476494016,0.001796238852369827,29.337969175756385,2.7456359138806805,1.4819865057426762,7.713640582212862e-05,0.12310970369211727,4.112740595359361,0.0504221795750569,0.00012176646771141474,0.16718536016777244,3.914472288537941,0.06713983162851893,0.0009689469097162921,30.831890667172416,3.013700017597933,1.502862434471919,Gust,0.20473378570069878,0.3076867155968043,0.3099164178882734,0.14701314028909454,0.36442299168079606,0.3300148188388832,0.14701314028909454,0.15853606207949714,-0.844207865852637,0.8424371811657877,-0.9385392459834553,-0.8910219977956378
TRmotor_Tvpos|mot,0.00047030738271212924,5.887307816790434,3.3276182028821126,0.8380494934900544,0.006372624686582284,104.08407900594844,2.1956816583146885,2.0215369222734636,0.00021183215752564798,0.33808412341093413,3.6740081083925458,0.1264834177552073,0.00037635266032919165,0.51673220263198,3.4244050085615645,0.1809089076252692,0.0034071252049083707,108.41472402018435,2.4676119065741893,2.0390757692591834,Gust,0.18579560387169067,0.37885131388964216,0.2452912348806564,0.07544484308478905,0.30732853936473903,0.2662399132199443,0.07544484308478905,0.08606439071582839,-0.86104363735511,0.8581414172031389,-0.9520197846131195,-0.9042501850822199
TRvm_S-V|ncc*,0.00012374332016278067,1.5490188817976884,3.9074782320745998,0.4063730525073894,0.00020808414244829934,3.398638298608073,3.6817610128939964,0.6433182512751116,0.00015876117184626917,0.2533828302666456,3.7992557014077226,0.09808374112865219,0.00013289568519292741,0.18246577576988932,3.8764891160701627,0.0727885797613259,0.0001681570541596865,5.350757463361225,3.7742849068052284,0.8028255272666788,Gust,0.6545306962512255,0.5254739513301165,0.3207513199443412,0.2688357803151169,0.3236276349173481,0.325071878678999,0.2688357803151169,0.2882585568107481,-0.24734547636263035,0.2490409518643281,-0.2597270676121779,-0.3039649591964522
Unbound_1-NA,0.00010452039803487213,1.3083863426005293,3.980798940904985,0.3633084961725923,0.000947339111141312,15.47288970227105,3.023494531905732,1.2167697905279031,4.0229713845110136e-05,0.06420662329679579,4.395453045769133,0.027025957513247174,7.508992763642987e-05,0.1030984706448182,4.124418308414416,0.04261428247541017,0.0005217697539665687,16.602713571216217,3.2825210989265177,1.245579622255341,Gust,0.24024905526330306,0.29924932750206756,0.33029291040881154,0.18317227162471572,0.40121377649518164,0.3573361441951475,0.18317227162471572,0.1964150540341212,-0.7980672293674683,0.8062380949779114,-0.9404164527418037,-0.8750794905765321
Unbound_2-NA,0.0014837913653508714,18.57410031146221,2.8286271602513415,1.2916818096190306,0.0006827008911746554,11.150553655555647,3.1657695295984816,1.0845960675700852,0.0014680231744010795,2.3429649863441226,2.8332670882419118,0.5241318278886582,0.0013395912824606276,1.8392588308184417,2.8730276870184555,0.45320498522482455,0.0010756358881134492,34.22673395976995,2.9683347157608373,1.5468723795138573,Olf,0.7488708686198484,1.1584076624905941,0.18035503540615297,0.20168722848987766,0.19791870646860754,0.19448642532430244,0.18035503540615297,0.18935049985267752,0.43292722624164115,-0.3493528291494315,0.08682061821419405,0.11396082808374752
Unbound_3-NA,0.00036018147010455446,4.508751642768813,3.4434786324493727,0.7410531930292663,0.001248123291418798,20.385597718743227,2.903742511951352,1.3301213931162912,3.073048073924795e-05,0.04904584725983972,4.512430631573846,0.020794468915059164,0.00013895158953538132,0.19078053243207854,3.857136477625106,0.07583172593569255,0.0007779352641231643,24.753900104399087,3.1090565407603097,1.4108430067970548,Gust,0.38035637204805245,0.5366231275946935,0.26036873191530424,0.1675883424739346,0.41643665465710766,0.32255342306945395,0.1675883424739346,0.18589381765411564,-0.5307591477315026,0.6047068893688526,-0.9693085458656436,-0.8441221957749367
Unbound_4-NA,0.0010568642383089865,13.229826535151892,2.975980796898533,1.1531996059672422,0.00029949166691795465,4.891597395770953,3.523615255503686,0.7702330615295369,6.223958879419563e-06,0.009933438371553622,5.205933215536821,0.0042927517029224685,0.00023216486882255365,0.3187623648933662,3.634203495176491,0.12016654466435231,0.0005874283760929889,18.691970927278902,3.2310450777021824,1.2942891859199508,Olf,0.47942819232045847,0.6205187247455198,0.19953090095309384,0.24825548213220447,0.5066856136181322,0.29354203933517514,0.19953090095309384,0.21423862933214113,0.8756815638941519,-0.47544814042193423,-0.9915320110062257,-0.6452007267099701
