Acronym,0,1,2,3,4,5,6,7,Label
MB-AM_Mc|Mpl-Mp-Mv-Mm,6.04292705036759,3.13018172789691,0.826572600826837,1.22000957130906,-0.384139421377042,-0.192313542443351,-0.706416997742842,1.55341760124294,KenyonCells
MB-AL_Mc|Mpl-Mp-Mv-Mm,4.17096126506733,2.12441388914225,0.485686419755614,0.609089989796277,-0.257629624226828,0.0357355622799468,-0.283112398726453,0.43573929562764,KenyonCells
MB-PL_Mc|Mpl-Mp-Mv-Mm,3.85641259906503,1.94480899434473,0.387967008507994,0.689479276091545,-0.166311621095165,-0.196954260599357,-0.283219592722,0.334674410055544,KenyonCells
MB-PM_Mc|Mpl-Mp-Mv-Mm,3.64935517128709,2.01961336014552,0.547032020527269,0.615224179419753,-0.25312120915464,0.046599005319515,-0.32231487962098,0.599870625267554,KenyonCells
MB-AL_Mc|Mp-Mv-Mm,3.23393550269104,1.66982537033636,0.818209209339413,0.493962848244804,-0.240337720483525,0.04790447156687,-0.064489350942581,0.824804330780858,KenyonCells
MB-PM_Mc|Mp-Mv-Mm,4.18020897746852,2.10992947049483,0.929583201665961,0.70629561587834,-0.265898487648455,-0.0255334592002443,-0.184753056406593,1.01557946213824,KenyonCells
MB-AM_Mc|Mp-Mv-Mm,3.70554139628934,1.91093733413888,0.830286437748238,0.623218700272908,-0.276324014392624,-0.0049767248778088,-0.139724855420669,0.909202173129596,KenyonCells
MB-PL_Mc|Mp-Mv-Mm,3.8201026774615,2.05239247625197,0.823696077010987,0.674227041006543,-0.29175866073593,0.00571227984222,-0.208269852760616,0.929944161342351,KenyonCells
BLVa3/4_Mp|SL ,1.28715631418753,0.230372633802536,0.148059327847265,0.14862702211644,-0.28883978035434,-0.472431724221928,-0.0710469567268397,-1.47149414143869,MBON
Unbound_2-NA,1.87252073384301,0.326063380381203,0.100548647081642,0.0688098426945792,-0.532142130320762,-0.717426599459248,-0.255651701244257,-2.24023473614321,MBON
BLAv1/2_Mv,1.00196932353951,0.410511962725664,-0.191833724608059,-0.223964489132796,-0.0122596951414187,0.21830958144387,-0.0034484292367651,-0.533124456440149,MBON
DALcm1/2m_Mp|IA-IA*,1.07533585219588,0.601361228584422,-0.0703071322260308,-0.151925522749467,-0.32723225644419,-0.0488095649049494,-0.107877137182245,-0.865259680595456,MBON
BAmv1/2_IA-L|IA-IC-Mv,1.18431460599215,-0.0500836140596374,-0.417937594230212,-0.244018306040262,-0.320776670980631,-0.143380442077981,-0.0456489328614468,-0.640928635360153,MBIN
CP2/3v_SL-IC|IA-IA*,1.09262442817845,0.109790626404735,-0.558222861780462,-0.379066333273529,-0.557653403200899,-0.186806869079975,-0.104895229187751,-1.11956626384879,MBON
BLVa3/4_MV-Mm|Mc,1.91742640159058,0.837144432826883,0.463823350864277,-0.219673333535013,-0.170408123866587,0.297699490614076,0.351239753096038,-0.531410206268515,Olfactory-APL
DALv2/3_Mm|IA-Mm,1.77984955953255,1.06303766228977,-0.155982804412034,-0.209711984088363,-0.295816596293951,0.173232600350005,-0.042359173854236,-1.18272251202745,MBON
CP2/3v_Mc|IA-IA*,1.49643829305119,0.653787121219607,-0.242785856352456,-0.414009445440353,-0.388070502568433,0.0549632684478208,0.0653979024270049,-1.1022295678607,MBON
DALv2/3_Mm|Mm*-IA*,1.46157411040171,0.761070426907571,-0.193684032915649,-0.289234644597528,-0.310249334558993,0.131020994745439,0.0198897767284136,-1.42383329413222,MBON
DALcm1/2m_SMal-IA|Ldor,0.977706261855869,-0.786284534127213,-2.2170347444694,-1.88243379833941,0.881786203436456,0.659008022902449,0.580896086802327,-0.158063971420292,SP-IP
DALcm1/2m_L-Mp|L-V,1.27104998000705,-0.263802877593958,-1.44139613301734,-1.23938251222368,0.199133833878877,0.0336221075317871,0.0192925561181361,-0.77144944657281,MBON
DALcm1/2m_SMal-IA|Vm*-Lm*,1.52141011283218,-0.33413610426749,-2.07762861285692,-2.00209594483216,0.0826937821066638,0.396862591791805,0.33977917394446,-0.886498862481139,MBON
CP2/3d_SM-IA|Mp-Mp* ,1.51365053279448,0.291160438354798,-0.743768751159109,-1.02851623914191,-0.15233600515845,0.425412084767928,0.47093962292317,-0.807957178880934,Olfactory-DAN
DALcm1/2m_SM-IA|Mm-Mm*,2.08372123104855,0.697625703793308,-0.477316570229289,-0.694303337158747,0.239247295205415,0.753150229035367,0.408862950022604,-1.1273974003364,Olfactory-DAN
CP2/3d_SM|Mv-Mv* ,1.60813867073026,0.373727745407359,-0.455472154480014,-0.341230862825582,0.446177948093319,0.747181365833899,0.431893352280137,-0.732514161853379,Olfactory-DAN
DAMd1_Mm*-IA*||Mm-IA,1.5716742133976,0.57563664981435,-0.440308303107518,-0.353115173413641,0.113815283784845,0.459798033656788,-0.0268799219152055,-1.09568326539127,MBON
CP2/3d_SM-IA-Mv,2.45177659061094,0.36839827375989,-0.87925216612911,-0.423499451572991,0.885610570016623,0.551083076725561,0.464129997167196,-1.24474838430814,Olfactory-OAN
BAmd2_IA-M-SM,1.82815246090262,-0.156297835469812,-1.38742151315311,-0.741521575344756,0.733116806264707,0.56389995002667,0.096851691822475,-1.06705167943739,MBON
DAMd1_SM-IA-M|IA*,1.6924977670509,0.19173100675994,-1.29000369550185,-0.916344803407658,0.508923129068661,0.759847268036847,0.352359508003199,-0.891214293872705,MBON
CP1v_IC-IA|L*-IA*,0.508338682850105,-0.221899029321497,-0.891312396089995,-0.934693178696545,-0.376196657949568,-0.0430032374669584,0.152499486796178,-0.31306175923791,IPcom
DPMpl1/2_V-L|IA-Mv,0.635301724038145,-0.113052246430474,-0.654908750817847,-0.571405838504731,-0.142297294477293,-0.0823792863793804,-0.0131326001512255,-0.32638922738777,MBIN
DALcl1/2v_IA|IA*,0.502556748776148,-0.0577206723423311,-0.72171036413757,-0.822281396096461,-0.191923641020398,0.0873123459448936,0.183014634693845,-0.319692864373123,IPcom
DALv2/3_V-L|IA-IA*,0.506772846624086,-0.044144760596636,-0.669941228798851,-0.724245087578284,-0.270186447455517,-0.034270108476911,0.0745873011463936,-0.229052333988901,LAL-VMCcom
BLAv1/2_SL|IA,0.582364940794761,-0.459924593130384,-0.382654561721719,0.13264965689978,0.235757153741235,-0.140089607280725,-0.0415982589311647,-0.37349381318561,SP-IP
CP2/3d_IP|IA,0.682426531481738,-0.458492795617641,-0.655877148928857,-0.129900674687427,0.404255324739318,-0.19772714793333,-0.0079324906559406,-0.556302155047295,SP-IP
DPMpl1/2_IP-V|IA,0.865273713357623,-0.431833362215731,-0.860969389543703,-0.179075549821426,0.386449003190388,-0.140710093327966,0.0216437864573401,-0.68372242584505,SP-IP
BAla1/2_V|IA,0.61927526648773,-0.259063655956595,-0.642483117142654,-0.32642356674478,-0.209272150414853,0.0375525734276999,-0.0387937888908632,-0.586493767674261,
DALcm1/2v_IC|V,0.312541230753033,-0.407323920996192,-0.558683470904586,-0.287547693574478,0.0098592641691158,-0.188771939816434,-0.128020331036373,-0.391099768768036,
DPMpm2_SM|V,0.330054210593289,-0.320168372392248,-0.504790313403298,-0.237654399464104,0.111232393852145,-0.0387440327566953,-0.149631046582173,-0.277258931426286,
CP2/3d_Mv-IA|SM*,0.821139399845063,0.098604723199321,-0.568363009378262,-0.351267358630621,0.344668519041737,0.261636683814991,0.148331762105767,-0.501680958005032,MBON
DALcm1/2m_SM|IP-V-IP*-V*,0.43108486198467,-0.158019879673518,-0.632238892407537,-0.471373246067624,0.136391943779688,0.260703352690713,0.141724508451317,-0.256764387028738,SP-IPcom
DPMpl1/2_SM|IA-IA*,0.520181714708683,-0.230559127838273,-0.668557703014501,-0.329785313139029,0.255285643020146,0.13175792161608,0.114451612317043,-0.271997305979279,SP-IPcom
DPLc5a_SM|IP-IP*,0.567340095903921,-0.442762652341421,-0.852780661531621,-0.357334771802395,0.191454912072666,-0.0218042272550363,0.118573680933327,-0.301772803850111,SP-IPcom
BAmd1_IA|IA-SL,0.690302467755955,-0.430152552238551,-0.562280326555248,-0.256054396141845,0.281924862162675,0.11094472112605,0.0628567886837962,-0.513731544678379,SP-IP
DALcm1/2m_IA|SL-IA,0.62544635367949,-0.499125979969017,-0.639998914825298,-0.329053687137971,0.260825880267482,0.0861102272188891,0.031867141101897,-0.473377292667244,SP-IP
BAmd1_IA-SMal|SM-SM*,0.733923386555636,-0.563247293034015,-1.30522221102442,-0.625365254704036,0.982644510007111,0.726049083184162,0.399312623821118,0.0057012351133222,SP-IPcom
DALcm1/2m_SMal-IA|SM-IA-SM*-IA*,0.714741390689356,-0.619526101704249,-1.35490644544737,-0.640807766616247,1.04941682472321,0.753637156606529,0.423742844469215,0.043034142286984,SP-IPcom
DALcl1/2d_SM|IA-IA*,0.733719504299023,-0.59780902204249,-1.34189210991213,-0.697320449355179,0.952692182087344,0.539065050133524,0.297249621962995,-0.0494094176466767,SP-IPcom
DPMpm2_SM-IA|IA-IA*-SM*,0.779533704588437,-0.443772104166037,-1.21520344133943,-0.702115552807355,0.822702101352863,0.520267885636764,0.335860815816158,-0.05572168025118,SP-IPcom
DAMv1/2_SM|SM*-IA*,0.284355481915937,-0.41936881795631,-0.786774249053577,-0.302490784541353,0.320303524930892,0.656000566545633,0.116169130105277,0.595576546311337,SP-IPcom
CP2/3v_V|SM-SM*,0.433131256555916,-0.313448804900799,-0.72541436567165,-0.466271079483293,0.115589076561256,0.551517816992663,0.032799527877621,0.391800404431627,SP-VMCcom
DPMm2_SM-V|Vm-S,0.367721001701404,-0.474232647595461,-0.873279578501957,-0.493626261972858,-0.0434934572885752,0.35296778534298,0.040923967030397,0.278516775568294,Descending
CP2/3d_V-SM|L-V-L*-V*,0.591389599595972,-0.463485669389826,-1.27038713762929,-1.03888810533128,0.126360518205151,0.436389806463765,0.271493942270825,0.0658579900815471,LAL-VMCcom
CP4_SM-IA|SM*-IA*,0.6435309872093,-0.354094851553193,-1.06493872126712,-0.756931050109831,0.22984955209642,0.4961577864721,0.302822726948257,-0.0372440682761907,SP-IPcom
DALcm1/2m_SM|Lm*,0.564861755352862,-0.358007172176829,-1.08044168108927,-0.872226981761007,0.239105937559322,0.340347573694185,0.170477187354279,-0.0256860001444617,SP-LALcom
CP1v_IC-SM|IA-IA*,0.650913313418154,-0.240807995464024,-0.929923333761957,-0.486683998183702,0.0356092824603373,0.621109082041167,0.256939344569436,-0.314988100565393,SP-IPcom
DALcm1/2m_IAlat|IAmed-IA*-SMal*,0.682084730729097,-0.242971731548409,-1.03058950772498,-0.775686747906503,0.341794374040098,0.340288623826845,0.273510156720235,-0.412992283183459,SP-IPcom
CP4_SL-SM|SMant-SMant*,0.753954031187008,-1.19594910567122,-1.3642875932064,0.251080278509952,0.865581755331242,0.782247034010076,0.290563572852403,0.92300237033261,SPcom
DAMv1/2_SMmed|SMlat-SMlat*,0.542029666450581,-0.628685485621553,-0.996237804127303,-0.165596428799517,0.967729268287289,0.780746901259963,0.135454041413496,0.965080289876214,SPcom
DPLc4_SMpos|SMant,0.419075497979218,-0.801846141241643,-0.82997082876166,0.178297104006466,0.957949863113765,0.630690117178147,-0.165941407810924,0.968551711279277,SPlocal
DPLd_SL|SM-SM*,1.04893980471042,-1.20792679610947,-1.09469353802582,0.34767053629746,1.41012826422992,0.389845091713253,-0.206276920062021,1.07826787957311,SPcom
DPLam_SLlat|SM,0.785648613611275,-1.39061647689331,-1.04894099797545,0.686626669721049,1.11962523016524,0.0374803941979923,0.104997147381083,0.984169414911913,SPlocal
DPLc4_SL|SM,0.625459028587884,-1.23415768748488,-0.928422541795957,0.614970620273038,1.11301343221226,0.127565048985445,0.122022218813548,1.11882562889963,SPlocal
DPLam_SL|SM,0.598796500265878,-1.04544998194321,-0.808434627883539,0.560630679319299,0.708325654134196,-0.0272256256560532,0.0780959914432331,0.564134746099479,SPlocal
DPLc1_SL|SM-SM*,0.675333828146501,-0.912457042062772,-0.743917860909812,0.495387760106262,1.06480034555911,0.0848152188335197,0.0021035477852625,0.993252085691393,SPcom
DPLm2_SLlat|SM,0.719205879429683,-0.93353532426981,-0.851272125960418,0.295416809584193,1.10116800273465,-0.0758724632012923,0.204335528279389,0.662363289594047,SPlocal
DPLc4_SL|SMal-IA,1.11304571194652,-0.925434133908241,-0.969292730898183,0.284652526663157,1.23526825973423,-0.195223686523335,0.274770335586273,0.38756349581055,SP-IP
DPLl1-3_SL|SM,0.836458697009776,-1.24673487529726,-1.05617965067756,0.545288423975085,1.33598089782374,-0.291346976318288,0.258831018217445,0.750208582614459,SPlocal
CP2/3d_SLc|SMal,0.590393979491356,-0.847440913066839,-0.820722544704586,0.31167490156143,0.794482256732438,-0.162719189200634,0.166118319609352,-0.0013078156651752,SPlocal
DPLl1-3_SL|SMal,0.802496451165463,-0.807931410465909,-0.799804926997192,0.254424683424194,1.03768892155034,-0.452984031194391,0.246040967525442,0.0670507385609962,SPlocal
BLAd1-4_SL|SMal,0.68684693213018,-0.746576525457698,-0.733644895455935,0.250559469862346,0.993008558697526,-0.283544597763025,0.253059711948612,0.223894578132782,SPlocal
DPLm1_SL-Mac|SM,0.548199815526006,-0.716537139872822,-0.61899931578161,0.244766911187157,0.81536802213656,-0.315408695632337,0.167246203839929,0.241593758016253,
BLD2-4_SL|SM,0.765519485431743,-0.788482625160723,-0.489224409670894,0.412054696182984,0.901796738974689,-0.437902132812514,0.13686865227866,0.454242393983443,SPlocal
DPLc1_SL|SM,0.547946303578889,-0.613178264228767,-0.348066144482435,0.269190018962568,0.637628329890124,-0.335747181859119,0.122564768459735,0.292426997678699,SPlocal
BLD2-4_SL|ncc*,0.184871765642205,-0.425788667511423,-0.2894618279405,0.287760747950475,0.414437952782699,-0.0479391725911461,0.0403396246907385,0.516646759035834,Output
CP2/3d_SL|SM,0.18958853707533,-0.444983718767093,-0.37138731262128,0.241060191918565,0.316338867722116,0.0777584212410704,0.0680290049548211,0.313833087971081,SPlocal
CM4_SL|SM-SM*,0.29063480108472,-0.400884413022768,-0.254635833766616,0.199794793345985,0.376966578083302,-0.0373280601432388,0.0213536365443597,0.394092152263391,SPcom
DPMpl1/2_SL|SM-SM*,0.235482652799473,-0.366599649450563,-0.28320140706897,0.166044586468931,0.378066025847095,0.0242309338837287,0.0361113187164371,0.356832327306534,SPcom
DPLam_SM-IC|SM-SM*,0.513445770756135,-0.503895409205844,-0.56856451297021,0.416429870064654,0.0116960543522717,0.476780477369966,0.123550744161052,0.357891246124064,SP-IPcom
BLAl_IC-SLl|SM,0.404151521687509,-0.60070408864817,-0.67612493689789,0.184774701005617,0.339676120384581,0.0790382037156905,0.0789090570149994,0.0742978761007323,SP-IP
BLAd1-4_VL|SM,0.363124891751106,-0.577747059449492,-0.330527851423185,0.26415634469962,0.35212785281558,0.0554139225176842,0.0850582005768617,0.262619413363383,
DPLm1_SL-VL|SM,0.434533409207653,-0.605806167398426,-0.482182482298129,0.410441966183535,0.252538685981613,0.240909009444947,0.100419761790023,0.338723218105927,
BLAd1-4_SM|SM-Mv,0.755526954011114,-0.132434226222984,-0.493468002270962,-0.0920570275402735,0.601278691744565,0.351204139627588,0.112351902376691,0.0073112944482556,MBIN
CP2/3d_SM-IA|SM*,0.413741640600011,-0.33648105225926,-0.690520305470083,-0.229524480414825,0.504001237328042,0.425365652615157,0.23164433203759,0.127614114515836,SP-IPcom
DAMv1/2_SMal|SM-SM*,0.458732559188467,-0.323237542599588,-0.75090513914492,-0.256387001915795,0.809758981495314,0.531342354241362,0.177685278362066,0.443188001407151,SPcom
CP2/3d_SLlat|SMal,0.593040159393741,-0.305032447669288,-0.368852050406312,0.0340793018436115,0.544693825506803,-0.0602589679992845,0.069904016635492,0.122186922497359,SPlocal
DPLp1/2_SL|SMal,0.466336962391241,-0.421145327401806,-0.432438787199349,0.111066124242126,0.550927285264254,-0.121403808345141,0.104128227087169,0.0312408395907024,SPlocal
CP2/3d_SLmed|SMal,0.380605385996027,-0.447298330271066,-0.496862579548058,0.0951906546129907,0.635960799276251,-0.0286334911855054,0.166956171284417,0.182482971706577,SPlocal
MB-AM_SM|SMal,0.501215779662868,-0.438664154341177,-0.616503876926777,-0.0120289047252448,0.625471257746324,0.143482660351372,0.0580118976512298,0.120790727353662,SPlocal
BAla3/4_T|SM,0.341292072424624,-0.386697755756932,-0.521611667227331,-0.0958180050501042,0.252466795788755,0.285626414185038,-0.106609918303779,0.12388536458778,TR-PN
MB-AL_SL|SM,0.265100677324564,-0.320184725105347,-0.40091133613479,0.0278938559225964,0.41971773485678,0.0550463177054824,0.0619543732584116,0.134134116758704,SPlocal
DPLl1-3_IA|SM,0.375289941222394,-0.360227109707303,-0.469536442521766,-0.0277547343665584,0.466745780688749,0.280917874945349,0.029985170449926,0.170465678343922,SP-IP
BLAv1/2_SMlat|SMmed-SMmed*,0.218639053481853,-0.326960854583217,-0.513464706120375,-0.12648447533004,0.489296939648168,0.321460062914571,0.156352871226004,0.210506282720605,SPcom
DPMpm1_SM|SM*,0.262708225857417,-0.226304378717453,-0.435989638177233,-0.110853953572413,0.491282047583363,0.288010097718499,0.114764964109336,0.291592303879261,SPcom
BAmv3_Ador|Mc-LH,2.26002210048279,-2.00422893044,3.27554125285305,-1.48940795382179,0.0187490443134083,0.227049139282495,2.44178441777875,-0.518355441349638,AL-PN
BAmv3_Aven|Mc-LH,1.76980794680174,-1.6938674800858,2.6261678368098,-1.16548714496456,-0.0849022556449919,0.192195055748948,1.34563465944267,-0.573979671918665,AL-PN
BAla1/2_A-Tdl,0.896085230287143,-2.20548601589754,2.99270497638634,-1.9837299588918,0.0746278718489553,1.00860870032445,0.172442028185435,0.66568804524019,ALTR-LN
BAlc_A,1.55760924330485,-2.49758479486954,3.73208232831426,-1.81881323647763,0.143003346888468,0.212957648771668,0.997177024954004,2.7880001025082,AL-LN
S-AN_ORN33a,0.129447433252775,-0.334243316704086,0.538590206826876,-0.411744471018148,0.0133614233388873,0.234190593801701,0.378679475152491,-0.0261839527827021,ORN
S-AN_ORN30a,0.17387838683239,-0.47935211600681,0.7327384886507,-0.556122130082645,0.0121677148661392,0.317279836496404,0.338996445296428,-0.0114994764408222,ORN
S-AN_ORN35a,0.136916096641369,-0.432093323688411,0.663058911726776,-0.548649880578712,0.0026821506620692,0.339930792412605,0.427743883731485,-0.179215420747344,ORN
S-AN_ThermoWarm,0.159768104681886,-0.49904536133035,0.750509967267645,-0.605964895983515,0.0098044821312141,0.387485901607894,0.402121984126123,-0.249555883426735,Thermosensory-1
S-AN_ORN13a,0.220702189402501,-0.57811662483127,0.892686897773527,-0.673663849971216,0.0037079450132546,0.358032914531802,0.619285858180921,-0.124467596104218,ORN
S-AN_ORN67b,0.188013459593642,-0.533197905279175,0.832102696584556,-0.647821393400241,0.0092979378481807,0.373308147829536,0.519092244292994,-0.111103165703186,ORN
S-AN_ORN74a,0.215057686799161,-0.584510911972686,0.889732196695252,-0.687403409043997,-0.0003749973286144,0.377056100009611,0.505823935565134,-0.133395047275766,ORN
S-AN_ORN22c,0.18407281386383,-0.473362579025188,0.760865704730435,-0.594845382111505,-0.0072869714342695,0.327751838116711,0.633895402382348,-0.17884330609782,ORN
S-AN_ORN85c,0.196759776887052,-0.487726260782189,0.789372055161891,-0.608875721447667,-0.0035449962047623,0.334866621003547,0.643036830355499,-0.155206758707647,ORN
S-AN_ORN47a-33b,0.191468306111941,-0.46424961401987,0.760180340034515,-0.58588457036776,0.0004934779449688,0.324588554140743,0.599612419993605,-0.0830246353833662,ORN
S-AN_ORN24a,0.202677702196742,-0.482148359629618,0.761667533474414,-0.573415756754584,-0.0072306001620428,0.296934821551665,0.568423711331971,-0.130523807096516,ORN
S-AN_ORN42a,0.176713534398939,-0.47957409687281,0.76001328009643,-0.590910643183538,-0.0018450190185119,0.320267377268664,0.576578528823993,-0.137184140875705,ORN
S-AN_ORN42b,0.181320505003245,-0.480089401541112,0.768094738907913,-0.601340652036573,0.0061498353243274,0.333125741064859,0.58393753399745,-0.109235567910247,ORN
S-AN_ORN45a,0.195942814801373,-0.49600901898677,0.777400222647047,-0.586942176199802,0.0028248297775922,0.312403019478408,0.507308001519093,-0.0514260445135884,ORN
S-AN_ORN82a,0.187795157707668,-0.490860695955738,0.746030323776259,-0.558029288776552,-0.0039174827645884,0.294291268955904,0.458892571356209,-0.08930893209919,ORN
S-AN_ORN83a,0.210247015245733,-0.462115110834703,0.740563281981278,-0.536780159471523,-0.0046685682207453,0.262648097230919,0.540775989242034,-0.0651867652066289,ORN
S-AN_ORN94a-94b,0.187431589403402,-0.479837665500948,0.737936398974993,-0.549788244219558,0.0073952509887463,0.290336982428304,0.529441250282606,-0.0629661139211118,ORN
S-AN_ORN59a,0.173932415863087,-0.438268556789464,0.713587404406113,-0.550045156048521,0.0067921229962247,0.300975135350546,0.565315597825089,-0.0646912372012519,ORN
S-AN_ORN63a,0.198965096053566,-0.435705539782797,0.729325090639828,-0.546378966424341,0.0002963072772072,0.298137690908248,0.61032257527499,-0.094334523057201,ORN
S-AN_ORN1a,0.170732760159522,-0.435761354294181,0.686595862284117,-0.534059970068235,0.0028285099099788,0.298789740920012,0.465053755609439,-0.0850210352642626,ORN
S-AN_ORN45b,0.192233359944684,-0.415618022338872,0.685864099489105,-0.505850453037719,0.0039570507752553,0.267414513250082,0.521635861830044,-0.0401955855060693,ORN
S-AN_ORN49a,0.182644668367753,-0.415723321113425,0.687122463451326,-0.511016836929631,0.0067755954968531,0.267569259021902,0.544056731113754,-0.0255112642637767,ORN
BAlc_A-T|SL,1.65281966418839,-2.7098317264864,1.65466632723611,0.0809869604733811,-0.0368473045993707,-0.822280085821075,-0.840986155068747,-0.410626535762374,ALTR-PN
BAlc_A-T|SL-Mc,1.41153039464471,-1.68048473853405,1.90797998570849,-0.486828564256755,0.0156722261936015,-0.771767111784308,0.808484109026173,-0.866366905829043,ALTR-PN
BAlp4_A|SL,1.02152553620413,-1.99406818897455,1.65905309472649,-0.156522394293614,-0.31604917200447,-0.84010866173734,0.0345750291068596,-0.66579850139444,AL-PN
BAlp4_Tdl|SL-V,0.59687767888356,-1.17691015245324,0.327330779182927,0.313103849182606,-0.685295729050847,-0.13971870390054,-0.998474947327278,-0.94772085718533,TR-PN
BAmv3_Tdl|SL,0.884928060565968,-1.84386721444187,0.88972842731809,0.0580737239541226,-0.166654821648091,-0.289298664539591,-0.934415313203521,-0.779371425828525,TR-PN
BAlc_A|A-T,0.532236983846558,-1.08204135538299,1.48487281352837,-0.862866785484717,0.0133965557004879,0.429956490757341,-0.0175697137194738,0.326474187236536,ALTR-LN
BAlc_T-A|*,0.317983659824394,-0.874797233535892,1.09488773173029,-0.742436308743274,-0.0019870548137649,0.50693943635926,-0.388506952738093,-0.0361853184945761,ALTR-LNcom
Unbound_4-NA,0.259077978433204,-0.632974517108757,0.848118339736001,-0.57891271773719,0.0065095531564776,0.376580396805566,-0.0310572498963621,-0.0033201875991326,ALTR-LN
BAmv3_T|SL,0.797363433297528,-1.1230225375628,0.689580337751396,0.204455397824938,0.146275125329918,-0.323051914177818,-0.601645736955457,-0.0538598382369893,TR-PN
TRdl-e_A-T|SLP-SLP*,0.615468527280692,-1.10091144471881,0.670072696127412,-0.122413411210654,0.135138663246426,-0.0390831215336251,-0.113071639730674,0.0080552748043718,ALTR-PN
BAla1/2_A|IA,0.511933590013318,-0.695916933402458,0.412794351042698,-0.515596974125647,0.14548521770535,0.146491958466711,-0.183394966468453,-0.289751619158443,AL-PN
BAla3/4_T|VLm-SLl,0.327766741475405,-0.938206917236307,0.615173579946351,-0.097524282939592,-0.359479707135669,0.252129330010726,-0.394576963201389,-0.348161154344449,TR-PN
BLAvm_SLl|IC-IC*,0.649509153734615,-1.60816464020677,-0.556189093885616,1.98746691359706,-1.3767891796507,0.587812162883476,0.279364170256595,0.201831831781211,SP-IPcom
BLP1/2_VL,0.0978167540016054,-0.471619364033782,-0.198565080019514,0.957343496426434,-1.58788500198544,1.66924476247859,0.540708748067315,0.126327885598105,VLPlocal
BLVp1_VLm|VLl-VLl*,0.0978256679236527,-0.476818035756779,-0.183659226798586,0.898575728681659,-1.51806946924017,1.37720061833216,0.473797868609355,0.0066358656135437,VLPcom
BLAv1/2_VL|IC-VL-IC*-VL*,0.136471929083061,-0.537762705948081,-0.339871635667367,0.863043901713992,-1.44577675810696,1.47117942411479,0.428940671873927,0.147364744162394,VLP-IPcom
BLAv1/2_VLlven|VLldor-VLl*,0.151598559057357,-0.58946868577703,-0.278516157039605,1.0092195247733,-1.41672204012733,1.49018795678668,0.467933821358041,0.133513805286755,VLPcom
BLVa1/2_VL,0.136421363506908,-0.5853410577353,-0.222598242124653,0.984471448273056,-1.49528090998335,1.48412670777843,0.439543063084916,0.0079135239214717,VLPlocal
DPLal1-3_IC-VL|IC-IC*,0.245098066658656,-0.654517028233693,-0.426531625829909,0.72585188287517,-1.1229433669992,0.91306340381749,0.183570290037469,0.0579797836649517,VLP-IPcom
BLD2-4_VLm-IP|VLl,0.0877595710366146,-0.403241138149424,-0.173544975370831,0.736766728186121,-1.19752281897724,1.26030855147584,0.388412825845527,0.0701451626604027,VLP-IP
BLAv1/2_VLlven|VLldor,0.151011157014276,-0.53773917619005,-0.194219534280041,0.916729899047568,-1.2845243795512,1.07691511332371,0.354048284712666,-0.0446107040426859,VLPlocal
BLAv1/2_VLven|VLdor-VLdor*,0.162138806313253,-0.636927903150148,-0.240724173088009,0.969627517320886,-1.39722481748596,1.26946674293277,0.393116811575974,0.0389739530700889,VLPcom
BLAvm_VLl|VLdor-SL-VLdor*-SL*,0.141951701100286,-0.592647960061966,-0.249265961039836,0.986119656673021,-1.31335613240359,1.23161082877879,0.355091871259042,0.0322272852029328,
DALl1_IC-VL|SL-SM-SL*-SM*,0.237281446191783,-0.575356146286136,-0.279622447105317,0.407149770657341,-0.19007947907785,0.304093702529489,0.0148087346616075,0.147401783086948,
BLVa1/2_VL-SLl,0.155621512473209,-0.410269675377066,-0.0526376460436482,0.5275052110088,-0.507252722327059,0.234371492843734,0.0743060987535783,-0.0365983780053599,
DPLam_VL-SL|IC,0.137197712828666,-0.450429475197809,-0.219785408235785,0.4974430987431,-0.489699023271837,0.382371041407031,0.0762418813072372,0.0619536740068185,
DPLm1_SL-VL|VLant-VLant*,0.175621196954133,-0.394857617756706,-0.157846181540344,0.509648295295299,-0.436593994144767,0.407504325223182,0.196307000811993,0.0745102466488759,
DPLal1-3_SLl|SL-SL*,0.421227168818077,-0.827279754998325,-0.322859803127189,0.781658596002059,-0.327017802510623,0.422693026268534,0.0625209413343652,0.259880946324606,SPcom
BLAv1/2_SL|IC-SL*-IC*,0.277189247962481,-0.711218338267308,-0.203667506836259,0.760041136217366,-0.333056207215738,0.0163896966650505,0.166930403997758,0.0977758807467569,SP-IPcom
BLAv1/2_SLpos|SLant,0.243199675941772,-0.648824374200413,-0.120479186108686,0.658242533252701,-0.372274572660984,0.0893097249885892,0.0432715101533037,-0.0040458751410554,SPlocal
BLVa3/4_SLl|IC-IC*,0.190925678657235,-0.571464628370028,-0.225099535309075,0.629029524264029,-0.441024179009534,0.110365945740383,0.0382437619113438,-0.0994361462071929,SP-IPcom
DPLl1-3_SL-VL-IC,0.288277473324877,-0.99533139338963,-0.365716540072201,1.27217246641732,-1.02187981576024,0.6904137425198,0.242124952769899,0.0943239925173949,
DPLal1-3_IC-VL|IC,0.256969130627538,-0.77252840979956,-0.340964613336996,0.873695924166727,-0.869740962975526,0.402652751061223,0.0744891809871496,-0.140182897077896,VLP-IP
BLD2-4_SL|SLl,0.205757897425827,-0.700155026375233,-0.204471322747454,0.759271661271125,-0.598057786362951,0.260795669146433,0.0658057980157976,-0.127104698128158,SPlocal
DPLl1-3_SLl|IC-SM-IC*-SM*,0.229084181524962,-0.737146234884508,-0.360085553499322,0.854088728801657,-0.600288461995243,0.293754220063981,0.0823876426381048,0.0053981620156406,SP-IPcom
BLD2-4_VLl|VLm,0.0544226933784537,-0.265638208095003,-0.121881522806275,0.521195149087881,-0.82287331525027,0.863426903756119,0.276189115664608,0.0612867067631312,VLPlocal
BLVa3/4_VLcen,0.0487988087742663,-0.236139894288983,-0.126326090460825,0.516727728270667,-0.852710188752535,0.91429139780866,0.295715190166679,0.0743543517482309,VLPlocal
DPLal1-3_VLl|VL-IC-VL*-IC*,0.0777304571659427,-0.290421454354416,-0.168199726048902,0.49167459637035,-0.846785071342486,0.921302507295536,0.265201605086117,0.0380601913425531,VLP-IPcom
DPLal1-3_VLm|VLl-VLl*,0.0587143256336278,-0.28089827022565,-0.133918919553153,0.532208254775013,-0.895756624922055,0.945761958583835,0.289771275563654,0.0577141603134784,VLPcom
BLD5/6_VL|IC-V-IC*-V*,0.0993220083336189,-0.399417822479337,-0.24377199912431,0.573274583014741,-0.997069206208245,0.822471922607069,0.25026199771143,0.0264310492289223,VLP-IPcom
DPLal1-3_VL|IC,0.105907041427804,-0.4063456140005,-0.181040683775437,0.641594154562243,-0.930501467857256,0.841432259522484,0.241928403820825,-0.0182761095329134,VLP-IP
DPMm2_VL-SM|V*-S*-N*,0.191464116921985,-0.521735517562175,-0.489079300066417,0.367609020403706,-0.69720443592469,0.800002256632592,0.179510195052855,0.194940553733419,Descending
BAla3/4_Vm|IC-SM-IC*-SM*,0.127485216849007,-0.374044860849859,-0.355642350238253,0.22609470036789,-0.640122059511692,0.427440003939349,0.0347517388317326,0.108967815748169,IP-VMCcom
BLAv1/2_IC|V-S-V*-S*,0.093545539440746,-0.282636341101941,-0.272258835646024,0.228314934959369,-0.326162218407122,0.514054598517176,0.10592712242267,0.235760242541761,Descending
BLVp1_VLpos|VLant,0.0539949190345669,-0.248323205242035,-0.0905040479587429,0.478544257352648,-0.750793364216157,0.756080099330687,0.265887875125156,0.036608247686104,VLPlocal
CP1v_VL|IC-IC*,0.0738134485474394,-0.284249332780874,-0.145321247768727,0.471612660015532,-0.719955766837218,0.681883396611465,0.198137816291725,0.0688394391004329,VLP-IPcom
DALl1_VLven|VLdor,0.07868766131452,-0.332097572605583,-0.108498188415887,0.540784240690224,-0.732800325477568,0.685902189330854,0.236889583761211,0.0509482638687011,VLPlocal
BLAvm_VLven|VLcen-VLcen*,0.0372438506941626,-0.192030397353354,-0.074519707889835,0.401131781605415,-0.69300502625585,0.725166425435483,0.22974328916999,0.0479992998102734,VLPcom
BLP3/4_VLcen|VLant,0.0452034564058703,-0.213260402973954,-0.0799735482429854,0.414638876086246,-0.654311643302698,0.652365032097646,0.225215048991403,0.0364625357267495,VLPlocal
BLVa3/4_VLpos|VLant,0.0411767329725121,-0.185577542539591,-0.0720679304695019,0.365677716378983,-0.623761182305417,0.654054404051949,0.199531857551718,0.0385542328380967,VLPlocal
BLAv1/2_VL|IC,0.0714249323352793,-0.251809504021097,-0.177118218097304,0.3788223811721,-0.658184082789759,0.688879950907368,0.171821395322834,0.0694282876403555,VLP-IP
BLP3/4_VLl|IC-IC*-V*,0.0944913561518224,-0.320338590732445,-0.205002664782043,0.446795547104591,-0.646090166117007,0.580251053448298,0.164124974301424,0.0668333560045818,VLP-IPcom
CM4_IC||N,0.0682773251151543,-0.243959373437958,-0.182030046471976,0.270172784399485,-0.522715520338417,0.564105834197163,0.0826719060827287,0.120505807040704,Descending
DPLal1-3_VL|IC-IC*,0.0674605973965738,-0.241605518880948,-0.167274000189772,0.322568454157129,-0.540180107533962,0.559892568423862,0.138803835575495,0.0644358083802296,VLP-IPcom
BLP3/4_VLm|VLl,0.0205636394947031,-0.109573002538855,-0.0450035957926408,0.234675271319741,-0.393542116126925,0.43577427207611,0.143473520153842,0.0293864761950306,VLPlocal
DALv1_VL|VL*,0.026985021427007,-0.142661132005256,-0.0722647297838467,0.294610705132255,-0.524600349918282,0.550304375720913,0.157862369263536,0.0506939091366118,VLPcom
BLD2-4_VLm|VLl,0.0229492043333391,-0.12761907222178,-0.0615868484864981,0.296882797785087,-0.493559685634011,0.537313176794573,0.181509160243124,0.0388944879907469,VLPlocal
BLVa3/4_VLpos|VLcen,0.0251605590118728,-0.135501829311317,-0.056246675123546,0.290554217268978,-0.490415223750024,0.543793719256041,0.176380121105202,0.0384089523689775,VLPlocal
BLP3/4_VL|VL*,0.0469241670051825,-0.199273313392117,-0.0769177373060484,0.355605544594683,-0.531674642411572,0.487033610386389,0.166057337384224,0.0034814249059132,VLPcom
BLVp2_VLpos|VLant,0.0395646469189235,-0.183119276512656,-0.0739501550761576,0.328360631369376,-0.573889651905971,0.540774016026094,0.160616709855963,0.0138191469971083,VLPlocal
TRdm_Tmed,0.145816205867306,-0.497196790361852,0.285230390704345,-0.346773738857258,0.175607695347057,0.954454614885523,-2.86643484918004,-0.0084870888143931,TR-LN
BApd_Tlat|Tmed,0.157917687697047,-0.546210300263813,0.378735228800956,-0.294073269541948,0.119596755104969,0.762080509071372,-2.377522289663,-0.10729447146303,TR-LN
TRdl-a/b_Tdl-Tin|Tdm,0.213406545308751,-0.553130873892859,0.363735715186159,-0.309698177142704,0.111000827484471,0.687377178205983,-2.19083712392073,-0.0387401588378389,TR-LN
S-MNa_ACp,0.35996522858236,-1.17687513641541,1.43972344027469,-1.13799471164377,0.0822580741797804,1.15513948122309,-1.60140474040786,-0.168913348971542,Gustatory-1
S-PNa_ACp,0.213412378169936,-0.692436884974749,0.704404518787194,-0.641402407931883,0.0991432885391875,0.930554452790127,-1.74511099872446,-0.0986884182789765,Gustatory-1
DPMl1_Tdl-Tdm,0.0911399351836418,-0.310609140532663,0.249121685668568,-0.161895145983692,-0.0259886358458034,0.251943626524702,-0.724336530384547,-0.102939270385736,TR-LN
S-LNad_ACp,0.0804710215035127,-0.258872330758449,0.262797714829248,-0.223068318252673,0.045437880112844,0.369022519872095,-0.808307590150558,-0.0432749636125681,Gustatory-1
TRdl-a/b_Tant|Tpos-S,0.213464931184083,-0.409096117925702,0.348496794562674,-0.218552235419785,-0.0039259571725686,0.21868215482839,-0.87765128504204,-0.0298125343636164,Descending
BAla1/2_Tdl,0.131547470182843,-0.454222743190178,0.387771296181648,-0.231555849336376,-0.0286830896290281,0.277989363862308,-0.900999988579352,-0.202349610270141,TR-LN
TRdc_Tdor|Tdor*,0.136672905694159,-0.475203329773256,0.429588168875992,-0.27731901140527,0.0059521543589154,0.35811864674403,-1.05287143988767,-0.14142209229747,TR-LNcom
Unbound_3-NA,0.159022108437644,-0.451029928227588,0.374568784397385,-0.221770876810278,-0.0053856443060507,0.300704289586787,-0.9895881398188,-0.121641941446292,TR-LN
BAla3/4_Tdl,0.182022784022494,-0.575276569006199,0.500627227927383,-0.340023500918252,-0.0397854575538758,0.285669001589988,-1.04779276490952,-0.203140512279088,TR-LN
BAmas1/2_Tdl|T,0.235040005530757,-0.685280886522927,0.544269597385129,-0.388664145199633,-0.0418416646700394,0.322867252211792,-1.19426817434098,-0.262178812808939,TR-LN
BAlc_T-A|T,0.211848401208513,-0.581488823397633,0.693325642898295,-0.454254703750551,0.0032619799652601,0.359369000915131,-0.508100108088281,-0.0696021363588099,ALTR-LN
BAmas1/2_A-Tdl|T-T*,0.229055769540627,-0.661129567247659,0.706466243188144,-0.456806769504208,0.0157849156530668,0.432239648806389,-0.894031101782913,-0.104388272145526,ALTR-LNcom
S-PNm_ACa,0.0496508257322246,-0.136038884954093,0.0477111239293627,-0.116525892490884,0.133043956939226,0.449370807181153,-1.15986882885467,0.0575874710353749,Gustatory-1
TRdc_Tin|Tin*,0.0393692408379489,-0.151904092983603,0.115664498604205,-0.108950842511847,0.057885837325962,0.38687776388231,-1.24364993389053,-0.0200687121179727,TR-LNcom
TRdc_Tven|Tven*,0.0183979012801308,-0.0945624605970581,0.0634668778638222,-0.103675542880729,0.061711595172491,0.385282917790596,-1.22689224766162,0.0081636067503133,TR-LNcom
BAmas1/2_T|Tpos-S,0.0703186534685027,-0.270077510301911,0.203807119085996,-0.168293568729053,0.0494048000535595,0.427537016397877,-1.316789559755,-0.0707548540204078,Descending
TRdl-e_Tdm|T,0.0581827403512665,-0.175400828458671,0.0588629181382083,-0.17676979905036,0.120782408864421,0.493326913100724,-1.37560678175125,0.0726141141452213,TR-LN
TRdl-c_Tdl-Tdm,0.117360399214316,-0.39837677930068,0.307490485344856,-0.306712538064143,0.118378682827166,0.618586336133009,-1.59303404395487,0.0088788989871956,TR-LN
S-PNm_AVa,0.0423436329212659,-0.183135111193855,0.114497628309887,-0.1721509592915,0.132651062379918,0.613825094688018,-1.82723389812693,0.0448616694944445,Gustatory-1
BAmas1/2_Tin|Tdm,0.0782355924877463,-0.276556002883553,0.140848597941006,-0.207038509926689,0.124235624195376,0.589651085692686,-1.69934621967206,0.0245879531146937,TR-LN
BApv_Tcen|Tcen*,0.0700392924118475,-0.242678437057364,0.124835995781084,-0.194808434188814,0.0790743126168019,0.571146917527661,-1.69024313512227,0.010748884364666,TR-LNcom
DAMv1/2_T|SM-SM*,0.219917895835336,-0.163956115043777,-0.160840767131815,-0.0565043944039073,0.273378329484363,0.362287379436947,-0.531756131316773,0.186910959042273,TR-PNcom
S-PNa_ACa,0.0851137862717819,-0.102999643446329,-0.0647094847767249,-0.0389895170314835,0.168172613411648,0.311849772718044,-0.570147315966298,0.19065535848562,Gustatory-1
BAmas1/2_T|SM,0.277949035695299,-0.355136547701965,-0.296008909183948,0.0031404123478229,0.466459378681729,0.437114298288931,-0.697853401500093,0.398945093469807,TR-PN
DILP_SM-Tdm|ncc*,0.138214477909819,-0.270823941052042,-0.228006040989516,-0.0365681421755022,0.331275735896094,0.551630210990337,-0.811331833620595,0.444584685057387,Output
BAmas1/2_T|SM-SL-SM*-SL*,0.539843641029685,-0.802552986999856,0.0673368033581613,-0.0215692875804513,0.426531624903236,0.287213123203253,-0.937845934081312,0.0553197249629841,TR-PNcom
BAmas1/2_Tdm|SM-IA-SM*-IA*,0.450995073743228,-0.33494181287,-0.389242875346027,-0.238286406355805,0.467362017462515,0.647131070993812,-1.09718387815688,0.168968318590841,TR-PNcom
TRdm_Tdor-SM,0.13338157141496,-0.333216593836998,-0.0600000584208331,-0.052822347207517,0.331243564299656,0.535919495031859,-1.29484325385366,0.345447619229376,TR-PN
DALd_Ldor|N,0.0993020923475671,-0.0948982992814067,-0.393690447657062,-0.72749394913376,-0.786647661211717,-0.528058256234469,-0.0830303452199598,0.661595304371107,Descending
MB-AL_L-V|Lven*,0.118736672931756,-0.0974201613576819,-0.412429978118311,-0.741633504733204,-0.776211581881029,-0.516321010718805,-0.0885899541527353,0.654807106266479,LAL-VMCcom
DALd_Lcv|N,0.0620621795201674,-0.0703509945468781,-0.276477461440633,-0.6041776832583,-0.857186349734208,-0.669677320033848,-0.188209891656027,0.832105594217429,Descending
CP1v_L-V,0.0891682432852361,-0.0951888991639216,-0.335334365508436,-0.650664607462069,-0.843734018595969,-0.657755660370832,-0.217631120777401,0.775665243751352,LAL-VMC
DALcm1/2v_V|L,0.0794959127869492,-0.0949105668185973,-0.321115923033294,-0.617208329648901,-0.818649911792633,-0.628632727280594,-0.205325399631675,0.744824902316503,LAL-VMC
DALd_Lcv-Vc|N,0.0302835672435892,-0.0409645788735303,-0.15903140222992,-0.350792820967969,-0.504946342062626,-0.394755714402788,-0.113280503766678,0.530035091098301,Descending
BAla3/4_S|L-Vlat,0.0598099900598906,-0.07516616865035,-0.208192209339414,-0.369930017365891,-0.512074087984983,-0.404956504311278,-0.159919357303445,0.426147970907851,LAL-VMC
DPMl1_L|N*,0.0501178991113238,-0.0745504358349804,-0.207534085770404,-0.344573000604493,-0.500676212368736,-0.318230012698411,-0.0840767452690986,0.377425794876948,Descending
DALv2/3accm_Lcv|Lcv*,0.0606284534202393,-0.0703414144003145,-0.273309496842053,-0.560720441774325,-0.659471275411256,-0.476444228852468,-0.0859518457128463,0.614551142775275,LALcom
BAmv1/2_L|V,0.0847130737118683,-0.088527554966843,-0.308905171414109,-0.563685495273851,-0.68847482751165,-0.557246927684017,-0.181385975687625,0.583355806989962,LAL-VMC
BAmv1/2_V|L,0.0799202988797389,-0.0864189723995461,-0.273471671550041,-0.508411669028922,-0.693786469378782,-0.492636053502603,-0.149775159283872,0.540154504371528,LAL-VMC
DALcl1/2v_Lld-Llv|Lld*,0.0680682788482938,-0.0751526858501495,-0.296242918993238,-0.559489031786636,-0.566254618276766,-0.346439643127234,-0.0382734761674904,0.474396887416051,LALcom
DALv2/3_Lcen|Llat,0.0717322695594485,-0.0576439677548375,-0.259921078150019,-0.51516896528917,-0.605757332170312,-0.421964190826363,-0.0993006065581745,0.5644309378142,LALlocal
DALv2/3accvm_L|S*-N*,0.0803474578371287,-0.0746458081248882,-0.299495716762798,-0.544714378291131,-0.624690009973895,-0.423772717096502,-0.0919090409779189,0.489344416226013,Descending
DPMpm1_Vl|L,0.0724851470676668,-0.0667445990831173,-0.261907219116853,-0.480337904272531,-0.587439580470675,-0.393087223610608,-0.0933418972899764,0.47818468054446,LAL-VMC
CM4_Ldor|Ldor*,0.265060950073868,-0.147075293137761,-0.659253576524723,-0.955496583633189,-0.690937632616614,-0.258879136569613,0.0555830956185731,0.1408322002335,LALcom
MB-AL_L-V|Ldor*,0.259458433067949,-0.152207201947706,-0.630567694859235,-0.875812212553793,-0.524108739540352,-0.216390715966864,0.0473576229622099,0.343264393372712,LAL-VMCcom
BAlp1-3_Vlat|L-Vm-L*-Vm-L*,0.171174209971961,-0.234189460689763,-0.590563729336267,-0.760572257160544,-0.904054434723864,-0.391458243220698,-0.119675161105048,0.287640701359007,LAL-VMCcom
BAlp1-3_V-L|L-V,0.170449328784695,-0.131372945243202,-0.445898245484262,-0.631436526493373,-0.667873341830525,-0.399913374887015,-0.106862742781298,0.264291677392792,LAL-VMC
DALcl1/2v_Llv|Llv*,0.117795608113072,-0.0971396381214354,-0.413066793600955,-0.693533518599119,-0.590497080564004,-0.359647064023681,-0.0073122062430168,0.424076175904322,LALcom
DPMpl3_Ldor|Ldor*,0.111464688037076,-0.11000452510711,-0.408971227710487,-0.650677249140891,-0.543566067032921,-0.299758697928257,0.006037101123219,0.355772671751166,LALcom
BAmd2_V-L|S,0.126570722498077,-0.118917061162625,-0.347498554264844,-0.567888288622902,-0.521539032204503,-0.329821592002729,-0.099960008259658,0.274140778808625,Descending
CM4_L-V|Lven*,0.0975382639453971,-0.08119060029114,-0.327309779336471,-0.532043573379251,-0.445470232960314,-0.236597329126362,0.0073165060726896,0.226396179675037,LAL-VMCcom
DPMpl3_V-Lven|Lven*,0.0985141441348688,-0.0850481719852078,-0.3326313672087,-0.568579658226567,-0.526866481582211,-0.282294403334577,-0.016702879658663,0.301807952053099,LAL-VMCcom
DALcl1/2v_Ldor|V*,0.0870751970719185,-0.087286256914307,-0.332917964496336,-0.550815818900458,-0.456640028169143,-0.266953724955901,0.0049549173270182,0.291849121807026,LAL-VMCcom
DALcm1/2m_L|L*-V*,0.136594641376211,-0.0591367862795567,-0.320670403930392,-0.529166412952045,-0.461306762499817,-0.284382962104958,-0.0350096268230296,0.287607847993811,LAL-VMCcom
DALv2/3_Llv|Lm-IA,0.213315557183553,-0.0643781951343238,-0.365694085428959,-0.465460855698809,-0.332884912353126,-0.206237745541449,-0.0267931280361413,0.267377295798096,LALlocal
DALcl1/2v_V-Lm|Llv*,0.103066509460179,-0.0628924700414462,-0.294324586142473,-0.481623924403704,-0.352522699222294,-0.204210635304609,0.0222216504164457,0.170489694260705,LAL-VMCcom
DPMpm1_V-IA|Vpos-Vpos*,0.125700001639942,-0.0790443225844166,-0.296431684695474,-0.444226673204318,-0.406714671773846,-0.263483605304219,-0.0296783016299312,0.0609330791542836,VMCcom
MB-AM_Vl|Lld,0.181614142326094,-0.0029987495231225,-0.228022710150165,-0.42427110976933,-0.51811823688128,-0.311867477783714,-0.0631111391339709,0.193616751059295,LAL-VMC
DPMm1_L-V-L*-V*|N*,0.0684446573957262,-0.0875592605573378,-0.266189249033791,-0.429360559982894,-0.469902523683943,-0.280170926224968,-0.0555146907048213,0.315881366921762,Descending
DALcl1/2v_L|Lld*,0.065352599504717,-0.0545047990680329,-0.235989116295924,-0.437596370973872,-0.407611840492302,-0.245786543294717,-0.0106014884063249,0.281936165134072,LALcom
DALv2/3accl_Lld|Lld*,0.0646582680320762,-0.0648588371680032,-0.242645705001154,-0.396444173626921,-0.369219004488426,-0.218911942707251,-0.0127655747460256,0.293265654830476,LALcom
BAmv1/2_Vpos,0.0981039626405685,-0.127865040993895,-0.291520960576171,-0.421595498688477,-0.621731349782934,-0.495093132325047,-0.157831906837161,0.116079198043259,VMClocal
BAlp1-3_V|Vm-L-Vm*-L*,0.184204034225628,-0.172391149877116,-0.454300498711769,-0.597083466548293,-0.669145690800146,-0.479061979666451,-0.189553452057349,0.0845452474088007,LAL-VMCcom
DPMm1_V-L|V,0.157172671186081,-0.210380824998049,-0.403383289174972,-0.542042980126044,-0.592928025948838,-0.420289125266973,-0.213921727638986,0.00418895362845,LAL-VMC
DPMpl3_VL-SM-S|V*-L*,0.20677959750145,-0.28269115041135,-0.409974701077925,-0.325404622544135,-0.512419509936036,-0.268252819262369,-0.115809321990569,0.133375038038487,
BAla3/4_T-V|Vm-Vm*-Lm*,0.180017030239864,-0.160451549678877,-0.430590731978634,-0.600548316975991,-0.428261599946033,-0.222781772015974,-0.239209252102967,0.191951785838261,TR-PNcom
MB-AL_IP-V|L*,0.126285659849952,-0.149249984459756,-0.400773462342208,-0.522928111450482,-0.532239683941921,-0.29183766937732,-0.0771594222299279,0.0809953563405302,LAL-VMCcom
BLAv1/2_VLm-IC|L,0.192143666683495,-0.297811466996857,-0.666198561277747,-0.790113241818755,-1.54707136602072,-0.488892749359968,-0.154282378856259,0.719235934159793,LAL-VMC
DALcm1/2v_Lcv|Vc,0.0798337710559202,-0.0806027583928726,-0.348010750833138,-0.750371068808007,-1.04720605328177,-0.799077508175596,-0.237012431623802,1.06485271104717,LAL-VMC
DALv2/3_Llv-Vl|Lcv,0.104939227348441,-0.110345123001554,-0.413959194907938,-0.831325739677476,-1.06340951355048,-0.815262172614568,-0.258900579325597,1.04545050683743,LALlocal
DALcl1/2v_L-IA|Lcv*,0.16644214759139,-0.147347881432489,-0.612242252393715,-1.12580631142295,-1.15784713199676,-0.741946728381508,-0.101649475035128,0.934381252491606,LALcom
DALcm1/2v_Lcd|Lcv,0.132715733302133,-0.147274945685371,-0.52845094317198,-0.994894526876176,-1.32820529482515,-0.923198078027825,-0.26094830175218,1.16828523145319,LALlocal
CM1/3_Vm-Lm|Lven*-Vven*,0.528659901348043,-0.386863047419554,-1.33900824752103,-2.04888750951773,-2.1224570441931,-1.3738028998702,-0.276711572718058,1.34389587937407,LAL-VMCcom
CM1/3_Ldor|Ldor*,0.577274161625988,-0.34000548419918,-1.45245358021979,-1.98045224837426,-1.17395777458693,-0.500573856033213,0.185323170746802,0.418428233387919,LALcom
DPMl2_IA-V-L|V*-L*,0.459844668820178,-0.297786477720153,-1.00748538539239,-1.495486474066,-1.1985925145918,-0.696406804300418,-0.0691198430007163,0.360135978021195,LAL-VMCcom
TRdm_Tv|T,0.0257659533756267,-0.100195440188031,0.0584005109837554,-0.090044321550276,0.0360951346719176,0.276303722807527,-0.863583469233817,-0.0218651215956341,TR-LN
TRmotor_Tin|mot,0.0163772574672536,-0.0594666635370467,0.0293682020649441,-0.0709364085047174,0.062677138173103,0.26503513049756,-0.794965014943114,0.0374240716631802,Output
TRmotor_Tvant|mot,0.0061625790465439,-0.0428279113674875,0.018538095417739,-0.0605248904837536,0.0454442276696207,0.271935366882747,-0.869613475644252,0.0241638629216172,Output
TRdl-e_T|Tin*,0.0240789247678471,-0.0990639873573697,0.0703831426346557,-0.0726886502178197,0.0275089027940802,0.212156325692211,-0.668896352968952,-0.0087478386744195,TR-LNcom
BAmas1/2_Tv|Tdm,0.0171303055439588,-0.0654012958485379,0.0375730396511117,-0.0680436460459819,0.045293795977734,0.212756939074891,-0.612744107783903,0.0160836904819325,TR-LN
S-PNa_AVp,0.0065733899036785,-0.0572727291132912,0.0427675606111526,-0.0548665937950795,0.0227880329689432,0.197157742368087,-0.626067669779109,-0.0060724561625752,Gustatory-1
BApv_Tv|Tv*,0.0049824925470193,-0.0351487233321872,0.0191437964858724,-0.0540655905841851,0.0329504440711498,0.219691720674238,-0.726036459534418,0.0202096705473429,TR-LNcom
TRmotor_Tvdor|mot,0.0085737536942124,-0.0543989469107171,0.0394155866041354,-0.0632500504110007,0.0349096541862447,0.217859057821546,-0.684648611834674,0.0170837625722006,Output
TRdc_T|T*,0.0085273555960165,-0.0497087900249266,0.0389459138928158,-0.0591754981326184,0.0298537479445435,0.216135639355052,-0.715844957359448,0.0131204221654103,TR-LNcom
TRdl-e_Tdm-Tdm*|Tv,0.0136613092885245,-0.0634662752787229,0.0435225726032135,-0.0642433672967804,0.0332116335531273,0.224151180776433,-0.717107088745828,-0.005964055563783,TR-LNcom
BAmas1/2_Tvlat|Tvmed,0.015552349581292,-0.0940250891291123,0.0786665030619267,-0.0932825762572934,0.0239845150196063,0.248840784362836,-0.767902933256117,-0.0092704340755196,TR-LN
Unbound_1-NA,0.0342944664985619,-0.117134546956281,0.0728240780279314,-0.0879860535741847,0.0435853976773851,0.24698510164561,-0.725357906048401,0.0067824410817636,TR-LN
BApd_T,0.0338324247301886,-0.127878062602328,0.1011150983746,-0.0744480880777624,-0.0115263308667863,0.104556127798014,-0.356380263549824,-0.0511173113797209,TR-LN
BLVp1_T|SL,0.0410760371637383,-0.144330728350714,0.0646195663018432,0.0284352437202302,-0.0595961982744621,0.0403732904065518,-0.25183564350564,-0.0965633860314203,TR-PN
DILP_SM-SM*-T|T*,0.0336410836676182,-0.0638015586188632,-0.0586823793812029,0.0001446042396014,0.0365301772809855,0.176430036721134,-0.24423948362158,0.107656236069411,DILP
TRdm_T*-SM*,0.0445555408161392,-0.0367950677693264,-0.0197995541630309,-0.0267220252534268,0.03263015647153,0.147163434301286,-0.259567114280176,0.0836525999221775,TR-PNcom
BAmas1/2_T-S|S*,0.014916481917155,-0.0417164312684588,0.0041768443321542,-0.0373809401654376,0.0236513077030225,0.0907744438468456,-0.258267837966119,0.0159728447582793,Descending
TRdc_Tv,0.0007370917096949,-0.0146662292033242,0.0106871040805134,-0.019762243724905,0.0094152516264795,0.0890125700973437,-0.297814912268264,0.0037215921624668,TR-LN
BAla3/4_T-S,0.0187874974283169,-0.0644769234478339,0.0366928067866243,-0.056533949774449,-0.0262914034427064,0.0390350475790832,-0.204300123794455,-0.034746618845781,Descending
CP1d_T-T*|N*,0.0137522137346174,-0.0426565799442842,0.0114314373284976,-0.0147969824350541,0.0162962839755053,0.0681882801574168,-0.175494696161712,0.0123695847721886,Descending
BAmas1/2_T-S,0.0050332054203117,-0.0217762283224368,0.0178958103526507,-0.0217440670382403,0.0075417711907106,0.0627284753545217,-0.190385423581372,-0.0081342502660546,Descending
S-PNa_AVa,0.004617361873039,-0.0203329255969363,0.009646236197546,-0.0153282727963796,0.0159514511008138,0.0640390953646789,-0.186664390471451,0.0065991381232702,Gustatory-1
TRdl-c_Tmed|Tmed*,0.0253986786730847,-0.108203876335459,0.0840739626389341,-0.0840542454362689,0.0271247164304353,0.184703741635946,-0.489634140791122,-0.0006767225921595,TR-LNcom
BAmas1/2_T|Tv-Tv*,0.0264997759605347,-0.0892640272484419,0.0318723857872938,-0.061933590766093,0.0414349846626398,0.180272749014215,-0.549161252753978,0.019730577887543,TR-LNcom
BApv_T|T*,0.0157749737459401,-0.061525486568187,0.0374050437169063,-0.0564860659925955,0.0362869941109805,0.182124837561904,-0.532947362531405,0.023545375304976,TR-LNcom
BAmas1/2_T|T*,0.00843618902587,-0.04850339785065,0.0395219752688294,-0.0503552528028724,0.0269296412732326,0.181252139549672,-0.569096511485767,0.0027684589195531,TR-LNcom
BApv_Tv-S,0.0014807518441814,-0.0267562608378108,0.0205472872478285,-0.0392069836886157,0.019607917303192,0.169308234459723,-0.56938985991494,0.0113632204663544,Descending
S-MNa_AVp,0.0096624405561251,-0.0496954610947579,0.0416077807651806,-0.0461098405898004,0.0168608132656566,0.121030102107495,-0.349870901049781,-0.0100299647743512,Gustatory-1
BAmas1/2_Tvlat|Tvmid,0.009892463048553,-0.0387319203605352,0.0265447828930691,-0.0361621006498276,0.0182084723575614,0.120201311829381,-0.385101332751333,-0.0050082078257614,TR-LN
S-LNa_AVp,0.0071918722255299,-0.0328920177356805,0.0232439552370684,-0.0334701275436611,0.0149669878103866,0.115230221132518,-0.375404647015212,-0.0109600681722461,Gustatory-1
BAlv_T|T*,0.0119829967583873,-0.0388432115333148,0.0220853749795532,-0.0368517590515685,0.0248774296065399,0.118032267609133,-0.358978688022641,0.0107132355160254,TR-LNcom
BAmas1/2_Tv|Tin*,0.0037600127696803,-0.0208932295078974,0.012174713800821,-0.0252344226485225,0.0182991060653483,0.118099867401876,-0.369562108096308,0.0104206756382225,TR-LNcom
BAlv_Tvmot,0.0028967588658288,-0.0222208802685594,0.0095076723573541,-0.0327873211389054,0.0243031151482346,0.130369408914562,-0.419554685853326,0.0205280535967275,Output
BAmas1/2_Tv|Tv*,0.0051352863216615,-0.0303673068183109,0.0235465426687335,-0.0393858945959858,0.0145209959335413,0.138880482308898,-0.460523093123314,0.010051875208703,TR-LNcom
TRmotor_Tvpos|mot,0.006194824796706,-0.0270629231678752,0.0128179494887926,-0.0347033893480245,0.023847219890716,0.145983523880642,-0.488843438124214,0.0118191397593756,Output
BAla3/4_T|SL,0.376329005388388,-0.239933886514793,-0.0774376954280718,0.0093915990428481,0.0880812166155054,0.171853866926744,-0.443083683014656,-0.158200222844419,TR-PN
CP1v_SM|T,0.198763749393473,-0.305448589155213,-0.270811367992668,-0.224621512498872,0.0820197060716697,0.257315822070476,-0.601064990831434,-0.103032380665476,Descending
DALcm1/2v_SM-IC|T,0.241865079865498,-0.353723849236408,-0.366854740909581,-0.175855325048279,0.006851158350277,0.273375250769204,-0.430892429187589,-0.0852852185734766,Descending
CP1d_Mv|T-T*,0.500857942740932,0.106370522220214,-0.123509439569807,-0.159142695643583,0.110124332835217,0.375514119137898,-0.493294006890636,-0.323392950541034,MBON
DAMd1_Mm*-IA*,0.45182128070478,0.134559662055441,-0.186031322246093,-0.212119559985926,-0.137624332671047,0.094208207143322,-0.0633484174965177,-0.495801416171221,MBON
S-PNp_ACp,0.0793163494234264,-0.253877319208635,0.325634280592822,-0.249251101100755,0.0065574681709634,0.222315700875458,-0.252712758001352,-0.0148823533671662,Gustatory-1
BAla1/2_A|T-S,0.196060524517923,-0.447856547399283,0.455300783035245,-0.232277163536999,-0.0527853220547432,-0.0153823787211625,-0.28829396536434,-0.105350081269008,Descending
S-MNa_ACpl,0.127699526035391,-0.376001023515155,0.453459448823153,-0.325618918698938,-0.0480507193046954,0.136672584211661,-0.233307838613999,-0.127144181897548,Gustatory-1
DPMl3/4a_SL|A-T,0.227893723881315,-0.512380615272627,0.452074562989165,-0.222149100664932,0.0767539761840028,-0.0076829631886099,0.173166075965212,-0.0083242352106207,Descending
BAmd2_Tdl|SL*,0.116523873478143,-0.275936646035283,0.240304388068744,-0.104992016424227,-0.0313561609948506,-0.11168121680598,-0.0495777375590559,-0.124504855759594,TR-PNcom
DPMl1_Tdl,0.126557021135599,-0.247117218030348,0.11015721065714,-0.149686423158866,-0.0896022220443371,-0.0663838116294924,-0.0707923343709398,-0.277061339230905,TR-LN
BAlc_Tdl,0.0853462445650913,-0.264116064938973,0.326666382038849,-0.226507045956589,-0.0252720867288613,0.0443920155713077,0.110427678272499,-0.129729565416975,TR-LN
S-AN_ThermoCool,0.0349456950451484,-0.107262862525514,0.162693451710571,-0.11270331048566,0.0253401665761732,0.0257490202288117,0.114939784028339,0.0671053422516016,Thermosensory-1
BAlc_Tdl|SLl-SLl*,0.169357145916588,-0.568376446135901,0.135999542589077,0.253996577138736,-0.251157501837585,0.152318318428483,-0.668403938162802,-0.240798766028955,TR-PNcom
BAlc_Tdm|SLl,0.0877651396758098,-0.299295298210902,0.0896252961286078,0.112417734665119,-0.147420977976702,0.0988519414147386,-0.342044721613356,-0.136720613526935,TR-PN
BLAvm_T|SL-VL*,0.10735986943351,-0.340858691753345,0.0648472013729787,0.131112748062287,-0.129924966482205,0.145013668454891,-0.390827410665847,-0.0964969233357305,TR-PNcom
BAlp1-3_T|SL,0.270696750588498,-0.752143006696947,0.222514194499172,0.216534210678565,0.0756344347773673,-0.0961851524158364,-0.636544570147257,0.0091001030787084,TR-PN
BAmas1/2_T|SM-SL,0.252034752566021,-0.576621391193153,-0.112977283803926,0.105114989798782,0.128532305351538,0.157290278565101,-0.381105635642734,-0.0406082460005812,TR-PN
CP1v_SL|SLl-T,0.298186590907611,-0.600604092536702,0.0216554970974911,0.301397983269152,0.0713297188034831,-0.112894154800786,-0.245334285695795,0.0156154695787959,Descending
BAlp1-3_V|V-L,0.0356044994150992,-0.0322663746785543,-0.0858988406734876,-0.115463759528477,-0.190981594575731,-0.14168491366537,-0.0521352291738492,0.0077333354950122,LAL-VMC
DPMm2_Vpv|S-N,0.0308040313124697,-0.0478321954815651,-0.102872875356983,-0.134430660681943,-0.199323565902831,-0.148208775029597,-0.0708085708174351,0.0475362726962277,Descending
CP2/3v_L|IP-IP*,0.0429925060575796,-0.0822497877451211,-0.139706128222795,-0.126920452922439,-0.213844094015789,-0.126605431178501,-0.0474202340864346,0.0214642385508123,IP-LALcom
DPMl2_IP|L*,0.0448815514055321,-0.0807647997442706,-0.152384037193855,-0.17124951512705,-0.212913378639276,-0.175566236522821,-0.0369036535056652,0.0146251021953173,IP-LALcom
BAmd1_L*-IA*|L*,0.0312769206705955,-0.0300684189869574,-0.116821134287731,-0.181725110308356,-0.125836911072214,-0.0455661774021045,0.0098759424972076,0.0451907951894283,IP-LALcom
CM1/3_IA|V,0.0657709030332321,-0.0170024531392997,-0.114531035615311,-0.16434164185025,-0.15786258454106,-0.079665801422228,-0.0130527021109566,-0.0423768235228863,IP-VMC
DPMpm2_IA|L,0.073872972279927,-0.0209139306780869,-0.121171449707676,-0.162572261747438,-0.180548742458224,-0.0884076457558785,-0.0159387598017427,-0.0076037904183228,IP-LAL
TRdl-a/b_T-V|S,0.0320704975946703,-0.0529802229747435,-0.0793066302374616,-0.140924436594259,-0.133625779970758,-0.077077011467934,-0.147780077687288,0.0424140296786471,Descending
BAmd1_L|V*,0.0371939741809552,-0.0284996072838981,-0.0947390107835334,-0.148126916789842,-0.138337549379479,-0.10693670842981,-0.0218253391904631,0.0621708990687823,LAL-VMCcom
BAlp1-3_V|N,0.0236852887651979,-0.0316813344562068,-0.0722704039315079,-0.102064972178555,-0.149377932783706,-0.104018000956433,-0.052353804962058,0.0278394520900749,Descending
CP2/3v_V|V*,0.023003805264988,-0.02061703505452,-0.074303372819832,-0.120024513848341,-0.133345162461341,-0.0797112775656701,-0.0117496865351233,0.0685940355612846,VMCcom
DPMpl3_V-T|N*,0.0140339624840414,-0.0253957682895671,-0.0608094567121033,-0.0924038186293192,-0.140300864496469,-0.0915083703980083,-0.0312323355067756,0.064963990363852,Descending
BAla3/4_N-S|Vm-Vm*,0.0252372363045251,-0.0634178264500416,-0.109258838372876,-0.135628543473953,-0.200651755068934,-0.107739051172541,-0.0624683261729252,0.103330638535643,
DALcm1/2v_L|L*,0.0308401575059528,-0.0209196207614781,-0.0916066214694223,-0.161981565653158,-0.1689200354715,-0.137893346554515,-0.0438129869116734,0.162372632029273,LALcom
BAmv1/2_V-S|V-L,0.0256176488556459,-0.0073585151314388,-0.0715732978669943,-0.145039016751226,-0.186005182374062,-0.138949620096977,-0.0382772078444931,0.126232072437978,LAL-VMC
DALv2/3accvm_V-L|-,0.0188311213258332,-0.021188021433678,-0.0719744198826457,-0.138936717517837,-0.179795475020922,-0.139265370219621,-0.0451047409009927,0.150388824806646,LAL-VMC
CM1/3_V-S|Vm,0.0379641316299525,-0.0710144435922336,-0.126207896103571,-0.163102306538779,-0.27908069510882,-0.167365226875528,-0.0793751645280559,0.17223871974172,VMClocal
DALv2/3accl_Lcv|Llv,0.0347457681573358,-0.0298372129828447,-0.120701592367744,-0.211169925869643,-0.224810552913689,-0.127638722505906,-0.0161932602697935,0.161333917750649,LALlocal
DALcm1/2v_L|V-V*,0.0381888102587877,-0.0389273172256952,-0.12105475713792,-0.200717938376719,-0.225872587909089,-0.169399195663517,-0.0439206398012081,0.13744827084141,LAL-VMCcom
BLAv1/2_IC|L,0.039298071153814,-0.0530093787533635,-0.0989876991886379,-0.154339735275977,-0.231422844687792,-0.169065021106837,-0.0369391875757867,0.125851333109457,IP-LAL
DPMl2_V-V*,0.0289888180526992,-0.0348406584557984,-0.105619542648374,-0.172422164238322,-0.209962341959651,-0.170106957703559,-0.0341279989989361,0.105878168517659,VMCcom
CM4-CM5*_V|N*,0.0376798859133002,-0.0513208316620426,-0.130396119130299,-0.182905987563326,-0.218197453772174,-0.104975179588028,-0.0241779299370688,0.103053827067823,Descending
DALcl1/2v_Vl|Vl*,0.0406206211383711,-0.0270169428043659,-0.133131655141937,-0.210126742222494,-0.191763107616988,-0.104862317132659,-0.0076801459478513,0.082338667873886,VMCcom
DPMpl3_V|L,0.0462660819164918,-0.0378978496860208,-0.138144208197957,-0.209120194493997,-0.184796776592361,-0.0878275161263511,0.0024779309452361,0.0663359333652166,LAL-VMC
BAmd1_L|L*,0.040787179320384,-0.0383444777354721,-0.154654760175622,-0.262200219939399,-0.214677462058656,-0.10726057834259,0.0031363818325104,0.0907785892239926,LALcom
DALv2/3accl_L|Mp*-IA*,0.0491674710525426,-0.0443270307543595,-0.183143918765602,-0.324594522808862,-0.234097029076607,-0.126611547876914,0.0091525041880942,0.0954615591568887,MBIN
DPMm2_L|S*-N*,0.0734797867888619,-0.0609294730262105,-0.196433117122831,-0.278711622001558,-0.234739592312823,-0.122468187164494,-0.0083872156896923,0.063555641743884,Descending
DPMm2_Vpd|V*-S*-N*,0.0793521740404331,-0.134735717991828,-0.243095285837036,-0.21589710345285,-0.44900255743555,-0.251916698510054,-0.102746524211066,0.0158017425960213,Descending
DPMl1_V|N,0.066858434902378,-0.110409175991214,-0.184235767630148,-0.238389011176401,-0.423406976482071,-0.291600835292865,-0.111338198142391,0.110901042956293,Descending
DPMl1_V|V-L,0.0696876668843226,-0.103457456727236,-0.226399734334328,-0.290566765178985,-0.446602078583759,-0.30880742003821,-0.106231028961051,0.114148492356878,LAL-VMC
DALcm1/2v_V-L,0.0829460103721135,-0.110981098725094,-0.214894815082132,-0.239659684931925,-0.292571628704932,-0.205341293673599,-0.134520193097492,-0.0040377586004305,LAL-VMC
DALd_Vpd|Vm-Vm*,0.0908434919818147,-0.109623266040985,-0.248302156468256,-0.24483589934403,-0.312369920600265,-0.13129527463205,-0.0549416769437547,0.0468782911386516,VMCcom
BAmv1/2_V|S,0.0576952526985189,-0.0754695310045155,-0.156571239153772,-0.241591740373214,-0.240935128897331,-0.177076099566565,-0.179209423709882,0.0750019759993232,Descending
CM1/3_V-L|V-L,0.0711019302276976,-0.0499874629065694,-0.141290671651223,-0.193970370270137,-0.254943449431268,-0.18674029410652,-0.0637741755104503,0.0034235140503267,LAL-VMC
DPMpl1/2_V|L,0.0552499918490812,-0.0416200538882434,-0.147351061818825,-0.214173491437355,-0.237519634545344,-0.202565552948025,-0.0737306063519589,0.0813789616712903,LAL-VMC
BAmv1/2_L|N,0.0457317095317972,-0.0625029824014181,-0.173231334988781,-0.279898872072065,-0.387500364563228,-0.23398512617574,-0.0694487789712504,0.231433190070559,Descending
MB-AL_V|L,0.068108228672544,-0.0502265598445273,-0.178034349562989,-0.317296540825004,-0.4228821902855,-0.290203376164809,-0.075048812655595,0.239794871836295,LAL-VMC
BAlv_V-L|V*-L*,0.056403574760642,-0.0499773770371842,-0.196467441010622,-0.33584019128408,-0.339163167232909,-0.234559078455853,-0.0481249928076443,0.259101213832655,LAL-VMCcom
DALv2/3accvl_L|S*-N*,0.0368803262596243,-0.0385271818042404,-0.149440477068945,-0.280593230920536,-0.325169909343493,-0.217738748528137,-0.0372937546991859,0.284149374272111,Descending
DALv2/3_Vl|Vc,0.0250605949872834,-0.0303998893141978,-0.125799805643585,-0.265892846581492,-0.364691506467963,-0.28671028611581,-0.0944114698877773,0.389159586146608,VMClocal
DPLal1-3_L,0.0342439211693048,-0.0378927969013378,-0.154037609223951,-0.316188106652677,-0.395174483642468,-0.282566786951764,-0.0711173708202102,0.343622820172443,LALlocal
BAlp4_V|L,0.0520060035857033,-0.0537787510607209,-0.18393993227486,-0.330293977226071,-0.427492632842501,-0.307526680665463,-0.0889353380173251,0.30510961385915,LAL-VMC
DPMl2_L|N*,0.0548149525549149,-0.0609163850084506,-0.176651173833868,-0.29606260486699,-0.396743474408353,-0.287307942662818,-0.0676534039083302,0.301243833150903,Descending
BAmd2_V-L|V*-S*,0.0147839636645382,-0.0219727428056638,-0.0837548759876394,-0.18064621076989,-0.255210944996633,-0.20817805862238,-0.0569893893922868,0.267365987746267,Descending
DALd_Vmed|N,0.0217116703071649,-0.0288981341678123,-0.099385946783205,-0.190910379500772,-0.255935895473666,-0.184432681980218,-0.0468117702662565,0.210153829981776,Descending
DALv2/3accvm_L-V|N,0.0223918947059907,-0.0280541342783466,-0.0935282011648983,-0.188632510362301,-0.235897886548151,-0.183332837156082,-0.0531319359919878,0.21408414604005,Descending
DALcm1/2v_L,0.0312930467912494,-0.0313447323349972,-0.114770315914949,-0.224362039633558,-0.274558530394202,-0.208168209906397,-0.0632991348063643,0.260647053401997,LALlocal
DALv2/3accvl_L-V|S-N,0.0287225000032492,-0.0343671613723733,-0.116353516431378,-0.231820600292682,-0.309665330022624,-0.23081901257325,-0.0738527654818274,0.269963705184274,Descending
BAla1/2_V-L|V-L*,0.03448775789898,-0.0438066567108937,-0.138803226867646,-0.248074328261365,-0.291948599604066,-0.221375864602793,-0.0520283498109757,0.213256747199916,LAL-VMCcom
DPMl3/4p_V|L,0.0262426602006716,-0.0436264686807705,-0.109482574770587,-0.199652690941474,-0.312125852562767,-0.240193031374416,-0.0805489564272125,0.21809333820829,LAL-VMC
BAlv_T-S|V-V*,0.0931300910389723,-0.0903864223505346,-0.217048389667265,-0.312455342646082,-0.292565763995296,-0.168383941222904,-0.117835177340671,0.19333153424742,TR-PNcom
BAmd2_V|S-N,0.0360320710167963,-0.0643385596571659,-0.132054118871704,-0.215975950194673,-0.323643643086482,-0.257287094152804,-0.128409954955036,0.155112227412819,Descending
CM4_L|V-V*,0.0572799525601457,-0.0600662716873526,-0.160015591031121,-0.255721225581616,-0.329025925868337,-0.264562761331481,-0.0783422559818838,0.156579591712337,LAL-VMCcom
DPMpm1_L-IA|S,0.169893323348689,-0.0886539396066649,-0.308231684351193,-0.384913431709137,-0.316917418987261,-0.16568398885365,-0.0258253743716726,-0.0970396973678349,Descending
DALcl1/2d_IA|V-V*,0.12306020239481,-0.0623942190887473,-0.213882531856513,-0.264762462861802,-0.236717808543047,-0.113192228548445,-0.0407122771732037,-0.109568584755434,IP-VMCcom
DPLal1-3_V|IA-L,0.175576937069898,-0.0124426363052747,-0.202104600458458,-0.22949302924243,-0.204258694439343,-0.0339988889223154,-0.0010937149585634,-0.24091167226756,LAL-VMC
BAmd2_V|IP-IP*,0.0964104604453071,-0.216351758775533,-0.289406355400514,-0.138199874089421,-0.3172434923219,-0.077931599165179,-0.085514575189107,-0.0088163476552218,IP-VMCcom
CM4-CM5*_V-T|N*,0.138937747705522,-0.212066401144938,-0.286570980749182,-0.191217772112002,-0.405945755919799,-0.311932432308157,-0.137339612492578,-0.0625618476302428,Descending
DPMpl3_V-IC|V*,0.0900832837805633,-0.190699346198638,-0.242536597344993,-0.153132004919067,-0.386080845745638,-0.219654283161766,-0.0945775695884551,-0.1056669469685,IP-VMCcom
BAlp4_Tdl|V,0.112370342290091,-0.210816368744957,-0.245425483316031,-0.119554809518425,-0.228952476207341,-0.212057829021872,-0.13331868141784,-0.129741405706262,TR-PN
BAmv1/2_V-S,0.157926389719755,-0.140654313934534,-0.21578674644098,-0.258068096283252,-0.326766555170187,-0.28631464691168,-0.188669096215038,-0.183751496803195,Descending
BAla3/4_V-L|Vm,0.14142072875064,-0.160033372462908,-0.221469951290857,-0.221375017832673,-0.326100000390833,-0.146419673598766,-0.150926570068923,-0.176862737235329,LAL-VMC
DALcm1/2v_V|N,0.0908485168756593,-0.138876217979445,-0.232952439143651,-0.193719719577455,-0.290873658764807,-0.203971684026284,-0.145105543879868,-0.166811930086722,Descending
BLP3/4_IC|Vm,0.17335158107378,-0.341489600402574,-0.348647953605094,-0.0694349066586038,-0.566599223967439,-0.188368699863564,-0.245694499738215,-0.156985023479364,IP-VMC
BAmd2_IA-V|Vpd,0.170616848681737,-0.166920393435995,-0.316103985885085,-0.249807415267132,-0.310885285006406,-0.18607806150506,-0.055097311771081,-0.313212933721628,VMClocal
DPMpl1/2_IC-V|V-V*-IC*,0.316405215719049,-0.230455825259544,-0.356517744856648,-0.0759401371883875,-0.357545033975583,-0.184867477163869,-0.0802546833871112,-0.31503036547692,IP-VMCcom
BAlp1-3_V,0.0592479436160094,-0.137540239738313,-0.13767320523766,-0.0136069945198077,-0.275827142256684,-0.18605000963509,-0.107513340136877,-0.226288962536115,VMClocal
DPLal1-3_IC-Vpd,0.0692452189772693,-0.129492218519886,-0.13792669015934,0.0167755059945734,-0.287364148143963,-0.142541694988521,-0.0919654358695202,-0.218141509652109,IP-VMC
DPMl2_V-IP-V*-IP*,0.0463337290279297,-0.107158086453204,-0.0986394178498806,0.0057382331160672,-0.182331500661233,-0.176819810668039,-0.078073773739099,-0.222292371927004,IP-VMCcom
DPMm1_Vpd,0.0708289401757268,-0.0727720949238611,-0.0799597164046125,-0.0224228475249138,-0.138932352797032,-0.143906390140123,-0.0699658118123447,-0.237708781520694,VMClocal
BAla3/4_V,0.0579158557244381,-0.0935517320472017,-0.161598438254158,-0.15748264258739,-0.334597318304152,-0.213039272579339,-0.0897676304996601,-0.0805550631782431,VMClocal
BLAvm_V-L|IP*-V*,0.05533590110951,-0.118261659447421,-0.122890714394662,-0.071493595726335,-0.217737974433709,-0.269311301495699,-0.082459190896248,-0.114022413109343,
BAla1/2_Tdl|V,0.0695168907150105,-0.150853054614123,-0.0249753695400908,-0.0623642178188984,-0.179924721102097,-0.172934425797126,-0.177119159869295,-0.157360618440848,TR-PN
BAla3/4_Tdl|Vpv,0.0845567145751723,-0.182008710701181,-0.0748730749639496,-0.177463805451554,-0.262026801205421,-0.18135572030092,-0.281457055671543,-0.174906845122188,TR-PN
OLP_LO|SL-VL,0.054504265478783,-0.158358259082133,0.0300704289547151,0.130098285858417,-0.154783621560234,-0.0703857564031229,-0.0142808745636523,-0.199642900765439,Visual-2PN
BAmd1_Tdl*|SL*,0.0540860369168488,-0.153807423206515,0.0002648945662423,0.0560989447041859,-0.0314335110795774,-0.144045175289217,-0.0425775464183045,-0.155421447536674,TR-PNcom
BLP3/4_IP|V,0.0404576630838315,-0.113384026915364,-0.0917908369828548,0.033200427478882,-0.166947673599368,-0.158687237916039,-0.0567953384229906,-0.130050561031635,IP-VMC
BLVa3/4_SL|IC,0.0481900840160119,-0.0955491356024066,-0.042077805127889,0.056390169105071,-0.0946310560992648,-0.136093835404756,-0.0447310659488142,-0.14110560041794,SP-IP
DPMl3/4p_V-IP|V*-IP*,0.0657653276202801,-0.111362183494597,-0.0830175908130015,0.0046342737824554,-0.0950991940834045,-0.143018162865745,-0.0486711054514861,-0.157063401944282,IP-VMCcom
DPMl1_V|VL,0.0278625890904347,-0.0957601951377595,-0.0450268923340472,0.052648047408983,-0.146860178370237,-0.0297665574265601,-0.0324814704680013,-0.0924317191735878,
DALv1_V-V*,0.0145041102714118,-0.0382923851166572,-0.0266866601640851,-0.026425343721151,-0.105157936152969,-0.0953819761107409,-0.0473133232246866,-0.0519734492026584,VMCcom
CM1/3_Vpddor|Vpdven-Vpdven*,0.0232866979248919,-0.04838273584122,-0.0629744603893988,-0.037104808822116,-0.115553885124544,-0.101510414531212,-0.0406080552503219,-0.0747917193527241,VMCcom
DPMl1_V-IP|N,0.0166913659972635,-0.0367928686716682,-0.0513736947196393,-0.0398252785340332,-0.105157506006663,-0.102215772164043,-0.0445918422571394,-0.0587627623198324,Descending
BAmv1/2_Vpd|N,0.0251447323825388,-0.0652910999568906,-0.066366045279586,-0.0150645964739157,-0.124310745164727,-0.0540825476560013,-0.0576609864522619,-0.0728375929188517,Descending
BLP3/4_L|V,0.0311602254115276,-0.0460137464040361,-0.0673553975142035,-0.0168738496375253,-0.153578094562476,-0.0965064030424142,-0.0440076816972577,-0.101719395250765,LAL-VMC
BAla3/4_S-V|Vpd-Vpd*,0.0637820785710983,-0.12138129719629,-0.165671888679366,-0.0817601109266285,-0.1516825281938,-0.0764598708851588,-0.0626706995216808,-0.107483174805782,VMCcom
DPMm1_Vpv|Vpd-Vpd*,0.0535891365219928,-0.111236657009495,-0.148765973387177,-0.0585478269038498,-0.18033777617635,-0.0783678723992795,-0.0530096361966397,-0.0904344137540176,VMCcom
BAlp4_Tdl-S|V,0.114187422534481,-0.0455584848375493,-0.0772582159483443,-0.115806676041391,-0.129887002096981,-0.100132389032001,-0.0887163585090666,-0.115930170706971,TR-PN
CM1/3_Vpd|V,0.027591977225028,-0.0499326632965869,-0.0769779858661731,-0.0696916127175639,-0.186795299849646,-0.13894282971129,-0.0516524197993087,-0.0595125168517949,VMClocal
DPMl1_Vm|Vpd*,0.0545636961489312,-0.0945590445159796,-0.0961812325518327,-0.0572418391513985,-0.136202384624403,-0.159164789142045,-0.0478468267039978,-0.102000189722078,VMCcom
BLP1/2_V|V*-IC*,0.0280195863932818,-0.0703054659211751,-0.0899651528467896,-0.049158732953805,-0.20083769857828,-0.169063937950586,-0.0790190382334628,-0.139136074572343,IP-VMCcom
BAlv_V-S,0.0427565673036237,-0.0533945400282572,-0.060245285479482,-0.0585976152008745,-0.158203282964666,-0.156622983382762,-0.0891285849434353,-0.0985511292714412,Descending
CM1/3_Tdl|IC,0.0461681099676254,-0.0691773839256061,-0.0614632666543078,-0.0243586942442798,-0.161867151317409,-0.148716971287767,-0.0758446609527941,-0.122945003134438,TR-PN
CP1v_IC-VL|L*-V*,0.239169846554048,-0.355779012369139,-0.645579718958857,-0.528348377199934,-0.764851368364535,-0.0337533580058237,-0.0332288520413104,0.0769487313977882,
CP2/3v_L-VL|IC*,0.117394344300756,-0.213943110965993,-0.322534781348317,-0.182873546581937,-0.711120014334685,0.162613639543315,0.0249706216188718,0.0222242257289813,
DPMl1_Vpos|Vant,0.204552924079553,-0.428991316338435,-0.531540753167916,-0.153694026319645,-0.231241141380195,-0.038809409418878,-0.105333747893535,0.210209968406821,VMClocal
DPMm1_SM|IP-IP*,0.181115057759435,-0.398652777418355,-0.517489991772229,-0.0490072457116572,-0.204474304839158,0.0854894637597601,-0.0215394527217836,0.0624397150025799,SP-IPcom
CM4_IC-VL-V|S*-N*,0.284341986630561,-0.533453923030192,-0.458126178480853,0.176841614755917,-0.667513194673501,-0.0231977421126425,-0.0164649019365948,-0.206547620283908,Descending
CP2/3v_IC|V-IP-V*-IP*,0.182721294788503,-0.46831868272406,-0.434205274618456,0.254992629221754,-0.463070014624285,0.147729847727158,0.0379509846865742,-0.125295434110002,IP-VMCcom
CP1d_IC-V|V*-S*,0.104899323422706,-0.275701113615015,-0.229583691549413,0.22417530326961,-0.254962477457006,0.272642850635459,0.033497120033,0.121430718424376,Descending
DALl1_IC-VL|IP-IP*,0.0940866845181771,-0.242528999021986,-0.235757042205499,0.172286528800119,-0.264268961285691,0.181174535285839,0.0713628523100216,-0.0100166844667867,
DALl1_IC-VL|V-IP-IP*,0.0824661854831058,-0.233000258067996,-0.250917643150728,0.128165569580846,-0.307003730978414,0.151951794216897,0.0278996921779744,-0.059940076181488,
TRdl-d_V|IC-V-IC*-V*,0.0960658583220745,-0.287391547501442,-0.274911592142894,0.0756090372006333,-0.406519035276541,0.268829122927258,-0.0865292057252945,0.102682086518913,IP-VMCcom
BLVp1_VL|IC-IC*,0.0532621316259523,-0.131649661793968,-0.151670175978699,0.0278380791657249,-0.48153304888639,0.224250838553601,0.033999055139031,0.0453867873275542,VLP-IPcom
BLD2-4_IC-VL|VLm,0.0416959532256635,-0.148448729919129,-0.102724063765399,0.110372419261434,-0.355903276648032,0.189732012653574,0.0082665709240049,0.003414431524473,VLP-IP
CP1v_IC|N,0.0673578868734689,-0.199231966597652,-0.160995662194656,0.151643153393602,-0.406526755977945,0.301944608235529,0.0274469127238186,0.0333773737332577,Descending
BLVa3/4_VLdor|IC,0.128344120920231,-0.286626977675959,-0.148957243145311,0.25129436927296,-0.570585906142789,0.127154385608919,-0.0407055992967596,-0.223576441264857,
BAla3/4_S-T|VL-IC,0.0593343177376529,-0.200157420228357,-0.114676519581614,0.293292774737384,-0.405588931458293,0.302961035946946,0.0760239219707733,-0.0557314904781193,TR-PN
BLVa3/4_VL|IC,0.0528776587165181,-0.189024185035325,-0.0995025916249588,0.309526736535666,-0.40306381024591,0.249519275621069,0.0831047057093662,-0.0866422919796712,VLP-IP
CP1v_IC|S-N,0.147552565893867,-0.379096494471276,-0.249956728111936,0.359066681286834,-0.362817375657865,0.219601083593275,0.0478045788761563,-0.018504919315704,Descending
BLAv1/2_VL-SL-VL*-SL*,0.0713541451544468,-0.247237866785217,-0.0635748949826566,0.333175458184642,-0.29951591804894,0.165743310384559,0.0389507622060343,-0.0129422299381376,
BLP3/4_VL|SLl,0.111408233579664,-0.333515568042545,-0.085383488040441,0.367146005872506,-0.245613920061979,0.0700486519644795,0.0363309310213737,-0.0282902989229263,
BLP3/4_SL|IC,0.0603752459338851,-0.202105900199661,-0.0847121775099779,0.233580569872542,-0.217783976347669,0.0044313164668291,0.0071159403337628,-0.102194359271319,SP-IP
DPLam_SL,0.0908658663894548,-0.29681830737378,-0.108826785837376,0.300254053506153,-0.141514748383192,-0.0385380228671728,0.0003301006353432,-0.0966308192596381,SPlocal
BLAv1/2_SLl|IC,0.0943446381608933,-0.186144439040552,-0.0689774925490819,0.15639915840501,-0.123748405776406,0.0362210694937131,-0.016689562617942,0.0090279057300461,SP-IP
DPLal1-3_SL|V,0.0750518505171807,-0.180503390779162,-0.13942733346204,0.0549482306384791,-0.145412350289646,0.0214331219028228,-0.0759087559262882,-0.0535690980812569,SP-VMC
DPLam_SL|V,0.0946721808528846,-0.214858408222219,-0.181246213113912,0.0780807842385425,-0.0793244108825632,0.0197591642485092,-0.0264435958062937,-0.0022767084093883,SP-VMC
BLP3/4_VL|SL-SL*,0.16569620048287,-0.156158841358446,-0.107557527871433,0.168328072702856,-0.137460001837316,0.217147981894306,-0.0141656945777622,-0.0080940567804455,
BAmd1_VL-SL|SL*-VL*,0.116829507957903,-0.28116753895883,-0.106299619500044,0.19487615120487,-0.213189974585726,0.129482237295261,-0.0234251449193952,-0.0664558075404089,
DALcm1/2m_SLl|SL-SL*,0.0893817875163421,-0.232249503718982,-0.104928672846966,0.156596899432836,-0.159621503067266,0.115037337779876,-0.0102044372815526,-0.0564094882913234,SPcom
BLVp2_IC|S-N,0.0314439246541784,-0.120159456571924,-0.0904258949996423,0.141387357192135,-0.275707249937548,0.247257480584175,0.0465317716568664,0.0536380608852628,Descending
BLAvm_VL|IC-IC*,0.024672471829679,-0.0806999995577016,-0.057810017001156,0.124764599211142,-0.233612844656839,0.236709980936178,0.0711663713555771,0.008577520918019,VLP-IPcom
DPMpm1_VL|N,0.0158378049160352,-0.0716281972323811,-0.0337204197454171,0.134383594154388,-0.234862676776495,0.217674134769631,0.0702770503831636,-0.0003638628983568,Descending
BLVp2_IC|S*-N*,0.0427365532539386,-0.131938061923545,-0.13152876533941,0.0851564452216077,-0.220804234485108,0.168063940340618,0.0200799998470413,0.0528954718669566,Descending
DPMl1_7-NA,0.0439061247557614,-0.122303953376603,-0.0874326736809856,0.127664816387656,-0.114480613023577,0.149682851332671,0.0361456649601647,0.0558454299634971,
BLVp1_IC|S*,0.0254313466770338,-0.0931544952070556,-0.0804916661054937,0.110302627753251,-0.179839709595133,0.18206719363377,0.0337340671046179,0.0665791117065114,Descending
DPMm1_VL|S,0.0200669734792919,-0.076200523168312,-0.0611365570702137,0.101985444252931,-0.160799256007526,0.172726579620783,0.0408682841282058,0.0559188211302645,Descending
CP1v_IC-V|N,0.0443188924229803,-0.12778591230775,-0.156380796885605,0.0097104559429171,-0.329067955228954,0.105577861724826,-0.0267180244421464,-0.0084255724134913,Descending
BLVa3/4_VLven|IC,0.025163087795334,-0.0760128037123745,-0.0744607791919498,0.0298659020313588,-0.268609036192653,0.112696347933271,-0.0016637154704022,-0.0072982660981955,VLP-IP
DALv1_VL|IP*-V*-L*,0.0422807760906347,-0.0899389267125136,-0.119416780773171,-0.0356954033429267,-0.268568792440416,0.0778128874425081,0.0011025432976958,-0.0429595225396226,
CP2/3v_Vpd|Vm-Vm*,0.0747642245543452,-0.191507945070556,-0.226195515830099,0.0289172427209035,-0.273522368741143,0.0729377901137954,-0.0280697624049349,-0.0585714438293383,VMCcom
BLP1/2_V|Vpd,0.0622191504079655,-0.151734939202012,-0.158804116793088,0.0562013248520641,-0.350209185728205,-0.0109147547121137,-0.0329351117105644,-0.139535151261463,VMClocal
BLVa1/2_IClat|ICmed-ICmed*,0.058992150628271,-0.164716155380649,-0.101977394710629,0.133905754230691,-0.324343761042444,0.0672839748189842,0.0035165906870019,-0.13166762896184,IPcom
BAmd2_SM|N-ncc,0.0445729500043083,-0.0791794950228257,-0.120688564630108,-0.0189945034916315,0.028369784020136,0.144639216323951,0.0034070560282446,0.106867406100129,Output
DAMv1/2_SM*|T*,0.0218646124285258,-0.029869758035427,-0.0348519931594204,-0.0042005322858417,0.0714198606007495,0.0665691589163789,-0.088083493486213,0.0524142136668756,Descending
DPLc4_SM|ncc,0.0232631431779219,-0.0517667383949989,-0.0568019764423596,0.0095092533757624,0.0274848500543777,0.0892541443440763,-0.0230553878207182,0.0911983944854625,Output
DALl1_IC|SM-SM*,0.0384610285316237,-0.0637318274163257,-0.0865329697644488,0.0138010518955373,0.0448868947946923,0.0488322136089421,0.0194058178307543,0.034132381182274,SP-IPcom
DPMpl1/2_SM|S*,0.0266051295407966,-0.045243345810792,-0.0722772063651444,-0.0188527154459508,0.0295717112080455,0.0798741757009491,0.0083165159779348,0.0382427247176469,Descending
DPLal1-3_SL|SMal-IA,0.119925433172563,-0.10484188715561,-0.129670466428888,-0.008946489783218,0.157131929448579,0.0005410348730225,0.0472597852230417,0.0271609400283996,SP-IP
DPLd_SL|V,0.0821550133064965,-0.103215291324223,-0.14843669214577,-0.0352708884596555,0.0372966981751649,0.0249375978242011,-0.0109150702444406,-0.0468226731523867,SP-VMC
DPMpm2_SMpos|SMant,0.063295028327101,-0.11453350109945,-0.144830745760037,-0.0107878619310595,0.0708256682924357,0.0412675232649606,0.0009842801571698,0.053985330185291,SPlocal
CP1v_IC|S,0.0169114743486131,-0.0516015364122361,-0.0581301783480931,0.0418466274411467,-0.141173970518113,0.118025130144556,0.0198129620416726,0.0277101321903525,Descending
BAla3/4_10-NA,0.0312706173521318,-0.061880653030166,-0.0733236100668609,-0.0287152880314486,-0.105122721589574,0.0105357681735202,-0.0188571973866205,0.0004452893064052,
DPMl1_IC*|N*,0.014704682330289,-0.0561389993128118,-0.0543257842595432,0.0225411672081213,-0.12861785467584,0.0456885684937763,-0.0007970422755622,0.0008835441993496,Descending
DPMm1_V-V*|N*,0.0327645836638795,-0.0697440784817367,-0.0716833313265742,0.0093027324903319,-0.113465596739356,0.0706049355560441,-0.038734236855132,0.0376435773369116,Descending
BAlp1-3_L|IC,0.0182195988716844,-0.0455867328223643,-0.069022637660972,-0.0605379455680246,-0.24129654282121,-0.0369142759189277,-0.034809095489396,0.103456688987055,IP-LAL
BAla3/4_11-NA,0.0386794402140706,-0.0695513362700513,-0.0987754724242044,-0.0701028883282577,-0.162957883049186,-0.0328285349020969,-0.025309484657185,0.0282814466772927,
DPMm1_V|S*-N*,0.0502295930046223,-0.0810642525870603,-0.144275372073597,-0.0795521529737441,-0.10538122994893,0.0308713441629032,0.0043289720806321,0.0328794697762378,Descending
BApv_V*|S*,0.0024400346293818,-0.0008564779637015,-0.0065092416727853,-0.014211408944104,-0.0145167114897452,-0.0114391970994717,-0.0046519899966088,0.018492844930228,Descending
TRdl-a/b_S|V,0.0028696196981928,-0.0004761100022671,-0.0029633295830761,-0.0041676837431166,-0.0060804690376113,-0.0050473394700124,-0.0035626848260735,-0.0065571412921918,
BAla3/4_4-NA,5.88543457867184e-05,-0.000714514859177,1.99049016411288e-06,4.25181527729933e-05,-0.0003121086492166,0.0002954624534249,-0.0033060085666447,-0.0005850185592559,
BAlv_S-S*|N*,0.0003209501063513,-0.0006639278489802,2.19239924450808e-05,-0.0005495355026731,-0.0007461945100771,0.0006942114303247,-0.0033641028536103,0.0010937233493835,Descending
BAlv_3-NA,0.0002158333933147,-0.0005792517460289,-0.0014623156679198,-0.0011039714402176,-0.0016816717424414,0.0008611577366901,0.0008824854630402,0.0016866812060799,
S-PNm_NA,0.0,0.0,0.0,0.0,0.0,0.0,0.0,0.0,Gustatory-1
S-LNad_NA,0.0,0.0,0.0,0.0,0.0,0.0,0.0,0.0,Gustatory-1
S-MNa_NA,0.0,0.0,0.0,0.0,0.0,0.0,0.0,0.0,Gustatory-1
BApv_T|S,-4.99378236147871e-05,-0.0001028262362416,-0.0001046955623706,-3.86397957479251e-05,-0.000269915538151,0.0003520000144574,-0.0016744407569152,-0.0005665326977531,Descending
S-LNa_VM,-1.19358924309341e-05,-3.56442089563213e-05,-1.30798232571637e-05,-0.000109627520067,-0.0002291731863818,0.000444917570899,-0.0013043456059832,-0.0003955491908616,Gustatory-1
DPLm2_V-SM|ncc,0.0057253045119897,-0.0124769188388977,-0.0142475048270881,0.0036267797769114,0.0180023407839477,0.0222833420734908,-0.0134521675754682,0.0277227142553438,Output
S-LNp_VM,9.87288034058181e-05,-0.0014146126161283,0.0008645270146658,-0.0011205175681361,-0.000144244438031,0.0035275836170183,-0.0130691886198536,-0.0006973676317427,Gustatory-1
S-PNp_VM,0.0027417515274578,-0.0093251301379279,0.0075701438697535,-0.0062553761521431,-0.0016227816991567,0.0040915122909596,-0.0243760606910602,-0.0057565744804081,Gustatory-1
S-PNa_VM,0.0002393955019889,-0.0022562587559867,0.0019826234273651,-0.0025070077466619,0.0003730541557358,0.0085456455202567,-0.0293457403149914,-0.0006099585387432,Gustatory-1
BApv_T-S|N,0.000185531244095,-0.0020021739409764,0.0012667390487318,-0.0025640435643798,0.001036026014228,0.0073095451195311,-0.0230361724812724,8.25383775600906e-05,Descending
S-MNp2_VM,0.0001796327396037,-0.0020362769925732,0.0015176300869201,-0.0016668091702466,-0.0001159803875542,0.0068587488048986,-0.0235632958567561,-0.0015094679008475,Gustatory-1
DALcl1/2v_IA-SM|-,0.0228308230991284,-0.008617624165151,-0.0429343932264493,-0.042016377285282,-0.0037076862317956,0.0141766256251299,0.0128693128654639,-0.0349961925326352,SP-IP
TRdl-a/b_S-V|VL*,0.0041341975340927,-0.011243508574927,-0.0059009100355917,0.0137791775776624,-0.0350721570591134,0.0193124335498148,0.0079009867028469,0.0024997194606414,
TRdm_S-S*|V-S-N,0.0119101106732161,-0.0281117393549558,-0.0380525457805647,0.0050720728947991,-0.0312617415265502,0.0462493212275669,0.0050616216397131,0.0161005312748259,Descending
BAla3/4_Tdl|IC*,0.0149052744591968,-0.0607405496739314,0.0268389013830329,-0.0004898895707752,-0.0157521914536796,0.0233125384245301,-0.132802811778458,-0.032170733842713,TR-PNcom
S-PNp_ACpl,0.0215740430574981,-0.0556415879055453,0.0537545680277303,-0.0370361398737603,-0.0172196316551794,-0.0019576382763342,-0.0626984345103886,-0.0499790230968884,Gustatory-1
TRdl-c_Tdl,0.0205602951201806,-0.0598197834469998,0.0341252147647004,-0.0259756788839484,-0.0302044827761422,-0.0069711763534443,-0.0933241142389357,-0.0566518609697945,TR-LN
BAmas1/2_T|S-N-S*-N*,0.0004318684940577,-0.0057850447200203,0.0026490904384929,-0.006711694116315,0.0028922234917521,0.0248387237267241,-0.0880964267194246,0.00413112820148,Descending
BApv_T,0.0039477838476242,-0.0121169642027254,0.0033884584127797,-0.0117227492281255,0.0051645970640727,0.0323689954059212,-0.101976582580974,-0.0001824423864963,TR-LN
DILP_T*|S*,0.0063948723149248,-0.0208140507670819,0.0188978170589965,-0.0134746535472869,0.0068516823000403,0.0367135470283345,-0.116418837498166,-0.01259254271985,Descending
TRdm_Tv|S*,0.002256074081877,-0.012785508742193,0.0074406738973462,-0.0117178827563827,0.0049729286718352,0.0399718239801258,-0.131267752366604,-0.0005014214186841,Descending
BAmd2_Vm|T*,0.0122031436947123,-0.0273257006539894,-0.0275174381557743,-0.0269958999650906,-0.0282210929546885,0.0470983894018068,-0.0718430395123873,0.0318252412511354,Descending
S-MNp2_ACpl,0.0051136528663561,-0.0234065039466363,0.0235398361896601,-0.0195794810489721,0.0002257433465642,0.0254644533251978,-0.0726858749931345,-0.0046824317075529,Gustatory-1
S-MNp_VM,0.0063963184619313,-0.023666645169967,0.0157493362756692,-0.0116698288168182,-0.0085266780537554,0.0112488177355868,-0.0713092614889061,-0.0223444875122845,Gustatory-1
TRvm_S-V|ncc*,0.0042597016571153,-0.0149684931659006,-0.0016483004968218,-0.0061273797365909,0.0083883167156498,0.0284550740566743,-0.0495978369045283,0.0213158690674902,Output
BApv_Tdl,0.0028538481462903,-0.0105140102726457,0.0084662004276604,-0.0104393881294017,0.0002195971070029,0.0146825020382602,-0.0424576366264091,-0.0047647998558288,TR-LN
S-LNad_ACpl,0.0032324799707564,-0.0155038075729789,0.0152797802387393,-0.0119883196486693,-0.0018544196445196,0.014579743120238,-0.0431816951735012,-0.0035271189389182,Gustatory-1
CP2/3v_Vpd,0.0099854056444172,-0.0273151807481624,-0.0325944959793667,-0.0047502564974516,-0.0791281573526441,-0.0322152285151007,-0.0216531570793775,-0.0443226036450734,VMClocal
CM1/3_V|N,0.0088914072026293,-0.0164835509314657,-0.0264511946915087,-0.0172791122474524,-0.0550403019323804,-0.0389899376839757,-0.0171703524898308,-0.0352619392190789,Descending
CM4_V|N,0.0081312491450868,-0.0186796067003909,-0.0258460310017645,-0.0226080818167891,-0.0686602684235235,-0.061125830460242,-0.0247806265051727,-0.0341524439286515,Descending
CM4_Vpd|Vpv,0.0144416561139936,-0.0185343854754954,-0.034633613465217,-0.0372487911904662,-0.0807808916951268,-0.0687212214001014,-0.0252493268198166,-0.0139599903744756,VMClocal
DPMpl1/2_V,0.0167246663124134,-0.0252613566796011,-0.0437014627334694,-0.0374716369366857,-0.0883474111608828,-0.0727716743823314,-0.0287499554940545,-0.0281622117866005,VMClocal
DPMl2_V-IP|S-N,0.0135930180779331,-0.0255319888230934,-0.0414101842325659,-0.0263914508401893,-0.0747086180117278,-0.0655513269988061,-0.0305961498345517,-0.0598131900042912,Descending
CM4_V|V*,0.0181051523652001,-0.0281252496665358,-0.0484118754599345,-0.0341630358697384,-0.0760325314113963,-0.0415828403877757,-0.0262148496285336,-0.0392529086114254,VMCcom
DPMm1_Vpd-Vpd*|N*,0.0172753222413491,-0.0367268251049672,-0.0567905618602777,-0.0293342137248587,-0.10277400644167,-0.0452681015637334,-0.0285392240179378,-0.0432891217612374,Descending
BAmd2_SM|S-N,0.0251144202501556,-0.044813976515776,-0.0734675988907401,-0.0550985964550923,-0.0432633159040353,-0.0108005784071121,-0.0160239090344232,0.0082938641644555,Descending
BAmas1/2_T|S,0.0134643481763615,-0.0301383122975299,-0.0235747099443655,-0.0330283582233021,-0.0341577653996856,-0.000170341223768,-0.0493089727899525,-0.010676647340053,Descending
BApv_S,0.0187148748892413,-0.0341622585751378,-0.0435095266260795,-0.0421582520978837,-0.0629239779354612,-0.0136952780062542,-0.0452018733968357,-0.0241663041886629,Descending
BAla3/4_Vpv|S,0.0093900652447656,-0.0180062284056111,-0.0355530798149978,-0.0606562278696408,-0.0853576505478639,-0.0672930484028641,-0.0324970376340299,0.0344879547733013,Descending
BAmv1/2_V|S*,0.0089580769622851,-0.0081591844857957,-0.034435804343342,-0.0614252407043528,-0.069727280103152,-0.0500762898344683,-0.0122644439134045,0.0600829213589292,Descending
BAmd2_Vpv|N,0.005714828420556,-0.0117149604050124,-0.011309141922673,-0.0155114183869333,-0.04085713960267,-0.0361915128331436,-0.0150616111504072,-0.0091221291458787,Descending
BApv_T-V,0.0071104763152337,-0.0159822622496923,-0.0233840875108003,-0.0276291031942394,-0.04848798120304,-0.0419333619569139,-0.028181350252789,-0.008655193457083,TR-PN
DALd_5-NA,0.0028366899784795,-0.0048354942302548,-0.0133228439646331,-0.0280332849092776,-0.0552565182128306,-0.0427667227161774,-0.0154997857300511,0.041188061447464,
DPMl2_V|S-N,0.0043291608446352,-0.007985302655715,-0.0175593797403242,-0.0282158803044601,-0.03828739840359,-0.0307340270112795,-0.0184570308175516,0.0224043005596732,Descending
BLVa1/2_LO,0.0121232878232905,-0.029026350916929,0.0022767105907749,0.0342689164330825,-0.0058003572513403,-0.0846551341640573,-0.0165377925767173,-0.0555286065470446,Visual-2LN
BolwigsAxon_Rh5,0.0126874527434695,-0.0283842407792466,0.0086484380063665,0.0347650329568448,0.0004553939591704,-0.111949368619798,-0.0191637259582711,-0.0871551282729426,Visual-1
BolwigsAxon_Rh6,-0.0035060902357533,-0.0128084559025401,-0.0044512825849224,0.0055583947820967,0.00639514350987,-0.0585007818163884,-0.0090951058487706,-0.0171894060593104,Visual-1
BAmd2_Tdl*|SL*,0.0189322161070618,-0.0451090952143171,-0.0291712199605615,0.026975887297723,-0.0367866391491749,-0.065069626813273,-0.0017467591061703,-0.0636491137421545,TR-PNcom
CM4_IP,0.0198486890764923,-0.0381244192659463,-0.0351694709031404,0.0078699363258099,0.0032761838631413,-0.0345549117470422,-0.0062826970302524,-0.0464869087678818,IPlocal
BApd_IC|S-N,0.0455979884470515,-0.12238705623158,-0.059074901791827,0.0975748173230375,0.0071186358687978,-0.0662474179040413,-0.0072699940649785,-0.0149132601642731,Descending
DALv1_IP|IP*,0.057174950049326,-0.115856416892013,-0.120099117098989,0.0518259254728387,0.0024986435972695,-0.101144439370473,-0.0084359407641314,-0.117782245480971,IPcom
DPLam_IP|SM-SM*,0.231874117102281,-0.301100427504539,-0.327470518617468,0.131380661911643,0.0854922224036924,-0.0529717557081924,-0.0038129882849558,-0.0768092536212424,SP-IPcom
CP1d_SL-SM|N*,0.115518126188961,-0.268277980477064,-0.190399686755884,0.164137846335133,0.0447699436629014,0.0050963827125909,0.0043240325829062,0.0570366407235511,Descending
DALl1_IC-V|SM-IP-SM*-IP*,0.136869096005355,-0.297964682235681,-0.293584171159556,0.0869740565973632,0.0095721352956456,0.0076443659790315,-0.0188675769439198,0.0154658493276637,
DPLm1_SL|SM*,0.129316520915945,-0.225964400461827,-0.177158513581852,0.122181868225958,0.263350444070373,-0.0306509798993139,0.0621054048336237,0.241084102852822,SPcom
DPLc3_SL|SLl-SM*-SLl*,0.14667364092884,-0.214922147935059,-0.0909555330003336,0.132657663369683,0.145572405671098,0.0085217747734338,-0.0207256944437454,0.13364417355918,SPcom
DPMpl1/2_SL-SMpos|S*-N*,0.101598245605215,-0.167454019105546,-0.125946671380252,0.0933998323850595,0.129411696142088,0.0078313604042889,0.0076512596737691,0.0851989517535766,Descending
DPLc1_SM|ncc,0.0527298241307271,-0.12495986066666,-0.0486470650378075,0.0920547964647424,0.0907080008971377,-0.0344160774025336,-0.0012688897888181,0.102871121915135,Output
DPLc4_SL|ncc,0.0557777976562583,-0.147322206188904,-0.108127152839716,0.103621397509707,0.136742762006402,0.012777659925161,0.011880455086012,0.180189042517161,Output
DAMv1/2_SMmed|SMant-SMant*,0.165138015872329,-0.122852670040989,-0.177882397527843,-0.0607614817212984,0.188749481244786,0.254152826045117,-0.211938787305335,0.164101106720119,SPcom
DPMpl1/2_IA|SM*,0.198052100496833,-0.224142488236102,-0.334566810052004,-0.0890433578659685,0.203972044874959,0.218701179198371,-0.0633153186980052,0.0587756835347106,SP-IPcom
DPMpm1_SM|S-N,0.115081032109698,-0.199925576668779,-0.332526830119573,-0.188023103542456,-0.0526723653365496,0.122231925457658,-0.0065731500392396,0.159890718011224,Descending
DPMpm1_SM|Vpd-Vpd*,0.107887557941912,-0.187779998052797,-0.276580689195065,-0.075079198556039,0.0136096193395182,0.109904927368216,0.0078678595073237,0.07740088865069,SP-VMCcom
DAMv1/2_SM-V|IC*,0.0752215457776275,-0.151195616033929,-0.205863815993751,-0.0169266512788446,-0.0207671506933612,0.249347980293011,0.0425992995177302,0.139638266726041,SP-IPcom
DPLl1-3_VL|SM,0.136661574321822,-0.179782356414316,-0.217141084786044,0.0752627701244346,0.0691604063030772,0.175380973281463,0.0811579377479081,0.0957174932601377,
DPMm2_SM|V*-S*-N*,0.199442598520998,-0.327703348295528,-0.470494367271008,-0.0354889667758885,-0.0559766849594766,0.550833814329644,0.0809048445658039,0.292340960712452,Descending
DPMpl1/2_SL-SMant|Vm*,0.199172382350162,-0.279641777466083,-0.394774774773831,-0.01138439664299,0.25435807791904,0.36535888617463,0.0599718384933883,0.272181323233747,SP-VMCcom
BAla3/4_SM-V|SL*-IC*,0.131322653312856,-0.288272227077882,-0.290711654448471,0.0646180556895974,0.221069860078751,0.314118685838632,-0.0533600833682214,0.358233839688135,SP-IPcom
CM4_SM|SM-Vm-SM*-Vm*,0.118572253288049,-0.21587070156384,-0.289924537905825,-0.019395013643057,0.212540956405033,0.244057589383833,0.0455811679656222,0.278357905933502,SP-VMCcom
CM1/3_IC|SM,0.334410827123263,-0.233774507468696,-0.395009037677885,-0.0703516907416086,0.269028172818157,-0.0582502882606561,0.0528611867121287,-0.185056148918367,SP-IP
DPLm2_SL|IA,0.264481601275044,-0.218350659295395,-0.340314734882703,-0.018193002342272,0.24198420954792,0.0509696290823967,0.0475953096202178,-0.141963810430079,SP-IP
CP1v_IC|V-V*,0.233858146470369,-0.186301875987138,-0.336380467607311,-0.178190557200535,-0.0795752586563328,-0.0256664372366709,-0.0514216705790539,-0.160864803464254,IP-VMCcom
DPMl3/4p_IP|IA,0.333561907848336,-0.0606643651901434,-0.270919113690653,-0.131443495212122,0.120792570754239,-0.0270789738908717,0.0272195215328603,-0.205216209897511,IPlocal
BAmd1_V*|SM*-SL*,0.118383997033282,-0.148794396388159,-0.250758191475299,-0.15230991013036,0.118011334190116,0.151263647644177,0.0271586598396121,-0.0588835121961169,SP-VMCcom
BLAv1/2_SM|IP-IP*,0.167134594237002,-0.172176420232997,-0.364764764897865,-0.221539439687731,0.080742045590165,0.13332727691046,0.0661547026417257,-0.07882684239974,SP-IPcom
BAmd1_V*-IA*|IA*-SL**,0.129555321802309,-0.0752818918234504,-0.212406341368227,-0.164468328353518,-0.0444624520113347,0.0479243139611749,0.0317016346499338,-0.216971344589517,IP-VMCcom
DAMd2/3_IA|IA-L,0.163523269446029,-0.0335733988884456,-0.240928488217408,-0.207666950985159,0.0673003347559905,0.113628545258313,0.0565911876835561,-0.144574139925355,IP-LAL
DALcl1/2d_IA|V,0.223532058085856,-0.144234393782971,-0.423443133738319,-0.405909329453655,-0.0331685049914547,-0.0368559591814143,-0.0062554727160528,-0.256209731249277,IP-VMC
DALcm1/2m_IA|L-IA-L*-IA*,0.239722331710845,-0.0400141975370235,-0.358630301070939,-0.417529558380693,-0.0837746049129752,0.0437454842014741,0.0534258286755553,-0.231004157727188,IP-LALcom
DALcm1/2m_IA|Ldor*,0.198054184551158,-0.145331309141209,-0.478158281549733,-0.543733601794334,-0.134870052204173,-0.006199973146182,0.089566847596064,-0.0005098031426302,IP-LALcom
DAMd2/3_V||IA*-L*,0.162576508162614,-0.0921110143338082,-0.346932395938756,-0.348411894012789,-0.113678464921239,0.0822612797024807,0.0761751354722385,-0.0268628507141653,LAL-VMCcom
DAMd2/3_SM|IA-V-IA*,0.320248653783576,-0.206682765612816,-0.665386525602035,-0.670426800538803,-0.0250205776032243,0.0915241594649872,0.0722207676649659,-0.0504502289051138,SP-IPcom
DPMm2_V|V*-S*,0.217726342984343,-0.250165235114429,-0.521044336312755,-0.300331264489234,0.119114850647074,0.29393666861179,0.127649541625184,-0.0486153109216152,Descending
DAMd2/3_SM|Vm-IA-Vm*-IA*,0.230797295304207,-0.21330031761198,-0.546516321438842,-0.422612814346226,0.0213909432028745,0.176419721431024,0.0528978080234698,0.175861543378702,
DPMm1_SM|V-V*,0.258670578807641,-0.337091679201496,-0.637689312355896,-0.376233831527419,0.0005081302170181,0.162535833524358,0.0156723116273259,0.148884593367669,SP-VMCcom
BLVa3/4_SL|Mac,0.610362799999059,-0.921459530841949,0.106647379261877,0.851401621923238,0.381850172794571,-1.30897531820259,0.0609230618481942,0.241240660560763,
BLVa1/2_IC-SL-Mac,0.778339657021072,-1.07477702543325,0.378185251039029,0.755384609829645,0.0729833508873338,-1.33745769500446,0.0346421336129986,-0.15238770142424,
BLVa1/2_SL-LH|SLc-SLc*,0.919943977328956,-1.1331021962712,0.194738501513069,0.865853255606299,0.239483140749417,-1.2468816280994,-0.0907617583735589,0.132882127596782,LHON
BLVa1/2_SL-SM,0.957717194002393,-1.64433377915097,-0.184608976913098,1.00184589626147,0.548504530341794,-0.684501284769439,0.0188623765708696,0.557167767226473,SPlocal
DPLp1/2_SLlat|SLmed,0.668629695945312,-1.11888152962974,0.146774367810976,0.863598653732886,0.347416147787745,-0.905270456434641,-0.0052535374819621,0.603247165267235,SPlocal
BLP1/2_SL,0.503647118761561,-0.947241042060597,-0.0560056775158268,0.91851723499361,0.189319240670898,-0.757397424166176,0.0137386170013825,0.406645304880157,SPlocal
DPLp1/2_SL,0.564392890865095,-1.07148665026786,-0.0539804626654698,0.977949702315665,0.133936493780702,-0.752532790625934,-0.0407710120689738,0.309590610922829,SPlocal
DPLc1_SL|Mac,0.252743741377348,-0.42725571054618,0.0103854671091101,0.478548117989519,0.201893312138517,-0.757793268449212,0.0781251425342612,0.0823386671058533,
BLP3/4_Mac,0.39078107235483,-0.571324273077343,0.052259902689967,0.56136343976191,0.294141973951244,-0.732933122803099,0.0671096111923968,0.352481329146981,
BLP3/4_Mac|SL,0.286319415976416,-0.552933429627351,-0.0072533539135623,0.490277687171889,0.206165902392045,-0.600305498385186,0.0200029291718369,0.132408443168699,
BLAd1-4_Mac-SL,0.299733848075639,-0.698576830525671,0.0005269791264906,0.610813355056101,0.223624589584919,-0.672900900480677,0.0445720530844663,0.258394729140731,
BLVa1/2_SLpos,0.286522846787526,-0.620312783265361,-0.0279064052017585,0.517826470014939,0.277565224062156,-0.66782667770909,0.0066430044410448,0.217317780621566,SPlocal
DPLp1/2_SLc|SLl,0.462414304290057,-0.768732667861966,0.0640756067633356,0.597473044324638,0.0942799616891554,-0.455792965821681,0.0204393010071282,0.20814969768788,SPlocal
BLAd1-4_SLpos|SLant,0.243902221893461,-0.483778997448171,0.002501005902635,0.405737294202811,0.17479091242168,-0.432193242603295,0.00579546720796,0.205713561207729,SPlocal
BLD5/6_LH|SL,0.429244290827211,-0.524574574148821,0.139347009700532,0.468522078295111,0.102707105241808,-0.556705702580135,-0.0635630910711445,0.236343074850802,LHON
BLAd1-4_SL,0.441337516936281,-0.941479914963699,-0.257925515017582,0.748702551782735,0.326546046831557,-0.262753074369836,-0.0654216996710355,0.516470058361393,SPlocal
DPLm2_SL|SM,0.236589645834829,-0.576015405714654,-0.239313252858204,0.440244287348069,0.435836689070408,-0.221635383510596,-0.0890519344262916,0.481217891509377,SPlocal
DPLc1_SL-VL|SL*-SM*,0.244257674355928,-0.559140636317902,-0.187631754916733,0.504111471763867,0.171607844621119,-0.169459730679502,0.0295578587116216,0.313581124170914,
DPLm1_SL-SM,0.265095872081617,-0.476561385655081,-0.106633834272874,0.388811942867251,0.258074824981706,-0.275023822886604,-0.0131397812256125,0.287625082955332,SPlocal
BLD2-4_SL,0.498951830458529,-1.02138208087354,-0.0909262153659725,0.901732343296928,0.0202779457510367,-0.59883632686678,-0.0494391958521687,0.125608976019923,SPlocal
DPLm2_SL,0.349128920524506,-0.878405649729459,-0.124173006060209,0.82862585751371,0.0060991890141724,-0.385994960190651,0.0656538833151509,0.27103294305704,SPlocal
DPLc3_SLl,0.504651302433393,-0.90982696412673,-0.175444408400429,0.682035361175226,-0.0175740846031143,-0.0975285582651514,-0.105490658704996,0.0790703287208258,SPlocal
DPLp1/2_IC|SL,0.370492448094919,-0.897212674502943,-0.212778058817795,0.809267500068251,-0.161076645386312,-0.330452584017569,-0.061647342644491,-0.121462730508113,SP-IP
BLAl_IC|SM,0.513605114758912,-1.23685237657478,-1.00928435427175,0.611800389397117,0.0345511901746725,0.0460812497188664,-0.0026569144833864,0.0172209453240443,SP-IP
BLVa3/4_VL-SL|SM,0.772255941458819,-1.23448621727497,-0.441424568664797,1.05958134688277,0.0208005864184969,-0.0203575177150468,0.107150494237523,0.483345364006296,
BLD1_LO|SL,0.347252403550553,-0.625094406128062,0.0699858979493776,0.55138331314664,-0.0624493360567675,-0.935506562511814,-0.112344177263935,-0.501145286742683,Visual-2PN
BLP3/4_IC|SL,0.290576455756017,-0.559324698973522,0.019242424470964,0.457950665751376,-0.0352931641232687,-0.767687000323807,-0.0490608364439289,-0.432016932715992,SP-IP
DPMpl1/2_IC-SL|SL-SL*,0.382427190840963,-0.7198563778748,-0.0829384413448186,0.482462406292757,-0.0469645251269136,-0.801520361629245,-0.0953474734480172,-0.501615341043416,SP-IPcom
BLAl_SL|IP-IP*,0.351564522071706,-0.515599765826344,-0.144453391198362,0.441909204568777,-0.0164448160546903,-0.666000938945473,-0.0859111702103386,-0.248520631227127,SP-IPcom
BLVa1/2_SL|IP-IP*,0.37197280994773,-0.528278974040214,-0.15413209934225,0.31919466100716,-0.0116240935564724,-0.562757248145945,-0.0679284953147604,-0.417984900398373,SP-IPcom
DPLam_SL|IC,0.498280385062297,-0.503779467484863,0.0550503638766711,0.350703564324147,-0.0388373962720843,-0.731047402788387,-0.149395082788773,-0.31344633256063,SP-IP
DPLp1/2_Mc|SL,0.389374839352978,-0.522141161009683,0.132579170051023,0.333686852365139,0.0764125361902072,-0.682386630289223,-0.0136988587772222,-0.202853474385567,
BAmv3_Tdl|SLpv-Mac,0.369920010815324,-0.681424035095467,0.367191962131839,0.17944780727336,0.0420669849349832,-0.724903423865839,0.0003857086315966,-0.223638947286333,TR-PN
BLD2-4_SL-LH|T-IA,0.75804869119317,-0.655341557339162,0.173607800275317,0.399109979531681,-0.146148248515707,-0.988160616296249,-0.198969703107077,-0.294078866194564,LHON
BLP1/2_SL|Mac-SL,0.557895335568968,-1.13676645985495,-0.0369526851542208,1.00516694470845,-0.109324446159507,-1.38644941020627,-0.0614674935734841,-0.722373124984431,
CM4_SLc|SL*-IC*,0.373057649493391,-0.89467502985266,-0.233518017128068,0.759413247167292,-0.390606094424461,-0.588041286014515,-0.0876684955778769,-0.705310498559289,SP-IPcom
DPMpm1_IC-SL,0.529861315608945,-0.913639524162569,-0.0957174265514129,0.749718842032719,-0.173570031058504,-0.815328910179659,-0.103634936637752,-0.324002137605608,SP-IP
CP2/3v_IC-V|SL-IC,0.476334189167975,-1.0191559990948,-0.17481086836204,0.734454104090536,-0.607522458276661,-0.904926788086694,-0.276159954766821,-1.08936828122162,
CM1/3_IC-V|V-IP-V*-IP*,0.248442832193,-0.573831906174701,-0.294918326434261,0.294908365917487,-0.444873745679313,-0.824392482589482,-0.244436161190026,-0.877027810190249,
DPMm1_SL|IC,0.536323046551507,-0.70882332664886,-0.0022583349572217,0.498355050335192,-0.309325557606714,-0.939746146230423,-0.241569601075303,-0.851470568827489,SP-IP
DPLc5p_IP|V,0.333573614354994,-0.463213502850136,-0.574593497851113,-0.355712003785446,-0.54609459615186,-0.666987296160864,-0.39376904532328,-0.534992148574208,IP-VMC
BLP3/4_LO|IC,0.36187949057376,-0.400803679963719,0.139274217374964,0.340298465319996,-0.202222044545451,-0.6284417961242,-0.110497784291474,-0.570158037354607,Visual-2PN
DPLal1-3_IC-SLl,0.293822789907571,-0.620125986198537,-0.213347924427043,0.370239453336682,-0.306069020968473,-0.311597602531907,-0.155723809269021,-0.535268225869615,SP-IP
BLAl_SL|IC,0.23141301034086,-0.484909624785053,-0.146972813959094,0.373280977684235,-0.318585695105958,-0.536053445928162,-0.183905723002624,-0.580726690655992,SP-IP
DPLal1-3_IC,0.26902203220098,-0.542309846721254,-0.0850173098434794,0.382008618962248,-0.327584736845834,-0.530229770496267,-0.148744116221631,-0.784659791372935,IPlocal
BAla1/2_Tdl|IClat,0.169442950697164,-0.350560303046024,-0.11090329059446,0.321271876143661,-0.362609811775654,-0.386365282390829,-0.179643172267122,-0.535504725783175,TR-PN
BAla1/2_Tdl|ICmed,0.207023207821283,-0.365658211025808,-0.164136450302768,0.249700274819927,-0.512663454066262,-0.232592418504277,-0.152191432286202,-0.552196490580098,TR-PN
DPMpl1/2_IC-V,0.122616074733494,-0.361281883465173,-0.240918639063894,0.117665814121483,-0.484824882930582,-0.356208809018375,-0.168591166725328,-0.479845727257957,IP-VMC
DPMl3/4p_IP|V,0.192867382191953,-0.421248399935225,-0.355305859855999,0.0821084731860521,-0.405961435742093,-0.270955313100496,-0.139595846013656,-0.335371076330611,IP-VMC
BLP3/4_IC|V-V*,0.15170079643645,-0.394067877646466,-0.22030837668631,0.229377368296678,-0.535255651640237,-0.119518335513809,-0.114801481834289,-0.374038770766883,IP-VMCcom
CP1v_IC|IC*,0.169622403570917,-0.431768737614722,-0.275261168761307,0.271731561976913,-0.444076848854835,-0.133535891466627,-0.0957515230178977,-0.252961551275309,IPcom
BLD1_V|IP-IP*,0.11401589007655,-0.233290303249484,-0.139119375508537,0.0799635609195228,-0.238731297741881,-0.402041503736441,-0.111054152968623,-0.483364762230126,IP-VMCcom
DALv1_IPlat||IPmed-IPmed*,0.18375904756043,-0.258913554704013,-0.264138631507455,-0.0784168995182627,-0.300134252096326,-0.356171108472736,-0.154737119780293,-0.539972797125136,IPcom
BAla3/4_Tdl-S|Vlat,0.139462549352378,-0.218946317777402,-0.141887798735326,-0.117378166429216,-0.286455740806462,-0.314788314170316,-0.260564193590897,-0.34193394801123,TR-PN
BAmv1/2_V-VL|Vpd,0.136360634343946,-0.267664851955869,-0.186636288754762,-0.0594808223582855,-0.542395773184272,-0.347973707676945,-0.174175011643817,-0.392277690534752,
BAla1/2_IA|SL,0.262855595260926,-0.343122254977683,-0.0462184292055582,0.0395147408017881,-0.149669151468361,-0.409854009324979,-0.0934152700904593,-0.503092903890878,SP-IP
DPLc5p_IP-V-T,0.291353194931445,-0.46762842886287,-0.0563260659779771,0.0378360164721508,-0.198255777291675,-0.4865157457837,-0.207923222042631,-0.459236608969937,
BLD2-4_SL|IC,0.328924582300305,-0.418044251410651,-0.0610478988782377,0.221420581227008,-0.224601812155749,-0.318154668306986,-0.172989453148264,-0.333580212544278,SP-IP
DPMm2_V-SL|IP-IP*,0.18360835158726,-0.386653514997994,-0.26229375183821,0.214772981373422,-0.139053210083973,-0.398014757136476,-0.0556887751425622,-0.406245740862368,
BLAl_ICven|ICdor,0.202860183564204,-0.52731635796111,-0.222636681717368,0.51029892854515,-0.442727233431454,-0.138204581380018,-0.0872202031398727,-0.356412391800465,IPlocal
BLVa3/4_SL|SLl,0.213726975486822,-0.468701493161084,-0.052822590376532,0.477141239273382,-0.282370602835547,-0.278308127054597,-0.0434813507062238,-0.299850592818403,SPlocal
DPLp1/2_SLpos|SLant,0.213799023728576,-0.612154775370653,-0.0929933882384225,0.581146054973986,-0.331202387572946,-0.185582481159245,-0.0204744768763545,-0.181838443263283,SPlocal
BLAv1/2_IC|SLl,0.395787825644893,-0.618185322269111,-0.0139267292393156,0.488743140225772,-0.215921901175986,-0.369001696099214,-0.148692035622763,-0.165063766733132,SP-IP
BLAv1/2_LH|VL-VL*,0.333876447715278,-0.43081094776379,0.0550749607166642,0.455853626907276,-0.149270769222114,-0.409475641183103,-0.0448868215382527,0.0011231714958117,LHON
BLP3/4_SLpos|SLant,0.33653455974261,-0.655915326626029,-0.0311110480312853,0.541659151198333,-0.0421773628951613,-0.327017864526911,-0.0091937316935143,0.0268849034430346,SPlocal
DPLm1_V-SMpos|SMant,0.286052336415766,-0.556035238670327,-0.339635309839352,0.289607441530692,0.0471504409352674,-0.141020664490964,-0.0077209060772448,0.0944959418033939,SP-VMC
BLD2-4_IC|SLl,0.208094474238918,-0.466482233789495,-0.117242718414647,0.352441378516409,-0.15676165429359,-0.015428900048252,-0.0399956093812477,-0.0258750170452534,SP-IP
DPLl1-3_SL|SM-IC*,0.17017536864742,-0.390273165544315,-0.0709678126353536,0.385153522370049,-0.0768054958493223,-0.195671576293466,0.017056460311068,-0.011194638120672,SP-IPcom
DPMl2_SLc|SLpv,0.162105149722784,-0.190651283800677,0.0138705156085107,0.176873889804275,0.0849892053330253,-0.288542184790092,0.0282027773040707,0.0017905436186279,SPlocal
DPMpm2_SL|IP-IP*,0.117316916218571,-0.183423652327691,-0.0568386494469509,0.172098074081858,0.0800199103071674,-0.242744826549699,-0.0098072934736832,0.0087976523592163,SP-IPcom
BAla1/2_Tdl|Mac,0.158153041211554,-0.238870405869908,0.0733743387388028,0.186831441562919,0.106739687756462,-0.508542506380078,0.0667286450740522,-0.0178734860326735,TR-PN
BAlp4_T-Mac|Mac-SL,0.200765465893636,-0.210774526722159,0.0469691474908954,0.229358962198086,0.108766201282738,-0.434492767398197,0.0460694618445923,-0.0040884307779584,TR-PN
BLD1_LO|SL-Mac,0.121128382313398,-0.262604643774202,0.0070146688616247,0.290542838075954,0.0761325975806313,-0.469857717730299,-0.0052335593046611,-0.0518773111211581,Visual-2PN
OLP_LO-SL,0.149449525176292,-0.245316094889095,0.0463419364249822,0.228971516991092,0.0234470499284169,-0.404482654491968,-0.0086063314254542,-0.12613610687923,Visual-2PN
DPLd_IC|Mp*,0.0566937677323937,-0.393922502764775,-0.29388407431145,0.171039429191251,-0.100068901639235,0.145539616634092,0.0615100501711232,-0.277259651632989,MBIN
BLVp2_IC|IA-SM-IC*-IA*,0.21188451865949,-0.245660554450011,-0.306328631651184,-0.0166630351786429,-0.0857451017809487,-0.0763689608890193,-0.0288997635283487,-0.36798614397345,SP-IPcom
DPLc5a_SM-IC|IP-IP*,0.195222263193162,-0.341537146645413,-0.284929626905892,0.122839246026552,-0.0884525566232355,-0.0738661414422186,-0.0141048903240142,-0.204946710790889,SP-IPcom
OLP_LO,0.0498424145415322,-0.122525087979079,0.0213097108692055,0.153620127149201,-0.0226113315809091,-0.319622014504462,-0.0600247019925443,-0.259137501941009,Visual-2LN
CP2/3v_V|IA,0.205171679667635,-0.108230157174395,-0.0847668003552731,0.0478849558445503,-0.141121631445096,-0.266142064741954,-0.0716348308826548,-0.303483098167444,IP-VMC
BLVp2_Vpv|IC-IC*,0.125444711246033,-0.196409987872051,-0.0746720833383431,0.141348036474987,-0.20803346923564,-0.233587311780268,-0.104637854447741,-0.394498450078342,IP-VMCcom
BAlv_IC|SL,0.0679077737879119,-0.152053456233525,-0.0625262395218839,0.0782678437892201,-0.184717654842025,-0.18325441650491,-0.109711523655487,-0.306427835768615,SP-IP
CM4_IC-SL,0.108993343038551,-0.229601470820005,-0.0899572460749955,0.11873477491137,-0.151443886904212,-0.17980077634699,-0.0802457807298778,-0.303134843825813,SP-IP
DPLc5p_IP|IC,0.114178092258497,-0.239381452724263,-0.0555757300999854,0.0852009325772534,-0.114101157992715,-0.140098257977175,-0.0934124650947609,-0.263310202054824,IPlocal
DPLc4_SLlat|SLmed-IC,0.179843060276666,-0.333726912917816,-0.0633851806278326,0.343218677417164,-0.0583084590235537,-0.380112132905504,-0.0530832442219159,-0.137559629414761,SP-IP
BAlc_IC-V|T*,0.174781862602357,-0.343427832512603,-0.146846890514902,0.103269463525663,-0.0312659463937019,-0.208809729385669,-0.0455791144931459,-0.200177279802903,Descending
BAlc_Tdl|IC,0.177496257232597,-0.376951513490491,-0.0393340103766383,0.164519808820828,-0.104350940651537,-0.254705391154411,-0.131704914153705,-0.263484792042713,TR-PN
